#face_sha256	id
0036bde2a9b9e95ce31cc85a9928130fac81aeae55d1668bffc010594e74efba	17199
00607caa57ec0975908daa89021b30fcc8738d24f37434708ae2fc314fcca9fb	31867
00ac7091942283fe5a51f64faf43379b36aa6cc8e61bb58283fb2c9a37cd3013	7371
00c2f11674f4311d81ba0cfbd7e9556dc115998c17dccdf9a4b37d6cc14aba6c	15959
00c3d78cc28a80032b18df15dccfc2311b10c287ba2a2e63953f7190bc0f6a51	12398
00d60e31a4e6b8344d4201f25a6a7dee770713107f6d097abb01559d32b17f26	8341
0127fe53c2e235cae9a74aaed7da35560dc23d8d2e3f4ccc2b8c3bab0afa5a86	31451
0139873df2bd939aca5a1b3b2490978fa357ca5c988b58855a04c1c0ceb8c1c6	29711
01956e3b1a94d7dd2776651122c8675c038ca6e1a50056e08edd59ec09cea0f3	35131
01e9e71ac1a41305aea0ba72937365c351782e61119893b05a8ade43f5b6c72a	22877
02056da2e8d12ea9fe39908de6dd6e7d6b8ccffa3247916512e18410e5861769	7496
021d449ecf8eea9ee013fd7dad67483f0926d4b4adbf5dce81c1030e54b12cd9	30300
02482c239a7d84dba86a79163a5f16204ca6dc8e2d973c60be54da41a85a2676	33373
0269b8f45458c0c2d36192764c15d1e4b26aa45d908c17be0ee1edac130fd412	27460
02aa87ac4881432b6bc0b50eaedf67b951b130f69454b79ac34ed64da66d0aeb	23318
02aff1c923fd5d8117aa2fda30abda95daa68d5cb8c42039c100a8e4279efa28	15204
02c2205a7b0eea3b7233c472b346759d250e4489c59aca684da7d4056723db45	33900
02ce216849b3bb99c901d6b39252726db70548a04415290c0a8dc68ec41c8845	28363
02f0cb1157aa003d3c0db3c90fc89058496fccbdceada5b007b5110f2dba9467	31559
039ade0efb0bf8c832bc4aed16d86167be58565639f955ba610e56729bf01646	17280
03a34ef11e6e85c97fb7a0f7599b5979b90bddfde6f7a1818c12aa7e2ec2c2b9	28083
03b4ac8edfbc5e8380f0a5f952710e25766c770d9685811db9945d2762d0e651	26470
03c2422786148de2e67926bb84fd81e24b95f648faea3e8c6aa492d71392155d	28132
03e6a8eb982de40be11cb2c0855319bc940fba35b3ac9751c54f077d493bddfc	31722
03f042353d2f385ee72c1993446e90163a595d773831999e454d1261f8cdce5a	27556
03fac1e9b45274559195b13c2e9e3fc617455d0d7bbe2fe5d0212677b3612917	23284
03feff68ba258ef73dcf6a8250201c7ebb746d4f1bc84676967e0de4e06521dc	30278
041463be31fbd2dd5a87adbfa578c0f5e2cecec4ed49adab8eeaf38f3fbfbe99	15203
04195f4c47423a2383250f3779f813220b4ab7673809cdfaf9c6ff130925d8a1	15878
0447fe78ffb9f4b1849820d3141058b28e402dfee6350955741c132e2d0f8b40	18732
0471987447a36e7e36bad01005e5ee4412d9c4b3b16fe8b3d513a9bc62d85df5	29712
04c6846e9b30b1d69c07bb5f4b5bdcd5c3fdde75ba9640067f15c5a4596b182c	28270
04fdbaf2177f671b2982ff798179dc7d54dd50c04ef8e59ce1a7b35f226b25f5	21233
0522c2be603af6aca71f9f90e97a5685ffe962ad2bba20bdb4a9bfea7274fb50	28095
053544e1065ce6d4fc25dd972f8dc7f6595cb8e4666527a8f6c202b948c60b24	27446
05816dcff51e5d1f1b0c5a179f2ea902ae468aeea4efd9ba4f75bb9039c72f8c	27518
058ab0643e667265d219bbb171f04a3e37a4e1aeac2caf72ab0f6dccc9832c07	28251
05b492288bc9b46fe63b7ae94a80e4d888c06cc0d47ac5bf3b3d0aa3f7e53bdc	23515
05e954bd9094864d36064bc3761b1a7f62205ffd3ebac573d6a92bdeda52224f	21249
062f998ccd61be5d6f1aba3b1d840132ffcb9caed6c12ba32aab9ac3506a423e	30401
064546f469b5a45da43ade51bb1d64b55ab3a3598ad7d1b41de3b89d7194fed2	27625
067aa83999e3e7dc8b53bc5f9303f6b4df33f031548c1e58b90adf639a1fd491	31947
068efd76f974bc5ae91cdf3f7c6d1e98368f9f1fdbfb1a14e11f9ba2fccddc27	23119
069ae0493b4bf4dfa471d3c9e56b5d5a3a4d75c54a934d8484013ffef41fdbf2	16164
06bbf920fdab18ddd7c241262c907ecdefd4d38e955fa2858bc4c57712cbfe68	34139
06ca092272f011607f4ecdf1abbe32149f146ce06baace48b608b530201901d5	23276
06cc21be661e4097bbe1bf0cdf182e7d0d11afb946f0c92b02efb8f4ad0b48e2	28605
06d2f8d7dd8d025158e04a4b0a60a9cb9cd69e4cc571cae8cb54280946c82c1d	32865
071c78df9eb525884c48622fbad35d3df129c8bd3acf7d42bf1852c7666aa831	22843
072cb05d020d3f2a9f12d5d7df2f32923346038f5b889d59ce147eb7b4409cf6	21270
0743db7a84dc43ba82bc79981448e2ad3772b1894e924c3a0fd4a507e6ab5977	24478
079891e0e1ffa380733a62648f9dce4c1acd4f77aff660d37150f83b346654aa	28323
07c8ca20b88fb03de91d3c405550d684304cf7c4537999f2b503a4e63efe9976	31703
07db619a749045e457252fe01bf9cf4101171c0d49c166ab1a305d0f4a160312	24486
07ed9ce757fda70cc8d8e9d822d0103d6163a2376df46ffc19cc6edb004e90d1	28332
07f09b3a28f223a45a860231d2d72e4d5adb12532786babb22e5192330fe96cd	26741
07ff68759ec1e29a54eea4c9f6987b072d0a52496db3cf5f491de6c25574217b	21541
0814e703441f88acbe271952234ed45107e6669f5e435d5507615b5256f1fa46	23051
081f4421a3564be6c2f526229efee3cd76606ae633b01a046566b70d841ac573	21068
0856f3fd30124eda8c91c9ee46482081b0cd2c28180010ba028f86ce0565c366	23364
086fd273797f37290e9d19e9ccc5b7706667419e59883c49ee5e8ca83a45f45e	12191
08c95328112ac541add06220c050624fa78572611929182a652e7a465138b3b3	21088
08da8e39a29416cd5528482dbaa233b9cefcd25c86dfdb257d694c72229af463	21104
08e226ec411292243c8601d606ebb01dd9f0e060fe01ddf2083d19de0d5f51dd	30278
092e47747382a1bfbde6ca3f1716075237e4d7308f11221f67698b537577ccdb	26876
093f5f4c08d829835361be127649c674741af16b4ceb5e3da81c115ab9f7901b	31646
09878ddf339d23d84842b3481bccd242d6c48836e4a6818572d57fee1da72a90	27653
09b8d25f6bf86bf3bfeebcaee09217182755f06069f65c2ec09408fa134fe883	17460
09ee559fd2e0e09e9b28a31b929d8cda6e3c8f1835465d14c6d5d5e31eb44cae	17434
09f22d7b87a3f17df3d2dd57bc8ea5ee16d2302ad63098f96643fa8f103440e7	22857
09f757503e2ff0043235fb6a71d37bb405ed6f8e6cbb0ce2abc15b4c4db9da13	7494
0a06f599860e0ce46417b84c966ac6a70cd00e98c8a867dc84d0799c5ddb62b1	21985
0a437ab8450d58815aa3b19d8acce647a94c1b4638a8e36474ce536f892bbf37	33848
0a56e5ab3e0c2db9206eee79a37163b324a9789f6a0750d16bf35c155cc3c509	15993
0a775f90504cf4e4ada8bc2d6c975520f997e5abf3fdf39f203e830e5554133c	31887
0aa16ba504c8527c3688992ff3504a72d57c24daf19de67a4fa44e9196fe6551	17901
0ae7b81107a5c05d5320edd57173c286a4e103975345f378a428126659942cc6	22934
0aee8d585af426e1784f3640d650ecf20688ec79254399e3cb175b94b5c46a97	26711
0b18019644ceedb2c674495f65ad012c4ed3858e9550fb9b4afe19382071c8a7	17454
0b6f7f79949eed815e7482d825e31431dc862ca556978246528cdc43a9ac2d61	24800
0b994ae03e41edad84056125d4936c26f4d741bbf735e461e369a7d9296558d6	21131
0c5135dbb85fa76954ac82068dbdb134ce4043be2ff077b8b4a3c4ea43384910	28235
0c5d59d3cfd77ccd5b3200becef58f24ce8cba827c008b6f1665bbefb213e969	13502
0c6dc295b58a323a1430187bbde9e8716ce67a14b55799ed763491c7417dff73	12272
0c78a75fb3d06c0c36c3152c51c44a288c7eda9dcd157be583a574e2bbc96eb5	21668
0c7ba158ea985758e2a6cf0d798954cde910c271fb94f560fab1ca56399efea7	26791
0ca017ec349af5952097db344baecc8a57881aab8ca7438e1f474d4f577aacfd	21594
0cbf8170c1f7292a1ebc52da8e8a8559971c0cb5441f869f79c3b1017d73e8b4	34754
0ccf34f53678f281493587751d49d7ec704cd28a263959722c799888d9d053ea	30451
0ced2aec25a2dcc42105cdab2da6e4984133e7c8d8c0078cc27bf55f75765766	15201
0d03ae7def8fc8c6d883631bcbca936f5e896b4decd3d427b399a297d32b8b94	16036
0d61fb20c23d0c24ee2c79baf52eb532b9f3a08f3a5fb1ee23e7dedd17c73af6	23342
0d71559e1112b67b0502b2d2e1fd922352a75c7df73eed02448147eb32f14550	15909
0d73ea23be66f2fc9f5d7b23a373ae146c1e7cc3d396e732948b484db01530ed	30244
0d892b479842bd5dace25cb38f35c6583a75f78dab865dd401769244e4d119ec	34065
0dafe5624485e60eb69c056ece5ca6eb23aec5101936a67a7b2c089cbcc2654f	27568
0dc3a21694a901312ec19c59dc07d918169364698ee6ea3d311110d41529d3f7	15996
0dcf3202e1d1d2336d921a59614d0d5659c5b448331fcfbce27b3b5b037b3edd	27509
0de1ffd9c86fa6eccc198257f13c521199cce71522ecc6ed752d79138fa378d2	8396
0dec0f6cf5eb8fc95f24367fe1a4515e4e661ee5fec934d6472451ae078c1353	15944
0df650df1ab6b0bec82a504c0e656084675abf78d49f2780fa8ec74256508e3d	13178
0df8a2f907317f76f9b217d05a0f2ba31769f8ab391f56b0733c2fb5aca4b63f	23163
0dfd8feb99c0951900053a0b0556faa95c0527314aecceddfdc4fe4c76a43f3d	16950
0dfde5ef454b2846ccc8dc04a87df8058956fc15830e50969dd2d59771f2d503	23310
0e0710d4158ec05f7b08797385cadbf1a30f96c7ff36574cf25dbc33438f9f9c	26686
0e24f4edd3fc69ac917a0115630d7e9d8a79966766268925ff6520d2348ef549	25656
0e580e2eb31228c81a9c0758dea255d547ba90485366e0b222d92cae992e1c14	21587
0e77e9edab26a074db4553ca0f01af6c63d327b0df997a596d230c1a4c594128	30453
0e9e32d5b4beb6b2dd7213f6a918897ca5f70c0d52e6b0f241a5a0e77f4751ed	27870
0f204aba9e341d15a33f1a165f4ffe139f193c0c4f7d6c64233eca9136b6b4fb	26714
0f6c5144d8806f90e010772c8fb42269778132713da9a1adda60a20d58f25d41	24554
0f968b7c2d8c58c1e6dcae698397e4e8a8af6f92bd42825065e3e84342dfb3b3	30572
0fae05716cbe1775a3b15994d1b484317a2a5533f49f87f96caf6fd91dcff84e	18771
0fbb1f6d1b7f08257b50a660aed96d86595e099038a871e75b77b2eb91894add	21787
0fe18ddda29cb870182114d6b67e0c8ced6e9b5bdc06933aaf7494f46797bdc6	17397
100bc12be8a868a84cdb0141744320eca44fb423aa3828ce400f7d788239d4bb	23585
100c80f627b2c6b9798f14d0f55e402e49900272155e348e63d2b0fc74fd149c	21668
106f693781ba7458c313c91d5c617ef5f488fce77d63da7fe09fe23b160a4f52	15932
1154b73ea222b6851a885c870e0bdd9397d1c3f16bb06f663141f748a8cbf3a1	23738
118cd3e464e3906e89100c7569a7ff8cf48c4b33eabe6fc0491aa3a7dfe485f6	24779
11976b330148a2369bb79c66cdecf8f94da40c845073a8182e77f329dd43b07d	12434
11a6767d5674c7e45f7e00dc525762275b3a48491ad6045427d2609cc496c516	22381
11b5c079595ef4c8c3e4c2b7ad71d5337534c53c9fac79d695c126dbd16903e1	27743
11f3b74ecb7d9a4075ab9c03c84c9351e704d1b88f422506c7118e3dd2350ff1	21624
121bbb32fc16e393bfc4d81a440e7e48695555b5481d30b5539ed9fc97a59181	22881
122a502596d2824a8c75f9e7a5aa8876a31647e17f1e4d167000ebea071bfb82	23022
123e7f6ee35f6f93dfc924e42c71e70d34d4271f6633770dc2a64bbf681667d2	33292
125e6209beb4897c3a0f5a08a436bb900d28cafcb920eb36f23787effe5deb73	21312
13089f56a5b49c7d091173d8b2a739ce6c7e2f405f1eaf516c9a89a299bf487b	21249
13166b5c2c5b5933369d65d9d73e383fd209204e7ee48c0b7a71f200b1aeafe1	22891
13298dceb21e8dea9dc052d7f06a9c421a58dfb6bbbf5b6e6e57135f24391fbc	20046
1343aef988f02fc60011cf3c3ca26110229861a969bcb389362a93f68867310e	7494
134d692e323fddd7460450aa1a3571114bc96280f38faf1f70c9ef9911796183	30713
135fd2f60ee9ed99007e30b210e52d0843250908636f6c130e7dcfedc4b67f6c	34974
1373c35872635e6c1cefed7e71da972f8731e03e297cd052d4e9e6bc4175a7ab	18718
138a03d0d0f57e85ba3805b454f4b3f5588cd4445a427685180d03d72f2d8991	24295
13d545e6566772ddd6f97d332f71645694741d8d20e768b873303709b8463744	33871
142f772374a1b665d765194168715f453cef7ef084547b4b6623586400a788cc	31434
144d128bf3079cc7dfa107cde08633e7424a8d77d18fd46c43d37d56840d0d53	17055
14911f081e2bad4282bfe8361d8a5e4b8f5eda5b2ab44495ba93f3b871efaf4d	27648
14a9437520ebc2ab28c758a44bd6d1fe2b42d99ee9a4c73307e6e655a6b530d0	21312
14ae40b75abaa8c8a666c44cb2d4e4c504ba8508e92785230dc8c0938039b57e	22381
14ed4597c4f11795861731fc9b20e57c668e81c6ce37a8c29e8241bcc2c24f62	22937
1502a943cc7844f3fe7c8330d312dbfc40f6cbb122ca17a3974bc0f7e2f5367b	29525
1502f10d1fe859e7cb61d893a1a79d3e7d200f7047a7b986c7e2bca72fb8bee2	7088
150e07d9ef5f07e6d5d8bb50be0e6892f188d08e599ddc1bc3fd5d4029b9bfdb	33949
1518cd29d056e97c09bf76387437b91a6077aa12558a18a9b2e77e8ddc52641d	22839
156c147bb0272a0dde717951462913988130d21925ac996c0105e82397860af7	19933
15eb40c82eed4178ed27c52c51102e0d9b75ef7d304a64874dd55122d15c9960	26640
1688ddc88a731b5afc659d0882f872eaa8d7fceb788133d18bc3af098c581ca6	23629
169541e5585e2059a8416a1558083ad60d71962d0d0208a6a858478bfbbda218	17023
16aff4b8888dd14e475e00fc979f91d1d86a0acd651e04b94c26179c20654027	16201
16b303ad3e0d060ac80815687e9e9980894d96c4ee6b920897e2d081599fbe36	17407
16d09d8c445971d2f2931a423f85441d84f7ff2aa7a6ee1098b0724807afdc4c	22917
16fff0fa91c60757d24a37a0b960420e049ac77218f03fbd09366f10475f8383	33902
1722fe466fde0867b4c8b0c296a27c103a72e08b2fbd29ba40d52c27f418c8f2	23287
1731b77325f1d0a49535f5994fe9438dd76a2cf3ee05e619ae663458741c5ecc	12535
1780b66629f42de336970cc643de2ccc5ec6751696f8c43981bccfff8461e55b	29751
17996f76e5d06aa9865f7a2c87d71d4cf63ef73eb5306df934521e7096916ae6	35052
17b8664ef0f68e02094ef97f1be8b288f227cc2fbe3199f75d8a2fb694ea662d	22944
1831521a3d41d473920763522c58ff9ff3b383d1861577528cac342bc5ea1560	32863
183a6b7a426696d96108432ad0df3bac5ce37c6c0d4f75f6af9debf4cb270674	28360
18429fd2f25f3dd265967913f72244e273d7272da2e20f88e7c7b54a94cff5e2	15998
187b1d23149ea0446ff03c45199c7415f48b4e6634167aabe2fe26c1e6529240	26694
18953be1f0b429da6b036a7aa33694bb316523055469d2487dafcafffc991f94	12172
18e1bf22b05cd392086c20c1b0290b270d2884be0863558135707c6a5691d580	21095
18e2053edb07734dcdb8be35b9bdd798f08a5af1712a79682ae224522b18eb1f	22893
18e3e64eacf11a49ebc2b7b3a782c3cd5cac838f7dc55ecb2877bab52ff00e2c	22838
1936468a39c320484cdf5d49db740c0af249f101dcf32bd0fbb27416743c49a5	23005
1978e9b3f4e278687c0b66724db4456d94870456e41d575aa8a0c563a91790ff	30168
199d46163a6aa0a1b1829c4134d0b786939ec13eef17b850a197a1988955b3a4	16017
19a9d82c50f0bbc3c8cfca9ebbe2059ce1b8c3aaffefbe3fb3b9a67d36c393fe	20110
19cee537594fccd4486302aee130175991222f505fa451fa65f19df958211499	25657
1a27e494411f6e8a60e0ee0da9f3caa35c0dc9f3f14346a68ace28f1c7900be2	26717
1a6d134e2fb13b964274cb21c762b91eed68057acfee70c792c32dff293a27de	26831
1a826d3078f6d2c46bc41427854201fff9fdc70c428bb080e68b4e0af582a0e2	19078
1acd05ec6ea0e6e7c5866fed5f65976b3930c6dc2e1d022021ef26274b5761d2	34924
1b2f92476752949deb60ce4aa4cd426e215d6ece18966a0da5b803d4cc2669a3	29692
1b47e184232577fe54633556b9bcbce8acdaae73167dca19359772523032dc37	28240
1b58a709c5b07a5450c41272d196f760c4f0dcd077f93bdbcc926418b7e8a0df	23515
1b75aa5c89661db8122db4e57e146dd398f5155a5b50d600debf92c6725cda24	12414
1bcc5e03f923454f795cec4fb1ab6a60a996f71ca72d68fd5bf9d95fca0a4316	27474
1c0ed12fc5bdb37951d9c779647d3327a828b1552f36b079da7de0e94f88543a	26576
1c0f1132e8fbff5cdc2aad743f1ef785840a053eb37ebbbd59aa23345199ed4e	ambiguous
1c24fe07dc2195693bc2263c4eead55e1037ef14198ae152d8771f02a6c783e6	8308
1c3ab08de1f7dbae0c88c19544bf601549cfe3511d345debd509b68eeae16a40	32044
1c8637345b31d490584f81acfca576ea87fe69086482d1400fef4dc2dc1cdf88	23307
1c88dac95839d10542be7ffd3a8fdf5be9b0d6ff1a177f79ef5741ba969af36f	28176
1cac4acad4010b422e65e9371b2b681bc78a4e164a994a15a35d94bc846db4ab	35129
1ce4d894c11cc5e7b4c38c5da25dd21e02842dfaed10a40ad50723548cb9154d	31949
1cf30cdd99cd2d9b20a6112f5d2a93f4d7c14a9bb2370a24c3b4bba20b2663a7	33482
1d12ef9030808cb20e7a6af167ad19eaaca00c16ede4eed67741ea3a8526ce66	7088
1d153657c333f6134ffca12f9e2ba58d47a18f664c92f6ab11a986c4fc541f6b	23733
1d29939e7683638ce763b16ddd0b955c8fd8aabb3d81c785b7e6c88d52595c47	15202
1d38bd522c8f1e40b7e1970993561e5c4ff3cb10e643192e10d9dbacc62f41a5	25648
1d6d8ae445879fde18720d68f66ebc8b7dbced5b5a5a0293ae28c0a137169b1f	12502
1d77b525e2da26f49f271511dde722caa9d7260af72e3678515b64bd4310a502	27548
1d84e7cfa587445246acc965c285c7aa780624b5538589e49e78f67cd95c2abe	23166
1daaa38f33cd860e9710c74ef1ebbb00af9f348ad0e991b94bba044a61ece936	7471
1db1479acd67c840d408600238d0eefd08a89ed552565f9e041bf4770e00b051	33912
1de4e5cf1a7a0341bd7693a2dc9e93602810317abadce97dd525e36bb3c842b6	23364
1de7779d6f5a234e877d24e0249a881691e9ad1f198495a3e66ed57c404370c4	7248
1e5ee56a21760fe46ed4c6011ac6f51d706022f51b4a5cbf75388d0273404e53	28264
1e81f60019e53c977503bb12225b1a60928bbffc8a76177a8d1b87e47796790d	12251
1e8c8ac5f838d08e3dab639555514cd654aa520b09c48fbddfee855946db6e66	12489
1e8e8a5dcc6136263e00b1f3d4ea9b5a9ccb0446e5474de582e3441a28af772b	26697
1ebd63bbf810cc001f477be12c610c4ffd57ec1c1f851e8b1eff41c9ddb4ad11	34974
1ef00b74e6fd67e650139fb073cd0a5750b022bbd24dc77b73e1ddf0368ae14d	27760
1ef142c8213e887dc6812fe3147cfeada300cc161799af8d62bf1e165b1a4a6c	17047
1f45f02561f41db9483cfc00675900237967b8e382b9750d33f677812fe70842	16934
1f86a9358a361a7db0fa3db880e7872b40aa691ad9ec532084ab9495d4107beb	12209
1f96bd45b3217f8594b8d90d5611765ebd3d2141c96e2a7911f33b46aef85a42	21156
1fb24dd1913220d9c22e5e094da9b74b4ff8cabb24f2fcccc3ff85fe52d151f5	35128
1fd418764989e43e0b462a96c48afb674d052f09ef99fd815cde0916a2683179	23629
1ff8ce8a17c236ad1df5674d639f1036399b8ea3dda292ccc8352a34c0f12fcc	16176
2022ed1e0e0fcc4e33421de05e50e36497d62cacfe377f9ea4e672a71b8e5651	21956
202ffc222e2810b77a28a94783313415a0671413dabcce0feb66ed883dd7e882	33881
2045207f073a67e665781c08c94ae1ae264f8ddd58f1eea12bba989e38f855bf	21239
2045c885bf79a235f56bacad179d6ee2a0b034af353eddbc45ac010dd2f37608	19925
2051b80c258bb9e5fa42ad52bfdc552f902233165d4cb2c5fe8c0348da7260a5	30305
208c1cd208c4b73c99a8eebc005a22e4f5a3fde041bbc02097d504c82227a5fa	26704
20c1390362f83c05cfe8491ed7b9b71dc280807635d986c741297347fc407964	27473
20d5e95ccb0ee1bbec6a613305ee806b3465cff42907e692ad6983910daa8016	21796
210ab53f45e55ee01433dc0b494e01652570929ef081b6b6f51d9ae3935f552d	17054
2118e251bbaeec35388146a1cccb431188319299ece255c22cd37b47c2f1bded	23773
214e6422f09ac78367d4b82ac8b5062b8febbe0d7b09e970f20e7ed42b62eb9c	29519
2172524546e28d281d9f48b51b128c62d8ac5b719336d55b81e78cfcec1310cf	27648
217f7c0a41016f926c8cf894a885895aea4deeb9f64f05e2f322b33c70db3b3a	21993
219a46c118c479a665a9a962c9665f54c73a9538d685b0a95825a5a00d3ef0df	12399
21b6a798321a49f75b9c3827fa3cfdb7efe2c4e05c3d13aefe1c825b9774a158	8394
21e115d008d54eaf4b5582d789ce310f5eab02666ef87b1056a06d41f7c9a7e5	19971
21ec844f9e023713d14857a9e016e715b978e748b8ff221aacabb918dd255b10	26749
21faecbda696802190b3291b1ba7b85db218be84f8443ecdfd822204a38b4271	7234
22312aaec03d9a3faaa1384fce981f2aaf91c6054733fc571a2a256d35396ded	26591
2259d5512fcf9e114bf5d2f680db2ab236b7718c40991a366428deb2373493ca	26706
22611ceccd0b4d14703ccd4eaab3208ffc03d2c80d38655023b622e50d0466fe	8308
229781a17fc52c3829625c498ea9d660523a7fc382d539720124fd2ee1ebca8e	26091
22b4cdd2a80db6672667af93f66e6da35dab320c0ded034dad8d34d59490215e	23522
22be54613241d662880d2c35273b562d157999cfc9a9d5872e2e89e8a4cbd81b	16259
22c18edcb0f22b1e62293023890319847c08393842eaa18c3d05581479a157f1	34007
2304223a51be6d9071ac58eaf0e09bc92c908d5129fdfb42fe0c28ff789ff53e	34100
2307a44a959a51530f7febe69f688ed60da936b16a03afcaafe0b33376525f9c	28555
2335ea3eee82ce8ff6f88df2ea67a7955a416a37cda59f900773d32c1788b54e	23129
23a727d15277bd12b96543f5899b973196e6ea3e6a7f082ea851ece07c7d642b	25661
23bf70cba705785736e5560b5c04954191e712fdbeed1d79a697f07c1268658b	30453
243e42cac2db6d4c720dcac8342e4f90c828dac52e9185161ef4b5fcc833fdce	25662
244c51b4a9765077c5eb24fdd6e6e68cfb061cc4bb767d70405fc4b1981d2193	30469
249a925f61dc6cdb79ae8464b5003cfbe34b53e097421a9c2946c450349ec43e	27574
24a4b12874c88bcdaec1ba08215a441605b7716a2e6579b0ccdacb127d5903a9	22994
24c78860bc56a6d8e89bca7bdd68b9b3edf031f774b428047059743ce350ba16	20239
24ecca5096ee98b288db28a2547c8d86a8b43435d8057decb90a669df16ffca7	17003
2511d54317987faf5965b66a2f2f4c6c2e01cefde130371f525e2773159cdfb9	18981
251c5ac3d3d381e2bc4ce3a5d59c825c99a09652e25f6c75cef428d03147dcb2	21156
2530843d6a6db3de912935bea5fbb6dc09f539c90c7cffcfe32259f43367f329	15959
2538644866931e0173ef279348da227ead950ebce0c71ddd3620fd94e821e9e6	34007
2539df0e1faebab40ec1db433b361bcc4f9764dbdb3719a63ea4781785078919	35023
2582546764f7f6f3d4805387331f57c37743fc857711e22311242c449e1d24f3	29678
2592fe1d463172b426ea3e8b75d3ace0f8446e793af9f87e77a5a9a8f7736b9b	19906
25a44716d399d57ea89f495ee2ab28e63326f9389d7903d3a5d0571b14826da2	23510
25fe6104d78cafd9bf1ac504fa586a610e4b4fd053077879a6c9723035318eb0	24289
25ff716b110628b19b94e73dedf6d74c03559e6225f99444a6e470e91b7fc471	18773
26247234b0140dc996bd5dd62cbc2a69a144ade7c7a0be3edc1d61865d70c1d7	33961
2631349bff4daf19b287ab6001f42bd858f85fd7869e9731bd12cc19893e6a3a	17281
2640f2c629ab7fef4429ad495d962eaf187a79d45a84f0b4dcc5f00a44ae19cd	12493
26601b4e6674113ffd66c0d775d887321f500cca90ac966e6060e3b96d3f0925	26090
2673dc89fba198d75d1ef95d2af0476534cfc6106cbb36a4cc0180c7723a8118	27603
268542ddc1b6a5634a6a7681d1ff236407a0a45ee7b5b412852a53e1b1e696f6	32814
26dcbdefece4c60fc312aaea0d00d8c97a79ab006561dd4588106184816fd5a9	29692
271fc537b2c7c840370df07596bd9c3932ec2a00ccdb67680d5c7b90683e7a3d	23054
277d40ebe1837cc16d6d8cae04fe774395f7220aad72b36a373f8f89ec3af9cd	25659
2784f74abcb37f48c921c4411af024297f3992a6a178d5765ba38108f2330125	31902
27ac43fb1ff8c9d8de6ec06617de73fcd18c724dfecbabf103ca9fb29135fe95	19865
27e0b1e6726fc1e49aeeedddf402c35d1f7198145b880cfd5ce572d5163a066f	30394
27fa08a776f3ff7becaedbeba01f85a63da30c3440afdd45433e07439a3f27f6	23232
282a2bb9fb5add27423e2b85cbf9b857a359eaf64c53ea89e9fcc1dd42a56692	26689
28362823299c0020f622f1cdef24bfe8627cf0a5b90991627f39c06c0d42dfea	28234
286b1c379ecabe5cb28e0ee95ce9ed3da7ae7731d3557489d0e9d911c979614f	22941
286b5d3b7d373a53b2166d053ccbc5a5a1f3c713de64e9368e83eea0a93e5d35	7507
2894403403a325f827387ab263d0a69cea65d0e1ac4f295f21658fe49b9e29a4	33423
28a66078a4d94ed835ad074af67037ec16b5e801c11d01e60200f416dc4be661	26715
28de0533a8c4b5f9390fd9acbca8640e161ae45cbca9ab6d3edbe45315c4cea0	26749
28ed1805a77a43b688a97ad922e2b539917864c4b64bd6c1a4447d25c0f4a712	12337
28f052efe62cc3245f2f291392bf8b4ef6fe9f9aa5dfb30fe79293a1cef544e3	27445
290dcf7cf89f1ff0ef68e1454eef5c8e678dc46def8836f086080df8fae4afee	15201
292210a06708e91998ab66e1b321f19f260cc9c2626db4b9b4b2a6e9103d9831	23878
2943ff567f58e352aedebb4d57371953a3a933cf16eecb78adfd2eb62ba2412b	21336
29bc897729298026d90ba1d7253f524e5abaf547ace15ad43fb7e329f702a038	27721
29cebd74ae336d0c2d59f0e05e46698ba93fb56adce59f873b02ff88759dc04d	22934
29f981f0bfccd4c143885f79bce354133b9968ea00f169fa48ed8cfc40181f8a	30641
2a1a6355ed7e30b0eea3a7967a31e9c42f6afa817fbf6555df3befdf05ae38e0	5074
2a25153aa3a21bc7380a42715b1dbd3135bde027e6aa82c9b20c80529014f013	23001
2a41f14c85e9873658b9eef7556d5f9d0def6e7926d8665913c469c24b829238	22841
2a4bb6fc59e6f062b5df4711f07de95dd4e0b56f695ef6dc4a96f87d2939e44f	25662
2a53384c446f9f97600188a0074f0afa73f7cef4c40cba62930780553c0577f0	28083
2a77859f246f405ee7b5b2d1ae2ecec66fbeef3102af15f64868e5913019f0ff	23070
2ab1cb10a0121439c9153cecd001301bdc306a2bc8672906f9890b232890dea7	26684
2ac99892a9ba4ec5b7e7d06426f74c0fab3045f6f56cb33f53e7e9b30438213c	24523
2adf3052d299526af09fcc996c58136e4210e7147cd4d9dfd1a08d2abd7e8aad	19849
2b0f729a1de86eefc135bd236978359ca93a5892115ec827ce0784074c99bb45	21986
2b1e6fbaf526dcbfec06dc25659f7191dc24fd945668903fc2656a43288bbe6b	13552
2b721329b39483ee160bc70f674475942c292832d6dda92cf5d5b2f8656203b4	30451
2ba4ed212c777250f101057310b6fac1f0aa81da9c712b30847bff0ae34d3664	8874
2be8eea232fd3ab2fb003e77e8d82058c9d06bcdc10d5c6d3c80dd5ce4000724	26716
2beaf0ee6e8f71fc3211b4a8a4e59afde0f3e2a6820cbb97b2a7c43cd42cb165	29702
2bfec7167ef2ae07bf8d503478691d38e3900a706150c022736af84d3588e39a	23261
2c3dd28ac02add0cf2c0b5efb96b7f8e960fbe688bbfe191be90446528acb074	22977
2c6c4f52812274f6307f21d4f94bfd68259b8e574d61d59eaf272dd57f02b737	23117
2ca3c5fd5f5cd9d86f0da4798e74b2a4bdab385144ee3f942ec41eab2013a894	31703
2cb55b521ef26b7d645d980c366b5f86f94d1dd52e83a23285fdbf21ca6d6f5f	32506
2cccfdaf394a4d276f71b92ddd218205931e6ec2ff51e4958d591150f5a0fb22	17422
2ccd68dc04fbf2c8fe8034497f98b90e1182059ebdc3a64b563fab72517173c2	12171
2cd6d29009a25a39309d28d0b9ef85f87f8421d106704436659eaa519ad466af	33869
2ce7185779d6fc12caa18c5c46784ff19a8503c91c11e9062b65b63fcef79848	33292
2cfc1156cd9417dcd830d09095c18d40e0d43dcb54db3ae50956c231365e2145	26640
2d16a5edd5e6a248682d5c659536f30eac2a0ded345983335dc6a34ffdf43ed3	30650
2d23685c63533464c975a6ac38b9dcce77598eaaeaf746d94d173371cffe4706	29711
2d61b03895aa1946b20179ac5e7685090d7f08074f438a8aea86df3173026bd6	33949
2d6e53b0ee49d0f32668cd3a5cd7f6dcb37d99d11596b72a866bee713eea523f	7194
2d7168407e26303544481e4d265b3ceb6d2b7f8ab97d0cfac67f313f4b100c3f	17281
2da448d0e84204c3355091b9cafc95f2da6a58a66f7c980486c665cecace8e74	15860
2dd55de091fa5811cf1d0dd233787b0403da0ac316607763345a62ba00e20cea	21935
2de11a3f5254f5544bd2411b7259b255aa5192daaa5c2c235490d47bea2e882f	21180
2de251e0c4e8f8190c239e46c29c60336b48cc6cd014297c11cdc92f6addc464	4810
2e059a5e3280d655c8a902544cc0bd388e58e875fb7a1b9ed5851a85f8ba479f	7194
2e363d7a88670368b2bb75863b223c41e18bbc078a31072169895a6727d23e37	22904
2e4568bec31bfcdde1b0d7ff1ee4527ee195e0984e950fc60352e377df5f4e64	27790
2e46615cbe2819b9168c0261a0f0f9218ee4f9e746f59f2701d19c7fe8b03eff	35052
2e46fd2f65979f97ecc896a32cae2dfac46c27d2247b65010876ab903dd35817	32114
2e517c7fff757688954d181e06430fb5f4b0ddfe83fe2d234d2317afab831666	23209
2e7b6db6c0e6c0da313a881c5b077f936f6a726102f0673d0f50643b1b6ad07c	33373
2e9b5a0c4e6aeb0891cc2c8e346bf9d556bd5590327441bfda28fdf36ff4db43	17037
2ec2e8fe0718653d8f1b6435cfb012e08190d7563321cdee6cf13a92027382cb	21956
2ecf3cec098e0f1b9365217125684e9042633a9a17c2b37faaa3847e99880849	27684
2ee3543b2e9f97a40595f5ed8439f20985148fca0e23ed10f38a20d158309e34	31576
2eee584eb16085f7b473bcc71492801f4511aacefab9b61e3ba1ee17185a9462	27789
2ef0dd588360532a34efe61fad9a12e3f90c319cf5c14ad3be732437fc147f9d	12251
2f54e5e4555fcf4ccaca4c82e5c65b4e968eecccabdc9feddc5a57fbac8ea891	22967
2fa5e826458026a5017139aab30816614bbdbd3334827e8583998d29a37fe55f	29708
300bd62500e606c95918b281e3cef5293772de8c781e951d0b7a49f5723d1a89	16015
30177c7fffb249f797a2bb01668cead65b5e8f6520226126fada793589eae156	34102
3028a4af52c2980a3c74ac1dc93014ae031fe4e534b3fc25b624d4fa11b749e2	21310
3032763b0e678458e373c225c5319c2b7f6a6abd4fac0b7add3d82394abd3705	13421
303f947300b9ca95ded11a47da9ab7ff0a6f9b1fc928ee28f28db6193eb8fcdd	26826
30520dc3fca6cd36aef4851bca682806319686e76325a9cb01af351177b20e62	30522
3068968a091a65309b3ddef5e9e21f46bb2ef27090641ee1412111c4454c56e4	32865
308f970430c95313bcc4e936ac7486027f22b949036477bd93bccffa3ddf79e3	19856
30a6101e05c9f6fb6e5c45e77552d0b0573e0066b76b9365a2090f42f65b2078	20017
30c59d317313a420413cf6225a8b4990c21c28a728b455d5308597ebe029bf0e	16941
30ed2ee1c5c02f1081060e26c96cdfc0047d7ec1ab2469469e4b904c6e480ab9	33832
315cc6ab0d5b66333c9fa54175afbbb175fceb236f0ced87bdeef644643e8653	7502
316b37cce8fe381e381de553129f5c15d2cbe27fe6d6e3a1bd672684e4d8cf7e	15953
317112372d263251a542b0e8622f3f6368df5053574825a7d20ac8e6d9a433b2	33423
31a2c72788a5c401aa86d2afb89167a8eef26d6f2d91520c6f84b1b2a67ff629	28073
31c90090b718e8efec1a27b95417045f7443e3fb1202dd09ee3a83df8533c043	24799
31db8510082f40400e087cbc5d92c95631da0ef4af71dbe6a89561eb345cf10b	23773
31ee1fa4c14b0544ceefdee6bd4174d5786e5d11d95f833ba20259914a2b6e18	23607
3250cce0d25d60d5034a14633f0f6c1767134d742d65f187f802ace2f88b8a55	32534
328c0b253bfa8b5f02f812895231b9076286a3d35f60faf18368a7d5b76411dc	21949
32e29f91ca678104810797fa6c82c23adc9c25189613fc256295d6798d348312	20086
32ffcd4c805594f365bc45060911214e6f8536ebf4c6ea754bb990d3cfaccf6b	22888
3309250560c8c85ff3bb350a4622d023a8467537ce68b8a5e6f5e943670f2980	22876
334a6b21dcacc1a2f9ac2dac4112cadebff95326edde93384c987c576ea97893	23234
335935f2a4b883c063e5882ea92dabbff3c8133b22b1d51652be756c3eacf005	23596
33601f285d766ecca7a8bd4b237b1d8e94083cd0fda9dfdabc2cb41d29d24bc9	16297
33b6b99b2cb0833869e12f0e688b5e1c9c310267db58ee78ec48015a06bcb049	23070
3457b1617fe56912104fc55806c28dfca8a70a42ac40e6569982a79a71141365	17206
3497d3b4e50ae225bcad231bbd59597690bbd0d09e1d7c08ba55d99cbd91b22b	26700
34ab7878c58b920a1c441ff1c53e9c0490b081930cb5bbcc5ea8a2f232bcc4da	23232
34ac07c6e739ca49c07215589f70224718bc507d8386954092649d5531d60bed	21567
34be0a4381e5e877cd1d415c98c64bf93c25a90ce3f26f6d6a3fe238ac51946b	20086
34c91c136114dbf9ca1371f0b0c5183445697425078d210807e905473bc28ab0	23060
34e28b7d072c097e5543fc7c826764953fbab61a902985364f80a80b3fd11446	33946
3512a9e23d83de2ee432444f1f7d266d1bda7189e91e319be14720a9bd9b4a44	34993
35236b2b0b4c351e791d17aa8919b5fae40aad242d17040b099204aa0b98b91b	27443
35478d0be8a013bafee9a1e7d7e0a6aa6956e8f22d47be62387920b16926167a	34093
354e59cd30e4dcd1387c7ec1001066dd521c920c5a2bca32c53118f12d2f4b2f	33839
35643329e5f7a6829303f40cac1cb4e83326882af53bfe823028381e503efb83	31977
3568be8cb286e7df86d4862b72b98ccf65a6988b09fa307d9d4aa8c23c878e18	34993
35f40a04fa2ff2362f5e093f3d45461735621b0eaabbcb0774d3b7ac8a3d355a	21125
3678bb1341ead5ed83dcbcb9cf17cecf3c0f7d9248924c36380217fe758dd4d9	12535
368747aa02345bbf143f2fd4f80fb9086cbb787bb74483b3e6fb0b517d361b3b	7772
36a5c3e34477c59a63aca35af9dbc9c96d06df616331eda2f8342c267c4c7364	12504
36c8b12c3e9bf2dc4c1ce5cd4e59ecca655dacd9b494de4c6f706312e59acd2f	30250
36d150a90f52b29134de44cd8c33fe881778b02cbf56ffd2e66841217436ce64	22906
3761b4ddec92b7cb14acbe4f6d72538f3c24bf5e70f5010253e0ea2324e0dabd	29507
377a5df9d28f9ef993541cabca90e106994f64d9dbe142f92332d0be897e1381	26686
37812fd9e85540debc63234a7f426605833c5ca313dbc693cfa3f33b278e171f	22888
3794133fca898018312c8f518d0a284298f40d06a9560d106db8205fba0edc84	33845
37cae98c28ba3a6a497edef2556ce4157d55c5ffc25e40b0ea33e776f359afdd	12281
387af43e9881d143ff5648cebb6fd0d6e50d7e9c347aeecd84f839038250b61a	27459
38bb15b40fa594961fa2419d96884c40b5acc8004d3a1808697f67bcada84895	23117
38fa258fa4ccdfb6682ad402accb86674d4aae80dc36732f7c146b751c790ec6	26702
392491f2b57432156d808e60e633e00b27d143663f4603d5a13c9e07d74916ad	32128
39549d6b8c131cc02238e7412aa5a20ab373b6a6ce1d356bc10e37ef8c3a36f6	22952
396c3cb18f811a18a0859bd18bf8094c9dedcbbe92651bbd3aa7a6e0e6e3aee8	17023
39bb722018ba95a91503a812c2da67c4635f917b477a72ed10e0dc27954727a6	13552
39d58253ec848eecc1648bf315b46e71a98a0d39f26ad5d1e47ab6f4f7b8ccae	16287
3a241d59687b801ed1a519fd9acf1bad288e1cc9993b2d03a7974623483fa00a	ambiguous
3a482c1012e807b589b7a7c493c8abdd7df0484f0b51fc9a438de83dc39b2ddc	24510
3b0978f37959bded9cd298bfc0c615f9dc45700612805ab9f0709743feb80f69	26705
3b290676a8902c12fb7d2eaf5cae351e8add9c1ebcb8281d368db98fdd52ea92	32113
3b413780927bf4a83eea449f0a198ea6c8d8ff0d7f9c529102314955601421b3	35135
3b7e5a743afc1aa7a298bbffb2133b90e0c87f36f87b4aa556abe488dea58360	23510
3b8c6af32013c2e8375ef702abe727a85c1a1eeb667299a0833709f740eff958	23318
3b93d4f1d9b60f748208282198207e85853e2c06936a8508894e3fa2e0eb9865	28219
3b9a556817c55861402316cae4ecabe5eb7056ae896c56ea4d9cd9bee0755247	27610
3bffb3649f9df1182ca99d07a7f23e74490ac3d5297d052f02096370e72ff410	28219
3c142a46a4e8ce8ea2b9235cea5b7543032e6305e8b1042c43a6099b30eb6594	28354
3c45d7c98b15dc913c7e310cb0d1e899e70fd388c90b477e5d9b03fe70d782f1	28223
3cb0fdca5b069ba26dbc144c1daaf6a64ea132ca6fa49b6ad5d3a24b620e29f3	26683
3cb469dc6cf2848c0f316ff3631293a521e9ce45010180d9294a2456f38e7771	22937
3ccbd06fb21b4990509e4d5a67825b3d4fa331fe12e319ceba15138ef51f5923	34139
3d49c6b4c65d02ac1c7f7692488f0deea71f90f3f00a902001c190317e6a589d	22835
3d9b0a448d8c722b5c8e972a8a6ed62373bd9bdf2becfacd7161d193ed7914c3	17429
3de22515f9898829a6edda578d592eb97ce82ccf5f388730e67c186ff8299547	13538
3e0479afba627dbde4e0673350d70a8b89cf895213b4ff85e916d9b19a6a92dc	34166
3e1784dfcd633994c35cb0f26eff1a37a53d86daaf5d51d331bcdf6cee5a9e5c	27654
3e40f353c433da7a1f150c63b7b7cb3f2c0fa59d16d72dc6d8cffd8447e2d21d	34924
3e674bc09e5241c31ce928324735192b2f01f4f818c65e1bc98e7b8c5d4d0fde	19130
3e919183afa67c293181ad1d1e29390b2339f1bd37cd035cec92ea2129710e75	23522
3e978ba83d74595416fcb234cf308bb3180a505fb724c23a74fd2221d77df841	28014
3ea45a36bea25558737d72f2fba224e7db486329f33b1a2a2071b05e5625bc09	23267
3ebc28f9ba2fbe35f8a1582bd141ecbfbf366f4c88271efa12d8c123f4f6f067	21294
3ec8360474e8a65a125f7631761b35b38a4bc2d0b880cce4bb4125d430c18e89	26715
3efac6643fb8991d57a361008f869f31bdca71d95a523fe12630b986224c0ecd	16146
3efefa5e8e6b13e14f6e1885d9bd52c078f2fccd0326eaa91a80f71faaec10ee	21233
3f1f948b350b570687b654ec92172ef1b2f15159a9662bcd8809323d01377ebb	16152
3f45b220bf012c7282350cdab32fc1665d1223d6586e100aa8fd48363aad4674	33937
3f6ca2627a162df8d760992072d886e01f1b6f694272f52797d3be2e22853053	12387
3f6fc61e1d5a41db368e1b7e0edce8c9061471ed8d1d21f3b9246699e4d8a197	19919
3fd04d6811d645e17456aa858683af6f22f12f879f310683441dea181b272e9c	21301
3fd36dbbdafae1e89b9ac672c84b075d20fe37a567d34ef3999561f16d2a7a9a	12281
3fee95da5ab69ebfdc16ec892b754105a11c20203054a6c6bcc0a60176891043	8382
3ff1e65727f259710e4610ba995807ab3cb4741cde779242f525801923081233	29507
3ffb530211b182a69c8ee5b8af6334e024c22fa3e0682658ecdecae07b484591	21974
4004c9a851bd15098c6ed11fdef6f931ae9c9204904dc181ad9046cfe1777d43	33871
403ee1a9f7095a52aae004182eadd0c064ad5d9dd2546c3e45265ce6e73ac865	12399
4055a23d302f6b345f82a126c1ae34ef31f2240b2baa9ddc50696b49efaf7c4e	35136
40614e48f0a71db31a444043ef305227b4621fbdb5891173d766ace389c99464	33575
40814ba9597872acacea086b2e71a743042f04a74b8790179c6f47cb1825e8f8	32114
40bb0c8871684b6abd691c49fa51a05cf45ee97f54a88b33ce508233c47a9b0d	15993
40bda5132b8d6c955c18143e32824e7686f5304d0e9bac0413e5644fdcfbe6ca	24478
40dc46ee8ff28486cc86495fd781b4bb2ed08189d51c06ac36911bce34727589	35136
410fff5208df789f0608dce044e4fe7b1a0a41382386451b282dddbffcfdcd70	16991
412b2dd893fed04d93d116072ce116ca5198165e5b2ccaa243aa1020c6b157b7	27459
413f2b20e7e2364839d25deb4243df27e88d7cf74d63f18725928bdfcdf353d1	12290
41749533467b57399179776cffd1a21a62c31542cbe7cf1d3d74e3d16b620670	15933
41760f76810ec5bfa27d0f4ce57b993a7bb19399c2aad48b0106c1284fdde7e5	22831
418d2b388453b762b358f3c6cb5c197702419654d764ce90737b3d904c00b5d8	16164
41b17bd2c81fbac927dff426207236f2bc3e3a4c4b5bb4abb78718970bce6a3d	27608
41ca1d151b1eae8adabf9ff9b87e406904b2c502ca04455022c543049a862079	30682
41fade8f564a32d3b088d58a08d5e9efd69f498efe6f329b4750c85ba3701e39	27639
42320acd1f61f92db52404a4f50189284f266273f79964826f51d343ff5455c6	29598
42412678202e1041a2111003ef76ccc6e8d20c7994d88f16e61685acea5b8799	17055
429ee81de5e464b6066abfd385e276f506d1cc9a793e9af369911320c1adc832	30615
42a80ea4516756f0ab8020c4c991095e15df575eae5d6f21e9f0d8a1f03ee9bb	34107
42bef9a76ce47d653c22ade1d4e744497fe9ac6747130d23206eb778fdabac52	35006
42cf7e7795e9f1814a441135f9089dc2a07176407d599ac8f76cad315f6e827b	26759
42d8ecd4dbadd5686ab343d254b688fee1499ddfe63cb2c64681092c9074258c	12418
42e8407c123306ce89cd4e304c0b01a24be4fee50dece95c2c85ca8e8a8c83e2	27473
4327f82d025006189f6a7819ca27f13e43f7a7bf8c506f264a7e64681b5ffa43	32104
434a5e3e6cd0bf11910571e454562e832249118ac468804f26ce0c8a11f9cd8f	23071
43ab31ffc8ead0f4fa3521a9d0cf3937788654ff247c378317452f35816cce19	31405
43e969bd81f1075c6860dc7355292ca7f18fdaf9773c45e75a7aa59ad2a41ac7	28108
43f24f9ad6f3f06a38b59b6e305cafbe663b9960a192dcd36dacc3d548a985e7	16287
4443c608e9188b49447a2e6d5684c4013cb6071ee4e9413a2563ad3c0c1e5e26	25659
444ab44d4244461dd0132a1a509c76a844508edb8a20be09bb771a0375fabc62	32546
449dbcf3db9adfb02538d4129f726392df211cda1c0b749e8fa3c4279e17fade	23138
44cf763cd10a60b1dbca9dfcd6ed97446c5e5f73b264476fa13fd13e1649333c	28992
44ec919f93a06576ed3fa7a9aa936554e01209fde0642ea7c2402d67131d9515	23236
4515fb8db376761251f93a2d57819f8cbd9ec092cf06f89cf72115eb88290ac8	32032
452fa96473062e11cabce7ee825c55d6f469a6ee41fac2bbcd0d2cb20ec40aa3	26826
45729ddb5db1abdfc962f820e14d5f663603a93d3aa7b4a32bfce18f8699cea8	23144
4590bda02ec618125a24af431b916c2966d356985489a850853f870b80696851	34166
459aacb0e24e4fa1330083667f55c7b46e595345ba98c4296041736abc2206d3	16152
459bb79a795ff6771dcf657c14a769163be61287fe3a919febecf889d157fffc	27660
45e5a817f8c17f160ea2214c06ca5bee3cdea7777911dedf8759fef8285e4178	26794
45eb08be60dd8a5a88cc24b8598e2d3c74d475324e1e111a8682038fa65a74fc	20011
4627ac5185d51c1cca8618aef8e59b02c40b52ee687cfed297f59c3500a0a585	33270
463b0c636953cba66ad1e79174d87e47e6c7719ac4544edd1d9337ff93f94fe1	22952
4652ffba6571d8bfdd74e153f1e0597dc6d20e9fd2d3aa5db676d9c648c8f389	25654
46533f4f67fe758d8a0e2b77fda85da2c4aaf9c37b008d621402ccaeaf8aa73a	26682
4660d0d0a598bf093be1df31c40fa6a6ddee872d230966610d5fa27c80a43f55	27677
46754236c3832ccaf7fbba19ea901f361473eb6828ba0042df994687a14841be	28151
467d8f3a047c1a130eea7db6dd4e432568cd39242eb7abe49e5ac2d7c11b5838	25652
467e81bea1d6c4f9db3ee34e85683d18d0d87d7f3ca56f8e576da26ff73126ed	16071
469191d5658e46b0905b042e3d47a02aefbdcbf56f19ea758bffc6c3ac42e897	17037
46cc7153252ae3b9b5382eb41c1aa5be304b11a16bf685e195d3d7952e4d5651	23732
46d0a4e7a5f7cf5933f35b42ef95e78096b8d65b6ac7a9b52dab3089ecbeaa21	7725
46ddceb6bf12cb05c91338d40f2bb8ce67b69ab6fe965ca568d638cadbb34ffe	26711
471523d21f4d39f9b41ba955c5b1f740aa8c94f544817c847852d2c182bb9df6	28132
4715681fef727d847dbebd05065e9145ffe7466c4500776aa2f7639fb5ecf667	21174
47b10e31935b5b3fd90092e5ed4369f388d493e09ac3e02f8d8ee4bfddc37a20	26689
4812a20643068e4b98a0f76163e49396da4bf18e7f7b79c6ef629ffa6124788c	28240
481d0dfe9101c5c47caa899d7ca18282810ddb79975da752019ef486bd6a7d2b	31949
48285843c18838bcb665789fcb7a3bdd760d862cc240c14a6bd9a904b2c87355	26670
484751034f90479ff0e7ddec59020e6f05ea76f401aa7895b99b0c06286022b9	19983
48c01d811a7d851012b65b030091bf0370a3f9819025dcaa448735ddd5803eb6	27721
48c378c2f4b99c3f18f45ec07aee3fb826e3c7c9124ddd6998682ec86f1425ea	21913
49189879f426b1f68bf5d148516c27fdccc6d5ec814adc3f8fd3d3191b007208	26591
4940de004bc3868264c6a8b6d49ade727e751f38f26c14b4519ddd6b7d55392e	25534
496e5371ec11b9bc70d25146e76daea6b78f821de596be1240d29ad14c905644	28373
49879ad6f8911a63dc6b74e7442bff939197c5bbca30b3aed3d38e94acfb1f93	31325
498988dd988bd779a5d73d1ea99ff5e0f7822edae8a85c62b6db035461eee351	28223
4993b83e9632a891e9ccf03a13cd2c3cc9f18ca9d5dba9ea2adbbdeb2228c9da	28057
4a092acd80bfef9ce7e865775967de360ecd01052b7c4cafa076886e117d97bf	28231
4a23d27174366be72a97f20fd20023025ed5a7e02d9a0f0a47fae1cda6ee60a0	23071
4a29acbc3ce232d46f5657688ce46520cff04a26cac789abd1a2956bc5a559df	28304
4a2e47c3d7079ef630a0ef22fa52de75b9b7873df95d0fd3092bca7e9233a3c7	23133
4a3223e7fc12c9781a8710b24c91b42937f7b0905f7228f08c7cc28700d24d98	29710
4a962e4c0a2477c5068d3ac550c3d6aa42d35cfd8b22036a1cb3c72816ab5c65	32074
4a9c32bb5d9816d2be87c3a37b06853ec9176aa7046960667de5df0ebe2ff37d	23218
4ac63d0b25567fecca57caf10812df64aaf0bb08a93a193a8eaaef8865d55a4a	26701
4ae50da313c2cdf311a3e0b51aa0a9ebcf14f62c35d73d1d4124c69a2736e575	24784
4b3565e2802cf511540f40cecb286acf103ef90440fe0573a1ce667ba02eaa2f	20040
4b4a8f8c9916263f2522d7f8099ed43e3bb798bec265a93ff4683856a8c6abad	19048
4b6f5df56ab32528e99ea27657c4813848ba3bf8e4ed1f82155fb9cc87f57b83	7700
4b72268d8c531e1c408ae3c772540973f99eec15617e24ec1797e1277760beb4	16099
4b9cb10febd6a772db6ebcc70d7b884c818f9acfc01f48065f481a49b1724cb9	23005
4c092586c6dfd273285e29d8b0c205a56ed4fd7bf45f44de541007e0f448e5a6	34026
4c236daafb445f867f574918b3d07c901d73ac48d2ab87edb940b665d79e0039	19004
4c5705bd4f340bb78eacfb061739c46c878aa16c9c4705b935f17a546b9c7876	28234
4ca41db0282537009663db9b9ae8142e0e6b60812996d07075e5a9291d3d91bf	17176
4d4cb43870c340a1f04c5d6917871f86e84e5933795f347d268d5f8b51e91c33	22941
4d5fbe73b9e5e5fc9ff4ac354f834e2cbd0c329a91d6c351b2004e51878c7dd2	23219
4d958a5f0ea074984b3f74b361a30503016a8a527862e76d921ace57ac55bded	26670
4da6fdc61d33b2abac3f34acb7277f0789b25883b841a7ee2eb78d69b9bbcc65	21986
4da76bea25b040c332c394385f947c3800fcfcb3143e233249c983b2e0f80f4d	26802
4de1694eb69384bee5f86d8db645b339cb5c748d8e615ad4f9512b2d415ac66a	23083
4de3c5e973402cb8a837432354ce1259992c17e261ef4f153a619edadf670f0c	30367
4e5cd74fe8873656d6733be999a35001eab3bef31034bde1d294e4422d85ae7b	22977
4e796897171f5431a996146526612086f151ddd721458a00f2c85aaa7f54400a	33842
4e98906c2236623a6204dff2215339ebf06c3240b178a2681d43a861e6066eb2	21322
4e9f8db8242b57e72e00bab464a2f4166b694160e621fefd5aae48ea457e373c	5119
4eb9934e3f9aebd58a1b06f78d4d9a95475f687fb2be88fce62115ba0fb24cc2	24375
4eef9f106a13025e09522e00fcfa581ceff51cece2c8a3a786f019599376b83c	33952
4f2e39b1c280af7b7b0f346b4bf08b58cdf963b6fd7f2a8b153931b5492525db	22966
4f56ff14c2979b692cf26886ad75df644d1a4780122bb98fbacdd049137171f9	28613
4f691126dbd78b466d3aa6414e97244b5a49d8ca8250d15dead5749a3aa4279a	27616
4f7eeab2f8787245b89179f8689f05295241c1c62c94c173ff0991890ec1550e	19909
4fb7637db414b6203b5adf82e7bf1bece1a817717fc5bfce13422a7695a5a9e7	7175
4fe027bf6c9e97c19991ff8e8219e5b8dcd502ff6994c1837ddfd98ff090de48	24553
4fe798c657699f28458ca3e0e112909303ba0d2153e76124b92f25a62e49cd01	21144
4fe8823a05cbeeb275b6188d1c8d884d2b21ad8f8a7ad0bba1cd21813cce6e56	15919
4ff94009776d07ce7780d5f177b4a4a7752202b67dde8c8ef02ae1834a366fba	34929
4ff9afaa44a17b7f969fd389478a6750ee8852c9bdc47cd9a6bd9138c49a9dfc	24456
5022759f109d8700aa899ec51f403ac64828d2f557e1956b08cf534f4457c96d	23368
504d629e8b0769a80802770819d27845e8e3d9048e9a0e9621272a9f50a1ba27	21685
50711f91166b58d9dd88562eb2c2eb0608632d9011c68b49c2823a0c7e6bac35	15893
508a43b43b9a5423e653055593b8339cb2d88061aa017588618b2ba2731e112b	31887
51021a8f2cc95a2cf2be3d0e7ffe5e260a763a6b5250bd29db32197152ef5c16	16099
515ac66c033b69cd8257af72dd9f20e88a0f130dc7b67092a720c37734ec840c	23276
51795aff66f44cd329f71829b401baba9f766c96a03f08f4011a5a370491c1a3	16957
51c648217fc4f1e2cd5d1e06beeed4087909338e851a5863ed6bbd8727da0028	7166
51eb1d487a51f1e3f6222f2939dee7af69b6fabe03b29dee6816793f3f73d0d7	27870
522b9cb54fcfbc706ad742ae091cc266cc65d8c1fe498534c6bc9ad97799a51b	23666
5238d9bd03d543e62fff76cbea6a2392a95f42110e36c282e4c919991f607daf	17206
5275efb290a113beaf4e15d2c9c5e9b8937bb1a58b81097cee5823b46d5d9e94	27790
5290e91456e1355e470406f20398c947a078f2e231e6a4f114a2db11511a4a3f	31643
52d3d425751c94559b17276537ec3208a4c2cf22d24420d75a32b354f7ce07a1	32583
52d46ffedcf86c4d0859f4b77883cbe66ed1dd3e7162a72a355dc7a318ce01f4	5103
52f0f2e15ed2f9c3eb1e64fb18cdb7d2caf1aa42b339dc874ebddb03d4bfa47c	12415
52f116671f986ab7423d85677e4cc73438e096032baa1a7c6a65a867ca5c9691	26690
5302b2e1af7225b2c8939e93750e94a1d401fe7e77b9049cbf5085b93e602073	26811
5380971eb9977fe77638a25035570a61dc52a71b073023cd4a97268222c7dad1	22831
5392dda4c4e7059604242e2e80582d66bfa1ca88dde0912f7ca7b34a68f5e378	32074
53fb0a9562721d6ae7527080dfe0a676bd4d040c764d7336e3952e164d5dad4b	24329
540ab47acd43058a9801b5d4818d4c9675bbf6d87c713f93988fbe36641aa982	28357
547a091a2c7855a6309a18b64ad9a391c2b889452009c8c8bbdae61506f87d77	32808
547ef5aa3cc8881e67eaa1c7507071fb35b26dc0eace0c1a3aa7926cf12e9102	26719
5488f22270981c90f7b1fced9cde06312291d7688ccd584721ea9f290a0e76c8	24350
5494cb810853db36c3f3b7a0ebd88d78da0b5115a5415329a079847aa39fa2f5	24326
5498fd13cf861096f25fb1a3085a7672a9163dd4fc0f66dffe6bfbd0d4e08948	23054
54a0e8c17ebb21a11f8a25b8042786ef7efe52441e6cc87e92c67e0c4c0c6e78	8426
54a2cbacb3e5e0b302deb3e5042a15364894e4b23be9b98b7308b489b5ea787d	30516
54f53b4963e99d280d9df490a402e06882dc9e8e7e6ec5415a0a3a35db493d99	19886
54fbe93394aad69418cf9954b810a7ad775df3a66f298971399cd6279b99d164	12252
550ab650386ffd091d83511c922678471e613fc5469e5580d5a0871d15626d70	19948
55289a5335cce50fbc5f0735600f7cbbbcccd65f45b33d428dd24171d4a72fa7	16224
5597bec74c93e3a4674177c224f8d2b9dc361c997db3196a4f9dde8e44d41736	21805
559d7a17fedb2255ea4dd74de7bc4412d1e92dda093163a26e4b83042b245d54	25658
55cc95c156c0d76122e0cf41be4d2fbd05a110f5453c76dcda3231b889f6821b	34929
55f6a88dc02579e8f6f191ee9ec91f66067b5d362434877cfbc325e4bf23aef1	8889
565284e5e742f93faae9183eeb4a3815d97e62679578f6962649f2d0a2a0b1ce	22893
5669cca27cf10493b9eac98463e2db386cd4c903b0f2778a2c665d478575663b	34176
56aa198a0061a47dff2983b6fe48cb02a9b30ab7ed67ce377dabc6f3befe1765	19130
56b140b5ef2009aed4e0b42d52444123fc4ef5db989890de7db62ef1249f8587	27743
56b82a2be8d9478a712e91c4b9030969492eb6522590fed7e091d19c8a2313ee	27618
56c168810d630d79a2f36700592faf01e9cf9b6c4b6cb422ed1e1898e2e9c323	28073
56e3b998d3ce6efc68d34363f253b7101ddf529b6fdfbacf47709a895a1e18a5	21235
5719fd1e9bf60f569b997104a00949370c0d7bcebbfe4ff2626eb228a7497129	26723
573740394e80e71672abd46691ceb0229214163bc60fcbc282eb9b60611cacb8	31718
576f7b57d7e493cc6970b31a8e753ada0e69bdb9d9f8e094d01cc31ebf90058b	16071
577b7519150439444c9eb7741d552b1d3d776ac60551310c5a6e91c032d03f37	30300
5780a4ce908fafd29d6c0ebe94042d304e1e3e638c186a375b866ec8d40c5338	28263
57830da625e16f4602b5eb4c53483aa7d476c3a17d49ddfe832821d71c918e68	25653
5797f085a7353f3d18dc7b77e30b34451661b9936904bdd01152a09aef51976b	29592
57a3ccb4290d5ae27615243186337c0122b6ea33c4d06e52e4c94a8ccede59f5	26708
57c6c78ac7062cbccea03426eab9f196ea085a50b2f1e7717308fc7f24f93d77	26696
57da7a0a07aed6851cf7a1e3eb505e7893a0f6de9491febc6f1cba17d5dd49e5	25650
57e26bc0386cd8b441d06b64db957de8babf6be6a534573db03af0b6d8733345	24521
57efd5310d0731265a7901dff8fb01e7e791bda4eb4cfe3c2e7d1bf2a03c43b4	26633
5823de1828a66d57e1858ee8e76497349fa4045dc86d1d6f022cd2adfea19e47	33270
58752b756ddeeb694f824db2e99508ee8df1581a0a222ebfff2a5c24c7affda9	13449
5877d3fc1a404c3e260f2d87934386e1f2392910aa3460f1d3aad668b9e1c85b	22835
587ae107661fdd7c53de749dbdf72ffe719e0ff50ccfbf8a13a0df3be8591643	27440
58922c60e70116966fa20ac41b5cc11a618352de568d62a8233f0e6479a1e56b	31903
589a1c2e1c34e91ee27f3ac3476e971eef683de59fe0ed367c5532c30bb449d2	33985
58c51ce008328c364a4035c10d73eb01c9ce500002b296e9f4620def9285b760	16016
5912cc7cf620848e52ad1bbaeba3ba18414084e811c602e4de1f39693764a180	20040
5944f27c7aa48044a5463617b892496715225b1de15657d7b90883501e82aa61	23255
597d8150591bbe2913c41b5e8153e03802084eff5e84a4d6bfdd07b96175021f	24760
5985ba76a23e8ec9befff90e372be6bf98e4a8a9473da6d1988de45b0593d0ee	28398
59b0a6b6aea21e58396ac3f9220017fd422f4226fe433b1cda98d846d562a1d7	31559
59d3a4717168ec6e0ba688021327341c077bef7a6257b680cf6cce4a3f71ad5b	21251
59ee0e074d99e7b1a19eab8304fd1107f166131102659945b2ce98bbf16b714d	21183
59f1b6ccba0be997c50e02a09fb82317e7be4191ec4b4b6700965e3d704f75ba	12272
5a0e8ee1e1c163e5f370821c65eba4392bcfa681c02f2d48151d05f9b7b1d3c2	18508
5a5a61df50d1d9b2a17e3e422f5a14c672abea94e86098cfdb2ba3be270603ab	24259
5b1e4624fc8507c622426457668e9ac8a1ceb456eee7d8fef22f53a6f0776c8d	15878
5b4cd3a7f0698dafc3267aad68dcf439acdb2b7d0bccb134a3d3ec677f5f8625	13441
5b77f7ea437f4088d4255c5b446a3af3599cfc499fa6604b3d90b797a61ece00	29520
5b7a78748664a5a66ad75a987b71299898a09eb3531fbe17f518463fe7945251	12225
5b86cefe3be469c91e528069ba3b5390e7a5aeb9a557d197b0995e5a53ac933d	28613
5b9ecfeef168d8047809cbde960f8a599d1977564448d2c8e71e3294142da3bb	30473
5bdf3e7b588ed5e411f4d5271fc89e61abf127d4000bcdc62f211323fa8571e5	27787
5cb7b3447398354edeea44bd6155a33d550a0cd16c6add6da8c342f92273f3fd	27891
5ce8e034487460b38bb460bacb33455f7cdc3aab131b99867b2caf761a1f4de5	32869
5cef5b53bf999b65ead443c933273f46d99ce1a742b8f0970d3fad366b8a285d	29576
5d2bbd641c0397b38173e9b7fb27da655b501e1ae1d77473eab407a01462fcdc	23133
5d319d81f78bccc7f9b30ab5be537b0c37c3aae837d0ab94081d5482be740b0f	33829
5d3308f4ef4997a9f541da7cdd66b229154e2b0f8efdb5161ab2d12005ab56d7	23317
5d8b4fc0c3d17e32d78cfe86e0290f4f39eb86befe30c619dba839e0bdbd1516	21615
5dd9da490b322e75d938eaf37d1bf97fc15b5edf6bf5d59eff3f1e14a557b70e	15932
5e3f6c2225e1b30c6fc5a76669f09afa024cc373fddd90228cd2e821f82509fc	23555
5e885c74fa308538cca28383504bd5c12504d50e86597dff60c35e135926d0ab	32809
5e89fbc619acfa2baa7f6aa3dce2f87c7fbd9ac3daf9919cefa00ceae43b8fbe	32534
5e8e5777b53a412d075dcec7a450fe7a9f22b8e00c9139aff2e89558922c36c7	27598
5eb44736e80c377584f8a7731366329fa8d30d461b60a9f1fdee05d8b61baf8b	23723
5f72cafb359c5457e4af5dacedcf20233865e59a15e01ef037e3397fdb4c2f6e	23039
5f8a4ec4c20e827501332432e653b55bb3c794f9208467f2ffdb0a4c39bc91c7	21695
5f9538b83f49707d8dd945ec6a17164580e1142f6afc5c1580d1e752ffb841d8	21099
5fa7aac5375c5815787fba3f49559f9b45b14023147ce0652803387974144e5f	13508
5fea6a95250c80d990db1574d760a788affff3222227a028b267825923473e12	19982
6065f4fd0a74e6b2ef6ccba4c4fcf3bd3d151625104f67e3407dd488ad9ae408	12206
60a02d9f188129f17e8e2e23c1d4f16ec1e15024793e0e1063eb876b22b0270e	26712
610050bd99ae96ef81737f1720d806e0857f045a3147411d1a3e988b4611c32a	19971
6129039ee8eccc2fa87c287f600709d3837716f414132a1a5ad0a1d7120eef33	23112
6134a6ada6bad4a73bdfe9b0b22354bb772f4b14cf4e82ad1016b3ce4fd4ebd6	30522
6198935708ba423f3eb3dab483fe8cac27b5813bcac4fd47e19879e28ab1a089	8298
61b1ba4f2bc2559d39b0df955f1aedd4f06febfe5655d82322dac391a3fee35a	5091
61c3ac36bddec667fb6b1abd177c743ff22803eea1e0ab24ea42d680fa8c611b	27731
62026a42b2390a87bf21a984cabce8067c2bddf5031a519a11397f38a0ee828c	19906
6274227e75895cb523af768a2d0a98b598ed33cc9621b8ff01cc838502765c13	12418
62c22d05d7a00dfcb0b0f3ba125f6aa6262df23e31975fbc23a26473483a19aa	28014
62cb771f2b0116ed58dfe78811661172d8fdcff3f40f6ceb12499e5ffeac4ce9	23555
6300ef800bb884295b0b4b35682b75cecd7cc550d202db56d04a0643b8fb873f	17029
6301b5fa1cc7112fcf658c7570ec440910899fcada53427faa10395946bf26a5	16302
63046fa2ca9113d66b6085f1f48de8a860316ef8ce4e0e5247bd0b82bfe40806	28346
631cb8a984d071a33e4623c901ac4dea69a058f1892675484b74900ecf77873d	19080
634030b6b2d98580d3d44d28552151d7061f085dd660adbdcb4d749c61a61950	12415
634a86bf5634b89f1658d8a61ea2fec200869a97694f53a680bb36279e87b9a5	23723
63680787f8215f010daf35c674e00c71877a0e15115ab508bb9536b459aa8f4e	23248
636993f8768f40b9d4797633ddfca758610d986b2e5a06666dea28e5c61e26db	28095
640b677b45a0877821e3e1cc5aa01d88362981fecb7870fad0dfb5603f6aa562	27616
643cf0ce69375035a8dea48fb48e391742ba3992be3a9340d4554b87b0792224	33335
645978287991a6f40bcaf5840f5653b89b75b3bd1ea78cf9f39192e2400ac23e	16941
645cecc70d2a91f0b33fb50d22a0cb3bcd281101d93fc338d4614ee77c09e963	32032
649f2078c22f241658a14569022196063b4b11640ff29158846dc4ea6a9e4c62	21069
64b444ca9066be31f9a1eb0802126ac3f640d4c2fc61dcd94e75a74643580e47	26695
64fc213acc84d2aa68c98a7b13e04ad42d40036f2957dc1d7d7a3a32e2f2356f	12345
651b13553d767bdd492235c2ed55f3d4a1bd7c3411b2038bbe02f83fb910d2a4	16264
6521bd4986a03f8c0e9925e8b21bd2f46a8405514c179a77246e2a7ae7027972	20239
652a6f17ac1c1cf5278fc474996aa5ec93eac0a9831462dfb408aea328e34ad7	21664
655f1a2c611396e9a598450cdc072da74fbd11bc104be664c0b8cc08a4bf52e5	33985
655f6b858c433d67e182621fea4566c057a8b2ace849ba9cd7daf9658d20fb93	24289
656376600b3aa2f78a33fbe968cb54790c1e3058d68bc95d32aebac96d319fbd	17915
6576d320fcb5a1f666f9ded3f1346e07c6c3e0a17af8354d969d361694dd9bba	31576
6577f2c0c69a1e248e091d2b416bfdb5a8f8e87b9800fc0ab98d1e7e3d160974	32128
65858540a886c3d93aef20b27900aefe5a75ce400352199328353ce8885658ea	23729
659125b8fd7f02672748c35905283ffff04a882dba8e95818f2bce5f33696ccf	26687
65cb363435aa3349a74488cf760f7bd91dcbff199df5ccdfbd7515ee869ef681	23226
65da4c2311c7ffc1158febcca46b2372d4779ca99ac2d6f6a2c9df4d278f5918	4877
65fe8ecc7c1fbc2e6138f0f635a6d61610198cc6ae93e1673f12cbbf5ed5b92a	23165
66011048bc2c8e4c110dee61d91a5df1163b1c2b32c1e11a4153058e5f89d009	17913
662dd2b446766224914c296572aab2b09fcbda9a7d2ab1567d5db67dc76a429d	12437
662dd5e02dbc9be8f9aa29ccd1e061f8d381d6eb45813e261e5444a9caf309e8	19909
664cf34d904d34b37d301a6668f45e0ff3d8b861027106cd8efdac6b7fb271f4	23035
6655e5164699aa42197ec98601bbb9098cee0db8c6d9634ca661958f82ef37ec	33482
66618e8b3a87ee05df358ebaefff324cc4630e31812d96906bb841bf6ff62ea1	30663
66781e481a9d577ff00e2e32542adfab6ef4bb5bd74ff419c65a512711573119	22923
66aaff9298bc63c26295197781d97b56d9c6a086adad909f289bb4812913855a	23255
66b0e7b8046863297f075d208079688d67b5f4b1b7ae5d3cddf9fd7d1f93d496	27447
66b459751b8f718cc509553c187ff9516bca01afbeb27f0aacc452a8953ae0d3	27560
66cd948de35c2fd1b94eae02bcfd97b481bb322403d190cad708fa4208ae39ac	8874
66ef9a0e226a92cad3cdcec4852b070e489fb9fd3e610bb07e195692cb13e7d5	31636
673ff7034f2b34a4124b302e8f9b616eedbb20b6e49eb65ac7a33c029192cf73	15930
67ae3405bcd4df1fdbe812a588a449a53ce65bdfb1658746237edb0a9beefa53	8340
67c07a18849d5c0e4503a81403e9f76d4e3a78ed302242680dd13155a73a9748	12206
67ed5314b1e1ef81ca96ed57efa36bc7ba9b16c53a54e7594c485011aabca081	24223
67f5a5b2c327abf0cc60ba1c6415d86a6e7c2847bcc4cdee54bfeb935a55b63d	35079
680fe9203c779436b7be4820947ace14b8d0a925d74f16ccdf1b62f3361622e1	28338
6889bf79a52aec6d91a0d3435a2e9a32514fd3c62fbb7f1dfe24bb22e821704e	24521
68992010026c761fa23d1445f27f5f71e73e63eba0fe43aadeeb5053e3e40065	23061
68b4d027070a1e9db23162d31b7a8a6e99e9d109df905916a13a8b6962b6d0c2	17906
68c4d57352c4d3faafb05204436c0c54613aa3a73c9e32fccff906dbaa2ff447	34025
68edd691d1edbaae6c165e62805db21f8769555cb2e25eb616077f86ca124595	34028
68ee754bcda1d9f6841b62e2627086a09d48dba3b90b46fc059fd94e4376656f	34053
691cf1b0181cdf601722372a82d593e28b8367d4c9619f22a13e08c55e092ab6	30641
6923a7ad86fdbffedea48232b16799c22d67deada7893df85bbbd18b895065ce	21971
6950b62d182a2b67d90296c6cbe811d5b7eac9ce6ca1043db0fa98e6d9cc8d40	23216
6a0c3b03b7bd0ab57c19a592d9045a94e23be93de96ebbf766bbdda16b4dc685	20026
6a28ddf18e33e570a9fb7c163caebf7ae9353abd15ee25c5f918e1a4fce166f5	8977
6a3d123fb88ed7db43d2a983c0b07ab5d847d325b82dc525c54e5060a6e732b3	34983
6a5ac88b26422ffc309c98e745523c18ff96849cb06330e84e59e1afe6ecb811	17902
6a5b3b869748015c37d1bdb120eb7ef2a9e0bc5e6c4fde6be33222d91673fbe3	29624
6abf3cfbdf5dcad0909f53e50955903cf5d44fbb9f743c9fbe895e602c69e764	21569
6ac9b8a8cc59af34b846fee88f9f3e740f29b0e8508a9015ed88e8b808b8cc63	34030
6b0143d03864993fdf6922b8be1c69b93b24babb9989edd7533f9eeb680148e0	17029
6b235c68612d6d54d304f027d6e2f9a2373f98632ddb72ecf7e71910121c7211	24510
6b5b1e1a1d4dc1e7e1ecb85e51ec852f5d65a2f68c9a7f037a35994e222cce76	26717
6b615cfb6c3e6ff425d395ef09a247eeb014ac3ff1d4ae11e1657200b5a8d43f	18995
6b61c0f9739a0c6dccc0beac09eeeb48947ffe6962aae49669959a6419036106	20046
6bd2915c25be49b7a399c43e62cb3dee3d8bac0abfe4305dc4470b6c644d8d2a	15930
6bd2cc65b1f63a940a2c2bab0a00cff593a26320b10cd5917c42de570e6c5f7a	22841
6bd9a3e9501a3348badf96beafdad809e8564905329e8e696e893e802ddc42a7	34990
6be090825c9971035aee21d9ac0fc9c32f279b921e956026460e4cc1eb611dd6	5120
6bfe6eb9fc0f2bbb14d701c2e1240048cc76748bbee8c1422ad7fb9e3c9f2fd3	27560
6c03c72d522a688f5806dc9615767e6f4e8767df5e313c7cfb71be590bc80f46	25657
6c0cfa42abfbf5e4123551d19733af87c6481f406e62c839a2fe64134d3fd80e	17413
6c381079c4309de7ce2432f9ec7c61dfbcd01d0003f758dc3e4d99c4499c6b16	20050
6c582b62e0e5aa05647388bd045f2e3e5e7f51f479d00d9df592634c8088a22b	ambiguous
6c5b67363a06b8bde430e6f38a24d70b53673631f0a97512be150206926276e4	21270
6c66e921c621c010fac362f14b1311aeba1f7b51eaf5163439d5ec317409fc72	21937
6c6e43b94686239b972fd2bdfc6af9d562bfc2273cc1ab92d874ac75806955a2	18739
6c7e5715abbec80262629989353bb0cbffbfa9a4df2fbc4ee27763d01086e955	27507
6c97958c4ce8c3c1a60652c14a6d908a27bbba1b01695c1cd1e2f0f0e3bcf637	15859
6ca04b7551f97f780352d9958aebd9952deec038bfc2e6fcd848ee6043530119	15890
6ce3acc96503baf8ea2f4c6e85fef7ef9e8920a302d9328dfc51a11e06f9e7cd	21968
6ce51e2a2ac786529afa799e94a99b2de60fe031eb119e6efb163e07a56dd789	18701
6d239518c238e1c0b854945eccedcefd268f512287174f2f8746f7033677d0ed	21095
6d3640e3df06b59f0d28e2462de04abe62f1af09f6a644280990333f1569568d	13456
6d78af3ecf8e08ac10de51d82264b674f673598511fddcc045383226b8da79eb	27831
6d7de13e8979444fedeb66b4cfd6de90cabc5bbf1ad0032244ba24199bae645c	22856
6d825cbb0f917172c0b2d40ca09c042cea48314f1149f8c3bfe31fb03f31ea86	16146
6d88e9e54e061b0e7d89bf767966c8ecc281f7338c6bc824e707a8e99bcd38e4	16017
6db0043a99533fdd06bbaf5d5799b08a3a87d778da68cd8d580cd25b0a1af1f5	21140
6dc3f89bdabe1c2188e7ffae2eb4e7b5e6ebc089e14e1205df37f04bb7e03092	23310
6df488dd5c718372edbcc6036e6955dd8a71d7f75823db7810ce156dfbebe66c	27510
6e28106c5f382c338cee1347338d19b812d5bd100c7f33f299aa48833e57e26c	23218
6eb0c895559d2486db12587f8845b9a9b41527fae285c6c8f00056da86f2bd21	23290
6ec9e8c57b562788750c8adcb71e128bd4bba8c14ab28df325a401cb8fee9396	30244
6ee8cbc94e4d514aac9e4d16273ec0711b4682e321d4018baf95423f402a843b	21947
6f1a16766e1e32c1ae90d7d4d236dad34b3368b7b19226c265d6fce8e71ddea6	22944
6f2b2ea9be79979e06a2369aa2ec5c7a9ebb52585d15bc2c2c559f2263d84875	18508
6f8187c6ab8d7bb89e305029c33ba904a69b9db28ba1ba566f5dcceefffedd0e	26682
6f85ff634db9a1dfd74918917a2bd26aa18d5d9a06458a6c3c4c0f82e61f017a	12252
6faafdbff9bf3b5dc9da79569a432a198a6107f5b8286dde8ccd10c01fcbab2a	27472
6fac8f6245d3a0caa5c126f84bd6a345d33eebea33ed94b26d3cd1fb9f250e11	33846
6ffe047a6356f7ec82c9e86613b5cc0cfc75e1d7c5fb8428b5ab019990858b96	35135
7018493341b311f5ba8fa78682d3c523620de805738e4629803d23a97f1bd33d	12209
701f9fb570263e4d3ed5753b4571d82dc64c324a4ddb49d3bf4f95c50e7be8a6	7502
7031edbcf9c42caac9e677d5a89c78efce7b26adfdef9be6f0111cd1b8961033	16957
70b8293a4383824acf8d2ed40725710e9916b62e4a8bf1a11f6e369a3bd95914	17407
70ccf6ffec3cc7dbf2200ad4a76854925248922165548d05dd032261d0c72664	31325
714e7e0f13d841c3ef78aac35e52fa77e769a0ee1b446296a9cf33a007d08a56	23624
719fb274f9b47751da672b02857f512262a025241d384e285ac0a8d69380f6a0	26087
71d35988b3aa60d4d3dd93dfc5cfc6d13e6f9415cc90ce3073b91c6bcdd2c457	27653
71daeff64409acc034ecc56fe6ffcb715f6fd1ad925fdd2367057c18f1d52c2e	12337
723200ec5a24e793143bea45831f8b7a500e6c572a894b90b8c072fc8072385e	31636
723312861bae0ef9e6e741d53c61b7cedf8308073c0dc83d641be87378f512fc	24523
7236de29b396f663d0a7ef26566f122a72bc1514863f26542ee686f2e69c9f36	34030
7283c5305ed6354d5c5bfb38af15e309ffa49e3710ac91dd373915867ba463c0	33921
72d1de2d42ad03763a1cab962c7252d4ceb679531db5babb5418257d6b44d509	27654
72d6e773760056683b6206a4204a0b047c844752da27b6f6762c90f2b4a249d5	17926
731ce7ed808913b2fb4a3db764cad1d9be4433f3fe232818d7e66c7d3fd2a9c0	28702
739d00ba93b6d48dfaaabe547ee908d8089a155d8dd046e5361796ea6b03a22f	12345
73b6fa6469618618a905a421dd655eb3c4520b5dbb70cad89339e0ad959e2fae	23209
73d9ce18e43674d4a46ab5dd64b1d80e64225c17bb4dc9609dd53112ce34a0df	7236
73f9bef8e07ecd05ecb9c7f0c4d7ffffccd8f1e745c77d5fbbd38e90a5c038ab	31876
73fa6d2390340662e3c3e852e0c3fe1000b48e44789220251b4b14e41bc67204	28352
73fb8b27fcde1fb68f5cb4d440981acc8c7ce9e3a761de60dd26ec74961b527c	33896
740766f87d8198e3f814cf1d553ae1900decb9c92502ba5fefb9a1f19fdb02c5	21310
740833432151c5ae53013262999f1fc82a5dafa8601d4ce22207f53f74d0e204	29667
740edec46fc45e0d9ba7117d389ad43d1165f9c1964b6d8589d3311697eb7bf5	21987
7414a1f7b2360a30dd776b93d8d692292dff1b721827b980083a2aec5a731221	21125
7427cd5662e08dbb07fade174152ebc0569c099588e92bea7a145f197281148c	22967
742e2c79e006ecc9bc46169115d8340ad7bec54acac82ff330307891eb9eb327	23878
74416699076b0c37c68e04b5fe2cfa3d2990b10f4b1add3f132d52bc9fb14100	19928
74484dcdbfc0aded3f7b92f0b8cf209770a9d62db75181ee52f6965740d0b1b8	30445
7455bf5166ba4a2133ac64c3ffc18c8d705f5eec8077dd963c4ffa7bb84b4663	27505
7473fed38d2ccb683e6346caf6c17330896bdf2105743b933f0fa41afaa30aeb	26694
74c03c51d8d8be5fd996d912b2f696ae3da479616a85bf5ca90429b3cc9d58ff	19844
74e0b82972b04cec66ba0384b99df7d66478001c3670ec122e447a66533c12f2	21174
7501f64c48f0dbacb09a9268e88a87c2d17abac2dace7b1d363871ec1208bdd3	16092
75372bcd9ea0fe8c3199602d2f711a92ef593461e02956fb663a61bbad51bfe0	17220
7560da900f41d0fee03f383f788f0bc823cafe9d2cb5ccce9e334331996bb9e3	17445
7573b2009e387a410ef3a3f96ac9801c22f297c26cc6c87443e8b4ccf8d7677b	16073
7585fc358fef070361f84e184f74233c579b466497d30295498c57542ada15e4	26699
75986c785168fb5c3789ae2fb2309945d3b60dca9755daf6c31d64ab08bd8401	23252
75b6aa7fc06bc9ee454c78b2ca7f7965e5c31567cfd22aa827b18688b15aea63	21068
75c798e607f5962d6468d2b9aa61e98030ffb38e10b16e2a0252b6e2eafa6d27	31957
75cb535814d68d0e741a2f67bf060f951e8f254150b205a936f9b601c0f241b3	26759
75dcdb86ae8229b3145d580e64f2b212bd901b96622235da6d827401d66440df	29666
7607adf811ca37d0be2ee167a270ec1ea32b3d1c4d06c641583f1e0365c26b90	28264
762f6cfe8cdeb3b5392e65126b6693170838fba9a6b4250088daa897946216b1	27487
76977e6853712ab116947208239937d8c70bccb568cd8c2f3bc5db7ce7bef8e6	19925
76db085c04f6eee1f2ce609b8d15eed2384fe4e6e640837fdaabd6f3d2d49a8f	17305
76ff7823f9a3c6417a61858bda0e4ec0f87c30f62de8f19b87911d29c2972a82	19004
771ef4a555c09e0695822d184cad1a4116da68296f2874da2fe4ce1fa7d36e29	30404
772357656c6c7c0d9f0adf7c980932b79dd3d51bcc0405572138f45f973f345b	27639
77451ed21c414f3d2ac1c16f7e2175c6e629654d04eb4072d9b9844ccd7f13cd	32042
774f8f97e54c1fd6856a36534db07d3cffde822ec3e1e5ffc0cad8681a8b7046	12268
77695304fa9b9c1ebc34c6dae7acddb6059fae42ae2c327667ec34f0204dc87e	34026
77db63da28c458568322c0a3dd0426f967521f9bf5b574a87404cfa825ac3575	15923
77dc2a655f8ea639869e6d7bf1b33900484efc9e186db21167302588f630a05a	18739
77fe3f42473c4bab86fede113d48435855c6aa19670568869b2b29e0afed35d0	26741
780d77576065387d788d2c172c07b1cf2c61ffbf4a44c2a16e305ef03fc4ab54	32864
7814ae56c4d7a4607e32fbd57ddc2a6a153ac6db85acfbe8d6197f717cfe9c73	21908
782e3db4d143200cec2cdeced7b65c1bc1b9c4f8905884e68062a18bc59acfb7	18910
78353300ef729ce74ea474ada96cedda455d0c2dc076d90f4575a3edee0d8c74	27461
78bb2c6a7e224d7fb7be1f083283697db64e70499db168bd00e2568f30ffb95f	21299
78bec708c6343018e47ddf3a1533fa9482fee867fbe563cfc3bf647b74059a10	17003
78cefd7dd0bec2f94cc91d6715fd78f78425e8f795ae531df006330c0c721831	23739
78de2d900278c49b0de89193f440c815ed4ac15ab09d1acb763f807b1e4ccafe	23427
78ee27d6aad4081a2334e46c03b2e844c9c96cdd19c107eab0952c8b410f4aa6	27701
791fdc5b7fa306f778574f6ae3995e3438cbb05d7ac6b92d4dd5a37234f1808c	26089
7927e199fcc38d1ed6a036dff163d41d9c5f373b19d978ca8949adf6702efd88	7248
792fbacfe787d67595dd4eb38ac308e14b3bbc810393db56f477a92e5ac8764b	18668
7938012b1155dffa613453f500061a6c210cce444a56952ddcad00036a657c34	27701
794bf1475f3085ca672b88962c953b3aee08105c42502b9be1d099c29055220b	23001
79849c1ff9cd49ceefeaf07db4b84cbd99672f26ee5d905bbdbe38f1e16cefac	31947
79eb4facafb39b70c5b90a5d2362d0af7e530e00048564343c33609cecb1c834	21913
7a0ffa7c99d9f99442d16ce3be9ae256d53e034917ca9abe5682bfd66cfe2658	12222
7a1892bbb480259590916b38829e22e4bcfd9532c364bd70f54edf9164cb601b	29666
7a4b1f1aabc94d164ac522bd7ea862a978ccd21ff37ecd67ed39d98c5fb10ac4	28266
7a539ffe4d7a45bc26ddc04e127cf5a84e67e30dc33f3c5f82601acdd7aea9ed	34028
7a5ea358f5c045c65977b5c6030243a43507cbff503fd35f33aabf484ec668f3	25650
7a62d915637d959ebef4acd19770b074d6c3d92b78cfcea7e6df4a1a997e0a85	16090
7a8051558574acc483e1c6f627e82b5ccaa5e679216892d1ee494dd715e64d80	21796
7a857436847d189553c3da10027fdc9c379461d04b4c08de60560e028f1d65fa	22945
7a8e783c3856f53d3d72316e664ffe8d050116bb67c23ea3a3340552fc466a98	29745
7af4bf64dcb8af865ba91c14b85507dbdd7c795177d51340423c9ba0d346519e	30662
7afefef4bc4b84616a8ec3ae641e2c13cd073cf8a2be789f76ef03b1e7826837	23302
7badead1a9e3620f0c9af2f30c596a1b2cd3f773f5bbc2d1fa953cd708cfe80d	23144
7bb5b582e8e1e21828997d1a58b40321019974f3b818ddf63f946af46179c0c7	32866
7c0e626cdb285df36a85649cbbf4df2e55d72eaa86475639c68cd2826d9e2c1f	31907
7c623f2dc91bfebffed10baff70554c2138de23d9cf2b03d7dec3479a7faf700	16107
7c65490cae14eb1be2485101c188ad257c9d5e474330392405e60e926228bddc	19865
7c69e79cd175b95d8ef425146ad923507d89fc91b073536027dcc423bd72e5d4	27487
7c71819c07945b4e55a686ba628f6687e269e94c36c6b832471a325c683074fe	35061
7c7d7bc83b6b9e6ca8f16c3eb35fd9373e63e620d792d6a1a6302a60681f0e07	21949
7c8e91d4d654ec6526310e6d39c60cc69b5e2655e24b6a77b5723957faf32b75	27548
7cb79bf782b9cfe0407b2b92bde5ec1dbcfe71d63fb18ea78b778fd12afc4dae	17199
7cc51dc059949fc6776c4b36aa8d3889ac7d42a643340285f80552cc467af518	22994
7cc73d099c6faf8e2e3fd60e1c4cd883195e549ce2e5125ea4bc50763c64b6e8	19993
7cc794406711609cd4a61db9d1643264c8f00195db089e764b08ba6056bb2c6e	16201
7cd2b3c6cd5ce8d09e70f28eb7f5395531d6e1a5376a1d0229db26a4a581fd9c	28176
7cd5cf15acdc630c6fbf11d0ec660d3c1afa3c7baafdb0aa857349cfb85e3489	26633
7cdb44464c2fd632b6d65f61819084f0f83448414115e3384b5fabebf36e3b77	28634
7ce837f270e5cea8072da1e1ae597633c6cc57b58058cb3a0a93e724990f2aba	23283
7d220562f738d81b58b879ed134dcdf2b97e80bf5a3d6875a0822acb7508b618	33335
7d4f77fd4b4a78d9206cf7f49b60d4e26ce5ec280ffcb228928f82453f6ccaca	24378
7dbad59955c8c766e1f5029577411cf5feece5fe89c7eed56ae8adf013f43109	21615
7dc12334185a2d8e542f3f0bdd42b410478799d94ceb3f4c4bd284ab351a396d	28346
7df5cce9616b5a91b367d278e7e93c30024ce44d47b38336ca620325be20372e	7531
7e04f2ffb9334e3d19a15c949a73818d4b271b0e713dbfad612b29491b46bc1b	18773
7e169d3663cffa501f81c85abcf59002cf7b86bbdc311685a10ce36b6d4d0182	34100
7e49dd5cf7d004522b03eff75a443521f2f0b184a976df4f91e791ef52210ff4	25653
7f5d74a693681eb46f76a13ec13c12ae52285d26dc8509bd4647a54cd76761d8	17242
7f8425e5a8dfe18e269a89b48f8d9535117f209a8f11cc78c8015d88bd60476c	34913
7f9bc396ba7a4d651679fcbc604214fcf6d019efe4bd010bc8f7dad507ce0f33	26470
7fbe389be2a164702df130e034b7f9cf59f2315c9a6a686cb560a88a26a2a87b	28205
7fe6ea44aba87594b7f1ecac12a4c314eefbe4576f02d23c5a77615874cd16ab	31893
801eb4d932427cf437a96dbef8808d84fee9dd3d0195dfeb72507edbbc53e146	26777
802a30249454acce8308646f0f6155b10cce0c2ec95dd3346003a47472a43098	15893
803c40f46144135ecd7f21d4663344d0021f6062bcc6fd133a1938a4b2c50adf	26691
80630d5f84a4995cce8f7a769b81fc861b656b39e56cc3b906c9f22c31a03e2a	26662
806c20d1d5656602d83acba61b41b5aa42b5301242464d94dc6fefc347a24182	13502
807278db5a3b6574ce43ffe3e330eb75d569b9ef2c960b03c244de5fed7b3afe	34763
807a0b8c56337fdfa053f0178b0dff8e3adb3accb7276a55961f7bfa570bf5ce	19863
808f793403efe99e6383b3bef5af66603cd993b63c34f13dd723910a59d9471c	21960
80f0c3603f8ce69b528df132e306a4ca5fc23ed838ac717353b3ebc1c28386a0	29647
80f5c6f165e77254e73dec40422cb9afc44fabd56b22714f65c62e2fc0607baa	25654
80fc402133201fbe0e4e9962a9570e741856aa8b0c033f1a20a9bcb06c68e809	18718
81258b7c45d5e6c99bf241323195afa9afcdba46ca83d2ee867766c335e93875	19142
8178a2688efa8c088781fe42410dda714cf15d2f364a5fb7d6770171f6bcb2cb	20110
819776bb076cece3e5538ff44af876341d3064b19d276d989dbc642236217e1f	12559
81b6aa3fc498975905eb86df168db12ce7250c6c9af0623cb5a6525ce5d19316	17454
81dd00180c96df86a44072c649f296c1490f9a00bac4c1a3d4850aac319c18e6	25655
81e26a3c84e063d1ef1bff6f0151613941531712456ab2b21fe46c15e9b008f8	7768
81f8141aeec5465b1a2a03a6179fbd864f4b77fd286d50a7e96a7044c006693b	29545
822b2ae4542bc74b8fccf9ec3e08408d33d35b919101760dc27e1ea7822f1818	18735
82595181a439286add7649140fb5df58f59b5f0d5d3121b3e936f819bce6d016	21554
829d84939d9c191792d582e8c46d9e52303f126de912cc8991a326e924bd4aa3	30318
82a9c46ffa4789945d9f2359d75891558ef6faa8dee09e4b25e4e0597704f5bd	16923
832b43cd7132939f7c21cefac1ece0ce06ac24fd67f761ec2d84a97e4642a3eb	7507
8334427055a726abaef86f8f5140a374d75327279458f06b9329c2ddc230f5a7	26777
835d4c72c9c65bef2d25af441fe740d4f8d62001ca3794cba676b6502a3d79b1	26698
8372af46d7fe4e2d70e4624e27f62ace87cc4ffb6a7205cee464c342f21020f2	21069
839e2329ebf54e06aadc552b07ae3d8573747db7a3b1449db493d1a68c5dc9d0	24378
83b7fc3c1f672d79be5fe1d9397da4f33c0816d8bba553223fa2658512513ec2	26606
8421155469efa2e65ae6b27e74b3ee7abf4b6d4304820d6bb7a1908cf758fb2f	28605
842a3eeb070aab8372649f41b053e7aa41d0c9a998824edaf65bd4614f7223d4	23735
843fb8ac506bd477770de9de9dee131551b155b8094b6b1071d126d89a8eac4d	28131
844cec1e5b704dcd255faf028148c2eaa58d6e189d7dd03699ad013f7187fb4d	32506
844f05c1e9eca548c23c571962d79ce37eae62dc1d85ab5025ec248931e245fa	22913
8459d05437b120ee548c91c6513656bff60a3309cc5004230c8a715f76015032	26692
8479ac0074832979b5fe465a5c651de219433310492df96826d62223d17211bb	27770
84a90e841877cfb3ff58ea1dd0a6538389386b87e557dc85f36a5fc97a091100	26672
84b1cd3fc67a1912fbe269b467b81215e91932ed3e149769fb5e95d20d6c222b	28231
84be2961c869e377303e59e7b85a29466cd1b0a3f05be25d2a6f373634a12fc8	35088
84c137f0777bb79146cbca0d0207ed01b88b632ec4f26024a35c0db6591d0d77	21594
84fd2a83a9cd587dc1e0f79c7d95d0897b1e5f3667b6c1a95b98acc73cd49df2	21735
850fcbafabed41f4b68c5d14e6fa45a0f8ce0511ce6f7752510d2ca11a3f5c72	33828
8526ba506e2a92619af3e353bc5197378ccfbffdc24d286810b57a402ebe0950	20024
858f93bff46c38c84be0d2a6dc917ae86842cdf760fa5b47034e96705cee515e	31951
85d60147668c9f0101477e6a4be19f613803f4e5942623c4c5e0d92d43f76ae7	30573
861903b1594d4cbca9c28eccaf850ee4e2ebc202b7fdb7dc61762157eff8339e	22992
86cf997937ab9cef248ee56fcd9e13213ff7caa105a9b8c398b1c4e4c5fed4b5	23324
86e92ed9a84100cebedecfdb3728626e0fe00b1fadb860b6bab028de679c5cac	23138
86ec0a9cc25f92c2b525015c93d4a98d6189ee9f42d28416d3c8e1d063f35819	24519
870c5d907e77c378c160f1e990b892b7cc2f71692517b8bde6619c18f7ae001a	19898
870cf32e5d0491374f2474fdd91df359c6b98d4d17976839654e6f46747aa135	34107
8735e80f4a1c0d98af336128a47b34126bb2fb5ebc05beb1636e8b6e2804b703	20003
87af0b7c3ff31e6287a59264ad5d54dea0ff639ff7dea64ce566347fcc2092d2	13538
87f325cd8a264278494e60d6ad6a08cd9e49ece9c5c6a8d0b6c3552ae2ac3229	32866
882648dd5984f8627fd8d69fa3b45c6a63aa579cbb7e57119f13d7393dc30278	28332
883d5ebf57dff77412e920f82c249167a823dfffa374744cc39c99c961075ac1	26794
8873ab98c6eba46e23fbe58a4c7186fa66aaaba748f337431057b40723ce8532	28363
88c45bfcef2f891e36788bd512e251a662615762864a1246bda4737d18003b90	31950
88d2414701713ce295cba4970c27bc939eed823844ce826fb655c19b52c89e6e	32573
88ff276c35922e9b8e3aef7cb7a2ca85043308ab4f65970bf28a97424e1b85ce	21961
8915f433a4ed83c9829d765c3f425e8c505a115edd31ed2e3ec7be34ee74336a	17445
89b2fd5958dcedea88c3719f93d2ddb310fa817887757416c7c4756c8a825496	17902
89b7a631ed68c6ca5ea2914bd7f26e114013b9096056087b91a3859f3a3694ee	34913
89fb42ef9489d5ce503ee52e5fda4f17c27e4d9c814d0c0f976cdb98a76a8f8a	27466
8a043f55ef38458453a5d90a4a8528f6aeef45cbf281fdaf0413fb7cbf9f3058	8341
8a63c96f081436f4fb29a1fd9c3f2b0705f39fb28c679f0910b174157aaf79ed	32041
8a7961ab59837fd7340327fc375f3e5160cc2ec8cb38340de75e5055ee8ba271	13456
8a8f741312e268d0a8e5d6f75ecbe5c5abebd33897cd85abff4a0fda2f0c001b	26672
8a91dbed23de48cac4e4cc024dcf763c5c8ebfdf7ff55fc4cc281aaea11b4a58	31627
8aaa31253b4c1e24a1310aac00e482eedb363366da3f7b9f23cd741725cf3a02	25651
8ae0efff520bfb4f30fd3de1e6413c1f08599bc4d0598334b4a4295bc5167fd5	19988
8b3177a0b270bc466fb5b923ef2252f8a75ae227cb9a004be1c020cb0e207919	35023
8b4184af995e170ca221ca0eae7ad94aae894cb58b3e70c5090f3bf95b2a090b	33830
8b480dd9df176294344360f6fd7be80e5495b115718bbb04ef87b4e937d5f638	32546
8b5b949ec5db666b5881ded3c59edb91b7f8c9d9e3c15aae7daad0c18d69b52f	26703
8b8331a8993688b15181fd67b3520af464316dbe11615a4135cbebcc51df7633	26089
8b862ba45dceddf7e186fa48c1bb76f09730a23fc67f870c015d9649dab27a27	13459
8b97309835c663ccbd239c43c62714b83511c5c5933f23a88d55daf389afbd49	32078
8b98597cc90005c7abbf85bba846822fc7fc1084817fbd86d74a4b90dbb0bc93	34981
8c02e759c03f939734258c6ba64f1df450ba7617bbae4f225f36aa4520652627	26693
8c25c241ff3b206a3572c2a2e0de8c9cb79a2673c40a837f6cf0eba62d7b894f	21102
8c3900a299658e8164606f0ee4daa0aa71bb66d8d9d98a39a0307c84c785979c	34091
8c668624afc8fea765b9df12bff201bdcc14b3e0ff4c9febb0512f9aafa4b985	27448
8c832dfb9fe2c65403f7279c792a08aab5604ff6eeb172f261d73d785e7ed051	17913
8c882f4ff0202437e0d5fce753835453633d646f3d8e81b8624e2b684ddf30b5	21183
8c88389e8a6ed3faef6f88891d4e7195c7a27c34db58488bec4c09f361a4b536	25649
8c8d1b9de6e9ae499f6ade88d02bcbb60d70841f6a2ff8df9e992a482b51ef22	16302
8c8d26bb159ba140ebbbf94e4dd5ac4bd019eb200e45decf6369c7825732afe7	25648
8c9807fb63f087cc4148ccad092ec05fe9813006f83ac10da95590efedcfc365	23216
8c9f8a2a5cb196ce3ae879683529f0018dedcbae7a5b8d7ce0e9c10ef67e95d6	7866
8cadb4f3004829e152678831405e3bb7327a4973e9d6f03f3c6a1d685da69a6d	12434
8cb1606c48e09795858863dbf7fcc1ac1c3d824f7cacb1fcb2467b748e3c5bee	30632
8cbd34ef5b266b949dfc491104e7198ed7dbf00a5f2ddeeeb31bc32e28fcf3e1	24456
8ccb091f6c7325fe8f8355702060792dce88016dc2e85e8fd61ca6fb70d686f0	32042
8ce494df9fb2b28656b6774c9eaceae6bae4d4a350ad519b0f851c3356e560bf	26831
8d214eb3b035f7ff7cfee56f2d33a376b3dbf6ee51e63bca12605a5ee9f6d8d9	7234
8d8359019df103a1e28a1156b5b3e52d331677fe6b443c192cef7bb35155aec2	26705
8dfe3e7ca8daf30fe987fd45487aa36013dcbcfdeb0deabdd502e2cf4ef9d2ce	7725
8e1173b98c8e6476ceec8145c37544b47caafff8c3a217fe1ca45f80c28bc8a9	35061
8e42e195555b0974d5dbf7b3dde4336552ab1312cca327fef5f2240829bd7ca2	22869
8e4360e4333b0f78b322fff4ab85ae9ee9c98713c7be87ccee475b966d6be6fc	22856
8e59e71718b7e2292a8e9979658af6fbb2201f12f5b5c7000bd17657632cc6ac	7086
8ec6e1d7cf87985ed77df3d081e83a3a1d1e80966cb3c43bb16b15084ef6db48	23369
8edf39f2cde3f35d72343dd535f3379a8ef37aadde91552092964f8ee8e8025b	26600
8f0b06a7d7d4a1c01a447a1d975bf0507368ecf814a5fb8ffd1af14114024e84	20011
8f1f2add2cd4fc9b447259ce5a7d0ef57eb384c6d15c5f2c4b25a3e73b5668c2	27447
8f2364e11b8be3ff008f32b3dedb54e659362429bcc9e3eb6acb6070de4ffbff	5119
8f3c04ccdece550046b7e54440b741297cf8d11768ea4c1b6fd11a7d7a94277f	23083
8f54200b9f3ffffd5dd05c77bc5edec4aecbe1400f37ef9dd7b5cf5edff143a5	16176
8f85f58e1b8c42671348b107253222acf266f48e2ae3d57ea8280fc1d9d04372	22979
8fdbe128f69d71a57cc9ae78b54691b9b263a2b1cbfb16aaa9419bb0bfc3ef86	16296
9061383b8e228ef3ac36ddc06d128d0fc5c93edf924cefb5a65392f6104798bd	18835
9066937bda1798a06aabb12555aea42af81dd23ac7385ee35fe280e581aeebd4	26797
909491ee91513de17193f65ba275b55da6b76d5ff45c1d289cce45ca98938768	26690
90a81d79446ef489472dd2c34303f87aca9773e94aaef15cc32dc6c7abc5442c	16297
90e4c180dcd26318e69ff28a7a4a1d5495f089c66e6059e5a3f5d240a8d29ee3	23135
90e8a8c1129496dcfc8575f3d4a8e8f3a47b648e99bd0c980e06cd4a6c085229	28263
90f37b14abbd57dda584969f08f5a03ea96689a84f7eee3bcd3c0bf99a1250d1	27706
913dbe1b1bd30a2fa5cefddf7963cdde959b88c7cefc022f571de8732b3951d1	28354
916d03d17c7d4cdbd214685f693d81af412897c84a41ccc3409e3f2d6c5252bc	27559
91957567912e3b7fd60f1024de26a3000b1bc98bdaf0afb007fdd45b7cc2d739	34783
91a90de9b2eff25201ec36219f840210116fb14ba69ba4f60d1b21c7a7b17aee	26707
91b128195f3c5a5c7a800b706070bfb984ed4641a2dc33ca354cfd16b3610769	13500
91bbfb6834eb221edb7e5016c3b29c6e90f1d01aacdfd872d63a1461f41b8e38	30610
91c927ee738b809eae9786d9f67a5117ee62403ee62260c61846c85e673f2ae0	17901
91f77338c9154d52620cc62251b4a9ec4b7b910cac3dbc44e54c7484d6a3dec2	33912
920e413c7d411b61ef3e8c63b1cb6ad058d5f95f8b481dbafe60248387d8c355	18853
92109a328e57a4d016ecce5bf6a2aa72fb501b461105d4bb72f5b4cdf56822ab	35120
922141bc38114eb3e76f733ecae1288e143355fe0bacb2b8f64367a760f8a504	15919
92491b89894f6461464769896f85b9084ab2eb3ca351573c98d64dc5cdb37157	19982
926c5b4314047434601585221956407b3818b5f1cda70febda6e25d04f204e4c	13540
934a1140d072d4e7e8e5f298d5a1f6e725a9d2321fda6c8b83ec9cbdb862c345	30360
93660a5acda838f77e200253b048d8641b0eceac8d55037221ae58bffe551b8d	18995
937ad1c04d9c2959c37002e5628eb7904a7fc91880ef303076c8680ea0cdeb7f	23102
93a0c8876d39751b49542f3a983c13277c65941cebe35dc9bd6300c5cb1b2df8	22843
93b06db7c560345eb7a6c521050b782b6aa375858845beba2688a7b6af128c53	12222
93cf524980d827548ec6b8d9ae04b77870708cff9ca8f519ae10a437db3e2b0b	25660
93e4043f060bf40971bf8462b138e76866a2c639b4c2f309bd3f1b430c372758	24360
93e4fca1928f24fc172e200939f16f58a5ed50d8ed2ca28f7d405908f6fe334f	34015
93ebb5aeb6594603c5b3e257ecc7abb0030844fcc43acf2efa3cfd386d053d07	31693
93f940572279d909010dcd4f0c29e7e4bb3a6f73659dd89f52f17ad2a3e6eefe	28360
9408ac3344fc8a74125958d7428635546835c08d2a10be759406b6baf432c3f9	21144
94127258355232ed1eb532a6f74d3ef9ad5625063c0059da70c19a6b2865f033	21968
94f65e1443426d8b5efffaf0e41adfb299ba2067187320b886becb882207b007	15204
9519420b2d3c4324c5adf16d893e38c69f5a34132043960e40f9501a1fd0d269	30682
95393eaff08f164bf15c815a31fcb22f2e7eeb8c85841821df5a0fe5743628ff	17054
9546a62422d7f5bee8ce891b118f633af270c20d82e658e8c390e68c3bab0039	26700
954d8dda86e499e79e08808344972e7913f3ac62eadb2755a185cd1d08329dec	28352
95a7649e7fbf2c99ee9176562cbc7874f774a0aba453581f678936e0ecf50811	29519
95b70caeb02662e79564b52f8b684314c2f92aa60e0056de9d6e1fafddd28796	30593
95ba3b78d722eb2d6196fd566ce50668d4f536a0c2ab941d2a79240b231b6a9e	34926
96036870502339f745205239704c4e95e61a3727326ad1095b918012eaea4258	16934
9616077d54d0c43fa51d5df8cddff7a873488192d8cfae47c2dfdc51393a2de3	24376
963112fff38028151a5367dd84e565509933f4a829760c14900dd0465f998b6b	23112
96706c9292325a9ef085b7d95d02da51521a220ae1e403d77232dbf6a0897ccd	7311
9671097f05da00e0e4b8f0946f77fad856c12f49a56c19344296b14110037c4c	23287
967f2e735241c40c66b21da5d96dbdf28a577f9ebfd4d2e75533b3306c91364e	26703
968c01b92f9f649256e1f4aba7058e091fd7d624f7ca57d67f585a767f845333	23135
968ccef813023b5a49ef30012f6eb02421dd10a41fd4981a5decddc3c8df0ee1	32809
968d0e59f4441d5adb1e59e62bea973641c0c05a1e71530d9a89bedd2836541c	22881
96a870a2ee417d27791fb688ab1a9d8d08386556fe35223e9402f6fa2d169663	23284
96efdc223d173539197b88a50eda1f99a36faccdc551f6dd09a533fe2f272128	24333
9725e2c217e083f5a4635c9b0ba6b72acdf222742a64d540c38de8a603b33270	21624
973569548ea6db65ec41f2790a52cea8a47baeb61b8e819ece5faea760e0645d	31451
973756424fff452c4b125787773bb0cf072ba4d7cc7cb55be3d4c6b9adb6e346	31945
97809545f88b99b0a0d1c38a48ef3afb548d3ea51da376a57bcc42fc8e3dae7e	32034
9784d2b9452e7b2984eb85f4831c2c13777bcbea2e0a523ed4826a814c44a983	16036
9797b3d7ee10e1d000b99a1519e4d79a0326f24e3e59c9f37aa4a71113ca76e2	32044
979870240d6f72fbda99bf38af0636de369d4ceefa4fd712d1b0c204aa350987	27789
9799e3e92f561d7a1505b379c7665520e43bcdef4e6d8442fe0257dd1f758d40	29608
979a37ff6db518c81c922017cf955474487c8f4500882a0c46b528540084309e	21993
979d6300fd9884ff8d8e03391d524fed8e88cd5560788f065ba2444db3b7b20c	8394
97b3572dcf77e91387f133fd3ffa808450ccc2350d0756fff1386a8a382ad649	34015
97caad57ba941dea7df9a22e0048e10bb607fecc3a4742cf8aee84edc7745519	15939
97d6d6dcf970cb69de21362c162623421bd0f1b376f25b35077782a85b971cb3	23168
9807831dfd9dd788796747e92852ba499b2fd9185374f76e14b427b208d8fa07	24760
9819e809b6c30803e942df62cc819f879234c74abdc68dd32a4b40e047ea56ec	28131
981f27b8b11a657364c31d77cf69bbf36c87d4db39d60a5751adb6ef0f8a8800	24309
983514ea3efe456b08578145c20c09260017e068d7046a16568831c4aa2833dc	34680
9843dcab5ca7bda573d96de822fb5da637ad18c596d8ba53d6ac29f4580a5fc0	19080
9847e5a2a2a3262ba8efd35a67f143c3e2f9ea6fb3972efa046b856f5b7e3277	35131
984d46d77a0d03b3a2d8de215c1c8ae7ca214211860d5ddaf73fb681255e4ee5	7700
98606421f2e4eeb1f9068b19fa6e2872901bd399265cd7f49eefbe51eb5b3c45	18735
98a66e9745c9cb5e5fdd92f61d20d803eee090f81fce7da85e5f2b55ef0da147	8426
98c457283b45c8636ccfda44b00ada13bc555d530ac5ec5be403e32ce9b4229f	33494
98c885a6cd744b69361bb9a19c875904772f79a181dddcf5fdda283c88250eb0	16303
98fd6c2fb411e64248e51919232a5623b7ba7822cdd1be50200ba030c6070d94	12524
99300eb33c20c32962e202c3b90617ad44ccabae1092b69aeca4e6f8cf9c4af5	7496
99313d04382bd2e659eeb26e46735715207c7273ef81dfda39d8bb074d42a268	21240
99358fe1b46389c5060853b2a5e39d8142b019eb971fa9c6303329cdd10583b5	32814
99887026ef14977ac22335b45fea03229e0e48cc478d7ac987afa3113b77dad3	22978
99a0d43bea9703e63f36f6a2f5e90339eac34f85d6724397d5d9462d09a307ca	22964
99ab957a5f05f59f0999323aedd65ccf9bb2f8edff2790d9cd51638f7f8c327c	16154
99b9be53e29d3587f6bec5b226d189e16f560ce60a0f8a731f7403cf082e4e95	32808
99eaf1a5967ba15c8d7a05ab9acfb1af12de96f5c3fc8a039514eea58db201ed	22923
99eda763bb8f9efce5212d4b305fac70b588655e85166b95ad581e358221c6ce	21131
9a011b0b62d5c9ac71ec6efb03e9542730acf5a65a53343acc5ad8c9f0d08bc5	17434
9a5dd17c4a985a8b423ad9ad313b759f9040d098a8664e7c7927741100e010b7	29702
9a747f6ba90dbc95b218dd44291d8e30df755eb4abf2365e3749c02dafa388bc	30404
9a80d98232f94f642efc3a176d29e570815568a49a47acda7db385a679439c95	18993
9a81463f6423b56fb325e2dbb488066100b9c44cdebb895c09258a84f11fb066	28251
9a851bdb88480a9122b9b6f6df9156d2aa8b405b332527d219788ca3fca3e411	31945
9a8d3dec3700f16344ae2b741c4fbde7d95e9b9e9fa11e1548a35a4837dea1c3	23354
9aa842f4fbc365e109644d5bddc7e156f3cd989220a38aa72cd5a83086652446	7679
9aac0a78abf68172b04781b3cd9e6a0dd4d720e0427377d92709e86fff20d4a8	23129
9ad31a7f4595bc1d5dd37b1b054d5eff2c68841fb1d52f90bebe3236598840bd	24376
9b76acbb3b30d251bd3e21e9ca6f11ac1c2739a77c5e611fa0d14a84f607f8db	23317
9bbed426238ece5e47fd003316eff9d593a66117845b59ed6566c2dde728b19c	30568
9bd848d840be81c65586ff53134e1b37fadb9788e9a4d5255ec35449b94272b9	26596
9be3a0657cdeeb423605a4eabbe1e13b3d47b5e4658cf02782ca27a5aee3674d	26876
9bf4556767f58c9d10e12bd275063cdfef4c06c24d85bc7cf45b0eff7a1ddc33	23059
9c0415ac3499d1fabfa8eb9c041c5e4b1ca57dbcc722b01503130bb9c102b467	22904
9c050d8a2abcec869c7f8a251f064f1bbab08f90f43e87a348a56fdbcd437ea7	27508
9c17eec4f41a996cae7572640cccd9869a1b5e14a0b6974e7164ae1170d6f3c1	19933
9c7446fbdc0007e2da7f504775d7fe814c067ebd46d760d220abdaf7cbf3f673	33900
9c8a61b73267f0857cfe3ed8e5898f53778a0ff43bb0059e1ee194f3dc100210	30650
9cee22c523434f221a4482a86595482020a595ae766941b51da1c8e353e32410	23163
9d67f3822d7a5b34eab77600fd8e96f2374a8350746562e1c8e422a97a135f42	22955
9d774c7bc34e93ab354d8fc754f11d41bc67e3b15c7bb78507b0314d98f07bd8	26699
9ddb7e219f68fbfdcfdc304734c92eead9086cae2325edf8bcb511faa49d619b	16092
9df63f01dd361bcb1b8df0b379cd2cf8f0354507983a67aaba6c761c0584d558	28648
9e084ae0c67fb815862792a847df5018694095795bf4f6a32ab397bfe15ee20e	21336
9e34d3db8410914b1cafa97ac9c1a0f2bbec5833dbe8b38f8aa92d018c405f07	26811
9e423b28b1e033d221d1b92a084e8152e72425374c37114cb91e6da048e6584d	27576
9e8f3f4e5fa2d033fc42350b2bb1d54313b808701fa41b616e507140912f6a22	25649
9ebad1176f3307f467b47905358c99c965f4f75b6ef72ef2ad5938f1deb02450	21240
9eca4c2427a35caf855962e0288901bdc3299afbbdec7cee22f2ef38158374f7	16048
9efe6a5df320afe578c1dcd8068f12accecdc0f026bb7b08c0d78dfb98c29cd5	31718
9f151cb7eee71c4501cbdb7b91ad31f56d5c24eda2daba2f7df1d2ef71fa1526	24554
9f34ed0b8c42a7339461fbe9ebb85ca48bf4b733321ad860306ab395929788fb	28648
9f829958a83b3a893ca98292f7cbc357be880ea1c2823b28ad8eb9dede5dea98	12502
9fdfe71c429088ac5ba73497bfa05be510e4a911af2d904d9dfc31acd6bb8ac0	17177
9fe25a858f5f84b67688ebdec19c9cefd6555b3cde58203dac13651a67b61ae5	22955
9ff7627c6ee998225ba730d21ec0d397270a5e6319d4293cec9a935668f54cbc	31907
a0401ad8f0a5c53fef05853a3f02880e9d1edd690061fb0031436106bcc79655	26576
a074b9fcf545638d4b36f6c6bc545b1a3034556cbd0768e56680ccd5458ed516	29552
a0865421b5caa6776d4389bdb009f6155e90b1abf30f98efcf02719a074825de	23267
a0a981f3f3c51bdf6da278b8fae13ff1e60dc41ae8325293787d5cb8fe3b1d2e	28084
a11d610a99c08b97eaf6709df07d1f572efe06095eb8e8411f115b13e62884b5	31848
a149c12f4ac7a03ab8d0699a7d7f466465c93362d51756fbfdf3af1cba7935ff	27460
a16e2c1c652d40c61cd2d10350cddfc7b7f9d6d02b346f385fda7f31acf28a57	16303
a1c3b059d636bdc27021e39981487ede4103365f4cc753632bf4145116bb8f6c	19048
a1f7a0e7871582a907ec2207306ec67cb9a83306359775fe1c669eea1f601771	21587
a22e0b1fc3ccad47072c7299527d17f26f000a721e9ec6ac42b55f035ea7784b	22379
a259b546f40a0cbad4c09b2cc8037b196394377358f3992ca3b146b8ed8bfa52	33848
a26d449e9fbbb26db969ae49c868c5946a3b715f7d9a57c570b634473fcff90d	27507
a29f59eb2978ae351bbfc458fb9fb43837209942b5f9909e1f61a4a21dfdb863	24226
a2cd6813289cd9c824898a8e9443de32003966ba80d1964604a545b78075e0d9	31977
a307a216022f750417064cb1dd80c258ba9f0ee1c5eb63307c85efa646d49fb4	26691
a35b8202c242a8f925fa76a74036ede7c6d1a8e1f5fe84e746e08e3367145aa8	33899
a37e5ede69cf7db07bec243f5672a4cbaa33375a84d87da650f5a1a686626fce	30477
a37ea029f2f6c5a98759a1c323da1a7fbc8664841646f2baa5215072e8c8c050	30250
a3d19443f605099a1b36c28d82ca7c8f4c16485cde8692c968dbbf94093dcdcb	24223
a43938f3211af4a28e13b88fa5a54401ce85fb2cd76c2217a9af58b28f099fba	12493
a48c00518d67759791f8d3572e01d89848186d0d52a0199c3745e8047daffd24	27691
a4c3155c58acd22ca95872ab13266015a4c1db2acda7381bec0742b78091e374	21140
a4ef4cceb47bb3c253c9598500eab53314ffe0090c37f70d5b971b5fa9040655	12172
a4f7af7d80a31da6049430d20f094fa8ae5346a48f8b188ef5878cf5bb85416b	26662
a532f84d5242e2115521927095cf84f7be654130354ed90838a1599772078630	27598
a54e7b298a69aa29e20146c5e0d29c32d65ba8a28c97f079cf134188c8c574b8	4807
a57d68c46fe9929f3ca5f0bedfc8de48a20d1127a9083aa7bdf2337b813f8679	27677
a5df3e4f81bd8cff59ec39d97615af0948791f09de64774f71f45770f4d4e51b	34020
a5f35f57a1a83be09e28097dd0ddf3cf393c01e06083ae650a202ce383569e4b	34197
a62b8fdf7f62ef72c0ba7ba2e8625c031cd13e868c4989b119d9a5f44e46550b	4810
a674a48cc6ca8c2aef053b5a44b23c72cfd08806cfe862cfe1244aaea505705e	23061
a67c01b383cdf70e9c2a5cfca7867cf3e5eeccb11eab0674381187b76fc715d7	24364
a67efc206b4d27942a55d6d042b7b3176c773d4d3d19b40521bb96a9e004eae9	26688
a68f87d526cb24aca00cd988914ecfff910077308141d660cf91d3ae1fc1b50c	21089
a6b4143b6bc926735f106003e40b3df6d220647f8e4d1161af6f420560721929	27505
a6c7a84baa6750fce33f7512acd6793e53def1d228b5f2efb8074b42648424fc	17085
a71e067682c8217cd8692c0f2e0666398ee7ca0f45a1d173060687436875d207	12504
a729495a19e0ad7e6fba65f2a33a0c85b1eba364054bfa3c664b8cfa178afa76	21182
a729f2775c0b0955cd49588fa00ff78f9c57aa551a7a1af9eeaeab75bdfdcbd9	26687
a735d8e17244d22f60f783fa1b42ac1236e51f98e57ba8c3a9d85770bd3a71f4	29712
a7628ef7183b8b551e1ba0551cd25c0c9babc24714e8814b18973a9b3fb33577	21971
a765af77a8a71f6f99eff13bbc9b45ad7d865a78ea93186b436e8771e42c2343	17084
a786edd19f48c7dc9ac393867b6571b567689ec89d03950972ff81bbe19f1e72	30713
a79f41bcd0566f1304d2ae1e0f918b6f7f31fce361cd725e6f716a34352835d9	23342
a7bbc4003c18f006a5c14a44fe8989efce848e2f06c3104d706ad591b5d13f2d	29656
a812a57cac24e3f4f2b117b822ab7295ebbd3281647693be1c3827d361465884	31919
a875e56d8c135100230178762f8cfbed6d6bfbfb8f0a27255484f74dfcfa9918	31679
a8813cc7edcfbd6992f8ae0cc2c7f6abf22b4b527167d8e328a98271d704d5ef	31026
a885438732cc24f5b41d6eda866956fad61850f1c06d13efade66eda81f0ba21	28252
a88d032d9c30b9e35e2ff1f48fd1c552d08e7535a0fb699702dc0214a4c0f0eb	20018
a8c14e8e76a9ce37db2979de222e48705397d3cbf5675d3441a17b0ca0c3b740	23324
a8d29485c463bcb518bce9feae8ddb24d99249ab8c0a7282668dfa292e11cb37	23060
a92a61c8d4b3067b5355f7e1dfd548da5fa5b2525b682d7d948dfa49ace7b96b	28252
a9381abf3cc52ab915257fadeca4e23effaf45d902615953788a84edffcf1a4c	24326
a9456f1a6b6f0fd0c586c2c32b5449a39469100cb08b93f91cebb4f15a1d991b	21947
a959d1033a25a2494de8ec7780969f29a12b2d5a2e7e2f206d04ab7ad7885961	21569
a96219c35066909239bcacff2896e8424768bdefa4629c492e4372482ca387c8	29520
a9f6bd7d884679300312e0b0c0d44c95b1aae4413e5cfee5431adcaf5cdbec33	32130
aa2ce8423a5041ed43eb3859aa87ab1f0a34aa5c8c74e32bf7f4eaad2882ea8a	26671
aa644a696375aacc90f94bb876c8d0170519834cc92131893bbdd2811f8984e2	27576
aa67b70f2229eef3fc3e36addd14358424e26259d6e8b89cb34a0303c8f4a77a	29710
aaa91aac35facdc48bcab63f60e643beebdd483c94f15b52c36852654d70a1c9	27556
aabe5514a07d5f7b773b0c2e8a648450dc6a592468cb01a694448f271c7dc9d9	32863
ab75e18f52750233e3a9564072273e4764422a5e71d198eb3d4d63c48f73d1de	15938
ab7e0a8f6f39ddf1e7d56a6c3289e143e0e7a3538ead478eb7445d89ca7ad886	26706
abb718a71d0448e9891cd4adc8da55af943063b1f1a4703be972bd17b1cc6d63	32130
abd7160c1f46a06471bb88bd281a04bf2f32d195b618ae0fc9e095e19eb5ea6a	16950
ac1006180562f169dd9b66f2ce6ca2431b6b24133aff7403946c3bd8c12ab161	7086
ac20a57bfde0bbc40bfe70895eb1cfacc944aaff06ca784053623c569b3e1b3d	8340
ac6788d68d0b4454646182591b51074d9859e1d782edd1aca65fe211153a2624	21089
ac8fe8873b430e94ee8ab755297423ec31b3c9a96927f01cead0c1553af03afe	33918
acf1577d234de4cf8b38e666662c581536bcff448f32f3d3f5b000267258b800	15939
ad3032601a69cd0a47680cd6be91b7418cfa09e686386be291c8ada13f3d0cf0	4877
ad3287f329c5f50177109d8ff82e53d9b6dd89621fbf20b356f7a59cd47a4636	31646
ad47030301355341ce0d997c4919b78a35d56554fa8408cb0f24e21883271e71	7166
ad5ea6aae7ca18f5f3823bfd0a0f0e400434b701dd4325c2810eba1e826d7618	18771
ad6695c1c1159a32239e93cf4b22d894a1502e90eeefa769db8734351a122d03	22979
ad67ad5c24992dafe8ee8589b0b33d1cb7216e0be0de1b98252e4c401168dbcc	26719
add312ac824d784fdf7408e97a2943147b1458d518462474d11252498c7225c5	32034
ade01f90ec5d219c3a81b73aa399b5c1239ff096800b9a8151036eac32906618	31950
adeb0ff73a9feafa91788d2ec93648bf53b57df31cd98dc1e45539ef057cf661	26683
adf6531a1c790624ff8e7231a9dbace675cf10afbbc7c83022ca6543f480d803	22842
ae1d290d61e5181c5ea9fd23ff950fb9d7616c6b76e0c05b321d16673b864d78	21908
ae20f3f41b84a47321791d86eb70638d7a8e5f0138b66bf052af4eaf6179a84d	30394
ae64393569ddf4e68b9b92700b23d2334f845b547b63005dce8b5fe40ca77487	34025
ae6d65d1d609e653790380a0587fdb4d36c7163b11d63c41ff42d13cb8eec2d9	23729
ae8ca2920da09695d07a16809ef31ff4b32af722e6ec9a619be5650113736d95	31722
aec28d5ca70977eec507efe70d679d641eee1cdaea4b74a3260f40b173d90291	21136
aeca122c254fe2dac3b439758252b090c1ce71bb54b4b65114e240f4e3779868	30516
aecc8844aa04dd53ba3d622b04ce3ae8166603446649a55ec6de7180c5429b90	29624
aef86876885e4174e28f0a80a4f3e3d853bc40ce4b41624557ad9016d50cb5cd	12414
af16c830c510082f56bd99e3eecb0762309fbf31d47f59fd4d25f81c32d4f0c9	13454
af1d07ab7ff8423cb0ac2137edab934f3e70bc1e8cb6def262bb3c22d70aa5a9	29592
af4d3ba270800d31b7f031543b5f744cac3e1fb8c9104f9b759e28872cb05ea9	25651
af4fc56ff3a219a8691d569464644547c5b09c857b168c1e5dbcb2e5d29f588a	34754
af55ccec6442d187de2465816dca170a86217b50c9bed9729e410e41d637a97e	4807
af6ed1f2634dfe39a004cfcb5d324dbf0e7c3a208c3206de54803903c1420f7e	27770
afe643400818099d53a414247153a13e54aa2edf01a82925e8c89db18f2bed8c	29714
b009adb8fab9dacc923d89dec2a0a9c9f816c05218001eea08b430cbefcfcfea	24784
b01e235a2869d5edfe1ad1402f38ffb795df8f6b439bc81ed27b712327e8f842	18853
b02e709bcdedf50a2f69e3c25b6fb591e64a8a9795e6557025c1f8056342ad54	18701
b059aa2815084fab545cb8e718a1ff9483f2ac6e5bdb5b41f499739c3731de8d	23236
b064fa416ca6ac91918273744453f9386d72ceef285010d1f5dc8836117d5ef8	15938
b0bc05e30868bc0acc1d2a2bc28165b2fcbbcb3fb6702619c564f4294021add2	23051
b0bcfc74b4e27a0dad94d04f652ec4d2b529344dae94b4da82510a12067381a3	20024
b0c98818d39f589d8d94460c2ae051e5a93e515b37b1b5f1de181b8657f161c7	29751
b0fe9e64c7dd1a921ead063873cda1113664229302489f315351a5305924666e	17460
b123cc4ad94f324e9fcb6086f30e2c797c4a526fcf1410f40ca3835bb5dac909	21157
b124e94203b2007887628337b34b03e61a8fc10ac5c5d116baf5ba4f1d79a432	30615
b129b92d7bbe8a46973b7b6a0983cac4aba420f015503ebc3e8ca6c9e0cfa4d4	32040
b129e8760f30397d67977d70a8651decae4ed22102a9aa6d38161993e4c9e0da	7236
b17309e50a3ea7d66e6caabdf5fd738012adc3ca5e7732ef751dc2edbadf9a10	12437
b1b5e6ed183eeab0d923ee42013dcc304970d0739674ea3c121c6559ebd44e0d	24375
b231587c8419487b976f5de83b6a3ccd6d1c15fe0a2ff555bd80b0e676b25ac5	26600
b2baf85f7151b775a3f0c8a994f643bae6512e1da82cf956cb9a664925bccfa1	12171
b2bd0f2947040c82d97878cafa0455423419aa2a104048e8f02efca7e94ce371	24800
b3066f08f8f335ff1d75d2702c916dee61de958ec8bff9769c873d3543663899	26688
b328f6a49bc4a32c97000fc24d72b06910d604004f5bf64416a7723c3cc76805	31561
b357977b9cd48043148737ffe1de30cce4667ae5d1c78ed5fd490e13e314624c	30663
b371995fc1402d2a10dfc8fcbba787ac46754f0c68fddf8092fe05ce71bdcf0a	21664
b3774f9b7740b736774d358f8a033a08db16b91e141f13e5d5074d69f0eb9811	22978
b3866c584a083b2e10a56206b0c89eb83135d25455ef376d737132233f0bc05e	21235
b397dc9e52f9c0f120202576de0b342e92d3442a291125a88cbf2dff2f8db3e1	17885
b39d5289eb6e6850989323b58d456326d51d2db5812729711c36ac575c7f05bb	15995
b3ea10342b832f48f640c1b754870aff793a6bf7a09304b96e65e3081027b88a	20026
b41757d68d31a776b0f8fd11d8f168ee6f59026987801e6a6939fe423a539584	23252
b45d653ca50fcc8795f924db23d8635d07367e41bae4288cf3fb9f685b425812	26087
b4c5c391f73749b7d59f181173f2bf8905e9d69fea4780a943375c9eb88b2c55	21987
b4e14ea65e6cb1b8f4aa3cc0707eb4d2d7f82546faa0fbf8d2aebb8b35105c06	34053
b5274ab7b944970b5d205766c057b063a848c0e518dc430391f04d84e4adaac9	21735
b58cfd35e417d937aebad6075986d764a396a88412d40a58080f99813244b6cf	27472
b5b016592172ae827baf472342a3d379790271d0ea951f115c733cd035ebfa73	33938
b5bfd851eddeb47bbfa4995fe4dca96a64504d2a5cab2a18c2c6c998d0ad0d7e	30471
b64711435cb4616ee68346f0e5e5c74b586691d2f7c47f24db1057a66e0a6ba9	13429
b6693df4297c1d0924c21dee542a9d4cedacb92ae0ebca82ebe30a65f668ca55	31434
b66d044181a0e29642a958723512a8706ae494ccf63552c08cddca418d1cf097	28702
b682faebbb672a853ff9f4537c8a47b86c0fdc90475af5e311d89da75cf74faa	24309
b6d7659b995bb145963fb05b4b31fd3842620324ca7c24884e8a232ee13274dc	30693
b6dd4633c1ccd1eaef700f360029d8eabb4a0ca8563f43f188ea29270fea07a4	32583
b6e083df84e5464f7d417b58f703fafa7b808ea8f6200c2298ff595fc4482b6f	23059
b74c450780bfc7a51558f26a296d914fdaa987672754ef142ed1c69293a11473	27603
b755314b45a910c5342f46448dbf13b9fa073bc379c9a1ad935c92b18f5ff07a	24295
b778d701799ce8bc129d32c37f5753e99349dd4f4ca38c36288521f50853cac8	26685
b7c9b5ccd3e3ec741ecfa5864b577f5dab1d987bfd3caa4815f1b3f8354a5f16	16991
b7eef6cd5d9496972f71e5e9c6f9f1ac1848b82a8283870b2f1dc5d7b1b4191e	17926
b80e403d2645d45e3503a6575390f40760515800fc9199c522bb2466c9132f1d	17160
b8189253ce5be8dc5c12af5554514092ab2477697940340bc7c0c84ee2f98aa0	27443
b823d5f9d1ce690c00935e097200405bcf903b6bbd61e4866c3c1fda7fb3238c	13540
b82846be0b293ed11a989bf7be2639b31dade8def4db5b133d30126c1974185e	15860
b86d11af79188e58af384b421f2799b08bfb151939b4404679d948aae2720b0b	13449
b871aff740ee7506069c16ea08529fa2ca2c2c6d2a2a4d913e706cd1b3abb2c6	7175
b880183f0e4cff42710cd6697318548cad9b18c12027438befddbcfe63a88a10	28057
b886ffc07670262f585dad37fb276cd6d0bc2a180f7fdd484a810d635396da66	16296
b8aad7712647d72e5d55a7427370bef46eac192a88e6307493a41ac614653b12	26716
b8ac5c80cb31f07936f59ac49a11dcf6d3e62ec2c6744473e993701355d3938a	19928
b8b66bda14acb501e5e7a199b3e7ed7c27a0f67375d3d3740612c2173d96847d	17160
b8cafa41bdc737c625facec38ee8ebfd9fa8302f158b69a2a988e17950e31cdf	13422
b8fa002df5c2f610a1c6711df2761908621e54d5d49f3e478a3081340fbddc2a	33918
b90766e1bde39a27cad8ee5bf328941c7eeb548f0441f22214336a0b21a3849c	15205
b92e9360d1381dbda25fc028a33bc108a56be07c02941358542d9b350be41c53	27608
b94d2c32724ef3c87a1ff681d2238e09f62b81239a651aef5adf1c7f9c831276	21301
b94dac135b0befd5f0ec921c222d0b1214781e0b06c738191587ba72ec3e82e6	4728
b9945954a1de43d3cd2c15958e74df646818141dfcca6bd941153b7604aa2aec	27568
b99bac921fd6089127d5a7d795fca27b3c1f3cba50501eae63171084b7bd1266	33952
b99e6f5f13f392bc5e118b0de1688818f96e2b66f461e3118507875f077d2b54	23514
b99f600dc7b78b8accd6b6f2153953b590b322e02305ea5879c5943cfe3825d5	21805
b9f5df3ba9076d47d21a3997f9f309bf98a3d3a5deb9c354c8e952280aefd98e	27684
b9f8aee01d42eb08135783d441076a2e45ba68d0a7faa74cff995c7b73f73a21	33881
ba4483c3c09d65ad4b5ba6d24d65d822d001d47d6d9977a9fafb477d6e2afdbc	16259
ba6e1dfaaa988a1eb4ef49281cc2e567cc5833a39178fd89ada4d79c781fb423	31405
ba9a0bc9b9220ea627838342522638fd0f3ce9509b57e1b911a9910ebe291bd3	23559
baf8f2f4bb1ea9970965818a1660e3196fd405ad98693d7a304a0d133d99841a	23250
bb18faa054d7c4f343d49b23bc63cc59851d7b53a9719800ccda2a3904b10978	23290
bb1bd26455db2e8455a0632d7a0838545db25db47b8f97428f606d524424964b	7768
bb8cdd12c885f552fef20c1bea0e76c91bb28a45f8ca2b2acfd1efb57a0cf54b	12387
bc5f562e4237c38088d7ba07a3a97f441b6e1db1f8a1fb5c1696e1d9a176ef58	32043
bcc5fa545877a88db4a9c0e4840452f22a0ea607cb8b15dd6a18247a159db389	35022
bd3a662edf27f7f55b99209091144af6f5cc950486a252d08bde674a2cf10da7	28365
bd5a30f83853424752bc35df251a195236a9d842cf74474ef73d7d12e0588551	29745
bd870f8b810ac32ff549d109167d5b99a5b2cabf9a1bad7128f059ab29c81900	31962
bdc7e96514483428984b8dc5197479b3cdc3e492a0264b5d6d0cc6987636dcb9	13421
bdcea7cd8dcdc5133477145a960d34b8ce3ecf8961ef11626b4b7edca4dbfbcf	23354
be489d21b6e91b2f2ff3e6260a069c7bb1e2e87e0169edcae74009eb4862d750	27461
be555c901e4d052f7c53ab2a5e644dcbe5a060ea7b08d0a2283bb81f878e4707	27506
be6e5e3c84d1e064e9a2e022aed67c68e6c8802bf55c3ceb832287a1b7126493	21334
be6f40c9ba89719508678edd0092da650a3478800e8602de353b9ad8811798b7	32113
be7b8ac3d2eac53d917403e68b0dc4d6a21bb383b2c6a6f7d7300079cd9f30a1	23644
be89cc931e645e59ab01b4e175a36807de01b40c9c71b25cfadab0e059784a2b	35079
bedb47eec62559b28c861b3e39757937ba68ff1850d6cefcba85b1c0f7e6488c	28266
bf428d3ff5c6e4de55176c555db4a496b31f33e53e026098bf983a8bfba6fd43	7866
bf8eede106cfbad809242fefbd888e8c28f5abf9b9a4c6532363e5ad73fb2704	22945
bf93e917571634a33eefc652cf3ab71e474583fae001948353f65d90d9578bcd	17176
bfc3440aee307dcd5bf4e1dd35c49ddd94f7fe2a82ae6bf654278deb5a69957e	15859
bfc567795ee3133b983adcebbcfd25ce39c9d0f5e3fd10fd0a7a16b10496eb71	27625
bff3633d2cdb0f8f0d5e26853fc317c4c535371ee585ce33a5cb521b8c3927ed	33970
c018d00c532c96951d5486ae339bd1413afbce20a5d73f2a04d009cfa026014a	12191
c04156c8a8585f1ce4e1e00a1adcb58e3b43ee7d4a83451ef408930e785defb9	29647
c045853606e9c85131da5713abf6dd601d6d7381b1d02e262a54488d824c0676	30568
c0b283fbf492d2305b2539dfe51d9d176d439baad4f92474d797334387684723	23747
c0c374f50e5084e3937593d94742854676c0b183005c17da5798288c0bb78c94	28992
c103ec405f68e595fe6428bcae878d14262db0ccbe30b240002b8329e25dde71	29410
c12440f17e8c6e3bbd5c567913973ccf2a16c00c6555956daba7e88cc8217f6e	27445
c12ef8cd34725ea96c65b6ad326e754053b0a214f6579fa5a517817216b35564	28179
c141faa80e43a11909f5736d1e767f12e1468aa06dadd446081746934e875fc3	ambiguous
c142d3f49e011f73677072c2ec03cb9cdbd5a16487fce48c437adde0ec8b6d42	21334
c147ce8d5b55243bc115905917d1c8f0e59b9e464610aa0a05130951da64a673	27509
c165a5b9ed7b23199fe927eadd638ee11c37205adf2e86eac083e6df6931f46d	19983
c17b94b8c9394d40151ba4078f384f0bfe77936d258bc2029bd8b857685cd3f1	7471
c17ce6af8541b7af7efbe098d395134945a7fbac7d22843b577b7d59ba1732ed	17915
c1b2f3a253f9dea937792b260d0e4a5f659633020a2dace0c22dcc2aa3d4332f	15202
c1bca929641344671179b4f14f5921df9d4798b101685f9c5b8fdb47b52fd46a	23307
c1cb03c80bc9731629be6b9300ee896888ee6a3f38e9169a07ee748ad9a29f03	25660
c1d9b91d12593c5aa0e14a381673acc861ca5cf40cb859fa4d6dbe29f593f894	32864
c1e53538aa9f3e878d207c4263ee0f5b694ff35adc79d51cf216e8e02bcd4142	15996
c1e840f3fc7adef6c45d1cd5e67a99214116b597254652376385574e6a481909	21985
c224e544607e67e6f46dfeb3b16afba6ec14f883f5448f9b16fabad4053e6767	33896
c248bf2dc4838b49e23e14dbe6acdcefc22694d6611d4b59a35451854a78dadf	28555
c259cbfd3dfcf8ad2cb5400d5e8bbbe230e2fa9adc686e6a1046cd60b6d309bc	34763
c272353fe8dcb98a563d55afaf354aac6109a492662cea825db374d1ae90bd66	22857
c2c4f612d29848cf2420fe5a178367c06f7536115a21c8d6dadaa14174a78705	28338
c30ea9fcc4c934debb35d82d8923dc5169a9d6bc6791a5bd0855805068ca4b6b	23514
c3963aedaac6c83c04cf8fb997b479c61e66b3caeecfadd2f2d4bd5b0aef1778	16923
c3968ee7adc40f6dc011f12ad983f16fb2b3551cedc0d7615be56ede35ee7850	23092
c3b784ccff4a24a9c6f4f1916b68b2d9c6c3cd47a654cb740bcd7f37acc84547	27717
c3bcb54d1961b0fb788faf117ac46f9fc6d0df69ece5b8ab39d0bec89b3a90a2	23644
c3e050e75de909f09f76a98b6010f496134d0fe348fd90eec40793ce1c44f1b4	31627
c411fb1d911dccc7ba6ac739be40ad90653449ece73226e811d3631798151077	23119
c4326157931b707eb6943020f654f96f6ce350c237f7a27dd4844b97aa76c24b	22869
c43bcc84d852bc2db98f7ca4337980c5372646b03834180ac9ed29fc3254facc	18981
c477a83caf1b18ad560eb7229ea9245329b73deaeabd65209e5f2f1db5bec428	30471
c50e38b6b28352f122e9928896b6b55a183170eab43cfbb7d45db4cb3a11e024	26606
c59e20cb2e8739031679ad54b67449ddf8da6361010ef4098fe382485b0b3974	34926
c5c067ab824752f971dd2eb71e01c0ab19bd2983797a1514199d03f36138c611	23302
c5f0c6e7bb4e2eaec396a5f69a0247020c5a5dd4b349273c989375a93bec4e75	31867
c6402106c8212060a327a1f37524a814dd135a068ae74ac965f20aa69b9f1a6c	13459
c64491c8eb4dc4e7868a115c0e514ecd80f8b3fc96b03a313fe16c885f0f8209	31893
c6560cc74e4e57f0f1ec42bd8016892223ae64f68903e549a50c516f6926818d	19948
c686decbbbeff92eb2a006d298e3c4d6d47dcc1faabdc9461d4a9b52a820ad58	23035
c6b76497b3b24f02b795f5a40a73fdad8c26fb5c406c26099aae25c64de679f2	25652
c6c844cf8d3c12584acf790e4c10c6785e7f44c4f6ec29e96812e7a95bffacea	24799
c6d52d6e53b2f91947de7fbd2e6c09e1f513873315de262941adac942efceba7	16224
c70432f509009b3126201555d63cc2d444a1f5bb5603868399136fe35457e028	20050
c70d1003c053efdba324b735cc3c0c499425d5bcd5a2995bbb43ac1a0085ba6c	17906
c71d7fac36b3e748abda49b6b053a1dc2c96998ab07a516a87a9c4bda2363e0d	15890
c73a74e49a0835ae451d50013aa17c8c53629f485cb44f88dcd67e5abc8bf82b	23281
c73ec52d916354a28648e94fcf2afab0420957028d31083d7fd1c0526708b065	26696
c7416f3ecd95657c2084cc9856218c7269a949f13102193e6ad8f14b1b1e0554	34875
c767f9202e12e77c7204b90f20381e2e14253506f7cc5a47e955210cb505b434	16107
c77538d3fe65beb84770537a6690ad229603f345cb57bb1de04048b81af84130	27787
c7b8078ac98628754ab483cb4b58ce24cffb2dc01f00347d7c1c7a156980ec0f	28235
c7e5c7240b1454a6c4002c551f22fe585610f3ae251c25b9b2028ac2723a8d8c	21111
c85f419568e3f449ac6eec8bbd472db76850cb9e4bb8a5cf5c1fd5526eaad91b	17388
c861a33ce80bd54e5663240375b9e3b2d2c6a565817be3d1a83045f7cf79563a	32043
c8679cf3145c925cebd53237b2f0dffca6dd13a5c2a41467e3e1d9c4bdde8bef	28179
c8a7f93f52bb7c097c5ec237f1a6e319e80ad7aecb33f50ceec7b0fadb17e61d	21685
c8b020e9bc4b23c70cda55f098a9fb50b17137fb489c26867917691d89bc3844	22966
c8b4c273ea122a80cb4bdef8ca4feda3ceb933e3a4f3e0ada039b2a1640c0d71	23736
c8d72d95d72bf8e8c5dc8c5f9683355451b4b41b96ba26f2f82cda2978cbb8ef	21294
c91c0ed9868af61acbe1bce90af6019217da66d328d9120704e21196e1b0c2e2	31962
c93c672af5443c69beb92eded73c30d33f2be248a4649811151b71d8efc18442	35129
c95679c6016d48a9affc811f79a390d96b0bfa1620cb0e55e25a12225ed9417f	30168
c96a7f2d64a75c2f85e620785f519f337b09f7ffb737eba05f8264a16c519fad	27448
c9a5da1af0700f94937ff1767b42d9138d192f082de653cf7a4d6d08778f8e87	15923
c9dedad9cbe8d051f90c135ddb5b219fed5da70be21baa53d9e980d04ad19664	21111
ca275c3d8de81cb923ff51901116c66c4a4f36e5cbbab07790a7d221ca6d3af9	31848
ca33ae8f1bb6826d7b29fc240d57b4d1c5f63601d9d46642eb2322af3cd502ae	18910
ca6482a42babcb32da7b2f35d88bc5007ab31aa551dce17cbb947b23fd28c931	18732
ca992201e587903d0b33a035e57a5d2e35ff99d961b5e3f85297e24e6473fa67	23168
caa01d5b33250c775ff667bd5b6e11450b5c32f205126e5f0da4754921ffe9b7	21341
cab94f6cc99bbb0be8a3d9e5fac85c559828d5a06eb2fd22f163683b0e0ff21a	15995
cac1edefdf4c2483c6126d28d80a18d3e33aa35d5cad205d6f94f93c6646594b	33938
cad7e25a8e0994db1748453e58e2c8ba25f5e25d3db70d18d7cdb34a55f4f092	23226
cadfbc8785a2379123e39bbb392510b586d99131a391f2d194f08531ff5cbe90	31693
cafc4e062073db32b138faf62d95ef0b00f23cbd8c793483d63b9d77da65054c	16264
cb1b1df3dcd649316249edc018de66dd4e250485aebaace86595bd3c0a47839f	17885
cb1cc516454733a7a298b0b593f6765cde39b3942cf328d276c5e1e8f6d7e3f4	21541
cb4c9554b6ed6c9fc7fce7168746f88932d4ffb0a2efd3120665780e1fe793f9	27731
cb74598e56709f85149c635636e0c81fb9be2e756bf4930b7172890213403c08	31876
cb97b8b7d39c50ea34cbb8fef5c85591e237c649d47ad5bd948fc382880ddef8	19898
cc038b7770f925a2800e1ef3d7f2bbb9d26cde2bd091fb6c09bfd5b498b032b5	30367
cc6018df8dc3947420aebc7b4482fbc43a9299e572254e5007c893102536364e	33988
cc7994f863909ecbe3c91fa784be43ed240667c8f83da0e330837ebd2abd398f	30445
cc8f3d7745fdb93faa44911f41563ade39c12c06dea4a17999c2c97971f0c2a1	24350
cca4dc6b5fabef9d2a27f779a7806ba544949b0f8f079cc7c1c6e344a15beb04	ambiguous
ccd88f5b7421a5eac428ef7e059764ff14cc6b4e16e7c8a1b985e700a3d93e50	21157
cd6cc672f5b271a606e185d39ee2fadba3d5ce415b5ed963aed2f1e17921439d	12290
cd6e20874acb99d9bd33116e4abb868a6a360aaaa78413dd51eea922c9d77126	26709
cd83d0744161e53519dd0c874155172eaeaa560349d46086fcfad724cde7da83	24226
cd94550e4d9f935fabfee65fc60e333b0e4ca78d23c2ae6ef8e5863f3e322504	22838
cd999e059d75ccd34aa10106932438da66983869bd552f2051dd968a5e5de68e	22842
cda64262d9f2dab0271a2d0a1eecbb6f90688b2feb7c67da1521fb7e5457109c	31919
cda6f2164b30a888d8ef49947be59fa68b5843622427c8e012cfe6754e96d0b5	35022
cdbe2ba37b36f3555116d85b3479a13062da1e8634e9180b00c8dae1eb796258	29667
cdeb4aa9a190751097fb949b3075597629c39a40d6d2e683f2faeea12b5592ca	27440
ce0af8a4afc8fe823bd862e131a8aca1accc1edda3fa6342bea998c3c5a818f8	15983
ce2148ebf4cfffe7a66038dae41e4e84d30b881d8907a3bfb0efe6139621a97c	34180
ce6d5bf383dffa2f458bb85e1061778848ff3809c2fd8b4e215ae85577b39613	15944
ce6f9c06b0e2a65b54ca1bb4a9a7ce4e6fc46edea704c2ef5c6bfbfae1951321	35120
ce7cd3e5491c16e671707551eb2b76db3e3c54a4427d3470fb65d1297b6227eb	7531
cede5072e62b639516de44dca2ae99287f9b783fad8f65636d9a6446fdd8ac8e	16219
cee4b6307377fc33128e5fd409dd371e86d6efaa21283eb62cac651d980a2e34	15933
ceeaec89da681330b155d1920a7d25311d45239aca8bef610b18a2cca7355d66	28227
cf1873dcf05d51db4d3aa450228d4e8e9b9e8586c2793e280f1d4d04ac216dff	26085
cf31fc208df2793fe3bf35f4190a012ff44cab9fc88bbfd475bc286010ec9eb3	12453
cf3e6f28bcfd6fb9a7276d9c213ca51946163bfc3ab3968dfbb595486a04951b	23427
cf40737ab0c1a20af579a0554cc054f6696cf4478643aadee3c3cb7093b38d47	26707
cf53d1866cfb5078667520625c4c217f8324bd0c706be656d68b251acae010ee	28151
cf9c7aa24a26aac4f0ec4b6395cbfdcc055677c3dac87bd6af898bccd66d4e17	7471
cfb28ce8ff38f4383f682c24bda8df9ce8e6926327f0b343caecd4748f2fe741	12378
cfc3f8e950bb812b948d85c1d4e52c27c29f6b8faa0b7215577b675f4225aba4	18668
cfc9d5f2e2224b993638eb03238faf91504af7a10d6a843bfe564da84b790521	33831
cfd9a41b80ff596eb719e56987a5edb52a16db7db705cd23a959cbb3146b5a35	15967
d0199e9a3f764ea68633e52331ddcd88b9ca4104b7566e0a460677357a619ffc	24259
d0205b09b3847b17863fc135147ad538845faa54ea6f9c0e8dc464d57bd001f4	24360
d02dd262341d405697020e1b52225cc4a23044886a7f66d1cd205b3aca87a319	12379
d06cc9afdf7a5bed54ca95ffc93b8d83f5334dd4ae4607a3ca83e00883ebbc84	8298
d08124260a30820440b1e4824e45448f4d504c9570d8dbfb4308556ac83aeb4b	21099
d0b1508153aadb26d2929d9188edb703d019900d6a4ec9f78e544f729e340ab1	17458
d0c15dfe7a000b15b24630e6dbdf85d99137f54fb6f19d031a5b03440e49cb62	16073
d0f4c4bb7913f9432228c133941e2d637899857253881401d29f7f828df42eb2	27623
d102934947864d2d4224fde7ab327a78de29b614129f06aa06d62b1b0d60e5aa	32041
d108b0adfa61f0bf7dd46066a2c811cec49fbd37cf6a74a46e7a27451fc630ee	31956
d109cc3771f4a961722434a07f81fb341f22bc92c46b664cb3a34a00eb7e2121	28227
d10ed8caa58b78653318b3e72d6d5ffe45e2695e86f002b4ec07b591616e2243	22992
d12c1590e9f63ebc9a11d438d44095a87c65c7bbb59b366125004318d401c56f	22906
d16dccea6f9af9b7ee05466056ee065f835cad5dc01dfea9a622b622494e6910	28365
d1a5d2f500ad389e3ce90eaed14c7c6b1c57b1d98d8f9be2e70899c595e02ce7	26091
d1e30f9ab14eb516420075e0b916dc77ee9173245570e8062ce559a01a31771d	34077
d22552dafc383a9711faf5101404b6592c30333d7f2594936db0bd70c54b72f1	27510
d25419a51370cbaa10321ed98ee5af42e93a60def59fcc94e8cd34c5ff7026ac	28345
d29a7ccc7522860a078b9500c16a15be25717f30ad3a3504d7884a99ba2ad6c3	27610
d2d3540ea3bdd9f378b5bec9daac7a591d6d90c5d47d805a02e3245a57e2fc05	24486
d2db3125f286923fef91549e1e136b49c11851e25e2f0d3dce629fe1cc303bf9	28398
d2eb9f2b6c1a2eab4e50aae9097fed901a11694aacb0a11dbbfd88b901a6840f	15967
d2f0a54974ab93f2bce49ca41a44b4123cc610231ed2dbafb5cfef6139dc9959	7069
d351d0303ad7ed22a86636c14d6a3fe62d3da065ad744c4f9c1fb26c5ffe8a54	26086
d3ae14a50bfe463f804c73c9fd16e88c36bf5a0bf4a56f98ae696a91eb2de149	7471
d3c65b5a1d3e219a7ed6c7e510642bd4caaf6773be8f2c638387db8aeaed31ce	19919
d4291333066f5b75dd0f1a069bfa2498572c9ea8294c30bb4b6be3f7c5a2d2c4	32040
d46bea47eaf18673d51d3efeb8ccfcb2e158db0ba80e762efe631675abcc0332	17177
d46c9b29ed1d06a485b1527fc6a2c55db87ba363d04b2708bcb9faa226652f66	34180
d4af3c32590c2d989ec696fe46ae11432c54ed6791a932c24e1dbfcb7b18ccff	13414
d5150bb6c5de17cbd7ec80ac70f0938c5e4bcc1820aee57694a8786ce7065fec	30530
d51e7477cea98bbc5705882f37ba68a0a952d140e5cc22fd9918442f650828b8	19849
d549dabc8422be300acc656c530319429be57b9e252e80fc4f4c6e424ded5cd2	7069
d5554f9d1b055b89c28cc1988b786f2388ac04f755ca1a22750ab881fd6c9120	16016
d5799dbcb28bb463fd55f2ee61c16e0e4b4629caec28f55efd3c2397a7b5e9b5	26074
d58332bc70e136f1ea3d23fd07f87d3b8149abb319c59656da830535c818b486	19988
d59b7eb4d57fdc20944694e01c5943fe9b66723a0efd9f243182b569a2ded996	23165
d59e4aebf03fc2aa46874d66ffa85d601433eecd8470ac17c3946a81d3846d91	27607
d5a2faab23ead6235ab0244d489648e17c1ea9626b3afd6634a710f4366fd76d	29672
d5e50eed1cb55c105d4922f660fc728356bb408c2f26b32b6978015d2c3d6932	21182
d5ece3c0c5f0ed4b04ebd8b8d1aa0a5afed175513aaa087b97bd4818989f5ba8	23732
d611ed6e7192c60f4a492df321ea12cc0f11edad72cbc692c0da5f2ecf536b65	4728
d643c51066081f7f198762fe88aadb5b887eb064bd5cf1a54cd5dd3bc628c0c5	27597
d6703aa571536d4a8e50ce7d83ed40bf12e7f3f42675f7a60a938d6af924d7cf	31643
d6996f728bb014492e75eb49416bea7a0111a87dd47c483259a82b23e05ea184	15998
d6bc8f8f6e7f25382b529240d2ccc4531d6a4a2d65cea278806eb1c9464a051f	16015
d6e645b7d2b2da646d44130464143171935ffa47558b4e36c05df175de7197ba	13429
d74cdc5f20fd85cd10b2cf79ac3fe37e1cb48dda328db986f2c35550135dd452	17413
d75b59db3a4c99ae4db647afe2b8e777ec792c3728ea236fc8fd6c73ce36705d	31679
d7789c927527bc4c73e97f7e1bea55d7236f6b663f1bdd2fd2d73689418e3779	26764
d78252f37ddc03db437c78ead4150ad2830b2d921cb48422309f57a02b42de62	28357
d798da17bd075fa39e6fa39ddcc89127e2da5f70bf6e7154d59bdb1a89232b74	22891
d7cf9b281c6f78caaa095d7cc306335f939c79a183c482dffe7ef7ca15c5f011	23624
d7eb4a168a313dedea48216432d8444bd00be54624a378e256987b472501e842	20018
d80252c425c09389466f50501fd901cc6782b48ac88dfa5744409d5a8bbc9573	26709
d83dd4fa56f1df01d5fabf3bbcac5b29dc16705790424ae828022a61da6fb160	30528
d854396d5a8b50f779913feff8b258024afa82c461088595b367f758e27d5b31	21554
d85a45c8965a2fc44fbaeccb68868394bb80a0d77c618a5c2a9949c62defc17e	16090
d872186c23889a93b8ca57cae5a117cdadb65d94577fa7b30dba3676513a0d4a	19973
d894137678dc10dc9b9378f27d46e95d825bc0f480ed8ba73457fa6d352551b6	19993
d8977409fc7f05414076a0659cc84857fd1eca2973db04b498244e174a361484	24779
d8cc4bec90e67e557fa8435efdb68b39a1c09115c7809e3e1bf449b7c51d7fd8	27660
d8fbedd38c7d5bbb016d41b36c1c34945b5b0e681790563ce29447039ba3d06c	28304
d90715959a998fc23ee732b5f4468c046000528410ad45220268ddd97eef7dd8	23234
d9096f6642d17ea68ace582751887eb96639336b198cd327e45a48d7c49d0acb	24329
d9207de65181a9b70ff9bb0c224d562f1860f048632604016b19a0c8925c88e0	23369
d9424ec59eeef1ba444d7fced125c83e0d10328981c1b1a5ea8d59d4cd6cb4de	27706
d99fbc7991adff693f5fbddad52c5b73af9466b691070124ca1cfb7f895a2060	12453
d9c690c445185434a163ae39620f6b09f89e3f06974830d3c23291472781fa3c	28323
da057a735d57881a1dabf21d01ff403b8ed2d86808a1fa5e708e02d60db53118	26701
da6fee648d7e948c688220d5301b74fbc68474bebb413ef4f6156894a0f68227	26596
da86d41db95c20cc91552367f4bbe3667e4f9984458c12d16f1403a51b556a2c	7371
da8ee6e5fe719773418585eb855ea7eebe529fecfe9551928177c5f522701d3a	34983
da93c5456cd65b962e8b3e831d7d6946811d3200b82b5eaceed29fc17bbbe52f	29552
da952101e4c4b7f809b5e20703c493b8ed2929685f9c41a52edbea14070f8e1c	29608
daa01c42606497ff407ed89f5d9b673ef8bf1f0bcbe58c93bc63526ab5a91c9d	27506
dac44fe0bc8e6ebab8739cd4745268798d849725d67673ec3121775998d5bf8e	19856
dae2051132093f390beaf10d962ab77d42b61ec64a4b9cd7acfe8f25e41980c7	33575
daffb2530dfe2a663dff9a0f3893d1588130944b0fb17b2def683dd2a35d5ae6	22839
db29e82a9287fc2834d8596af212c2da01149ebab1f0a48437b1f0c990af7647	17084
db42dc50b2666b7d60c814a995f50c27971647cf847388ab060630c8c3603dcb	21081
db5d04255114fc18088d2286daf341534a989b886994c2bad8f5dda3f1eae4d0	26723
dba6ab1570699e98a02e2272d80064116c2af670693d494ebccbcb993379e427	30572
dbb2cd797fe695a2c3cd18b86eef8d39488e52e8f3b4bfbda4e02d06926b93ee	16219
dbcc7de0a2e41bcf7574cd9f156c6aff58e74eb9dbef5a9a615d5342a62888a9	33845
dc1462059b5fc19a9cce4cdb23dd611e0714db964833bbc392e91c54fd0488aa	15953
dc18b1bf7a5af79983af979e426634f4737661d4f36f63e0621fd5bbc26c2e07	24519
dc1fadf74949ef662b5771fe9ca328c8e43d91e1ed1ab053c9c8895c49c9490c	19973
dc5520573a9f4e46a7c42f1bdacc7a2ac40392969a4c2f244b2bc11807f4b8d1	4597
dc7f6dbdc4e9628b0f98f32862438fb905c49211fbfe02a8039ecb73142307b0	21180
dcbb9c986bfed2f0ee8ca98cc95432ce451eb1b602a70419baac87301646493a	30632
dcd75041b7d03c2d00ad6ed08e21f8c8a8f956f9858221c6bea1d1fb4fd520e9	13454
dcde33cdfb91e8b91a6a737a69527b8b014e6d28a75f1db521249894896210d8	23607
dd0b32014a569b6acf1484b5871efd734d93a08ca8464b9ee702a635036e59db	23092
dd1b5b738c92e0c5e8a5d771d34f9b04ce6e0fed122d6bb2410770dee20ee486	12379
dd1e8dd5bdec74d1080c84b168ff8362d7b86d76ae200a3fc190be27aa4c5754	23248
dd38d0f3aceec8c3eb91809b592315fbe732235eae6c2eb0ef17399a2bc720eb	28087
dd42be373e38dba46cbb58147f20469f3bcf16a305ce7cf79d62ad4f311fbf13	23585
dd45f002bf71f97dd0c6df7478cdc68b045e98324166f10142bea7a0841c994d	26074
dd519aa051f8670250f3e00dd612d6b4e64c5d2989f2aec4cc81985b972ce7fd	29714
dd5819c8f4bd3032020bbb8d494870e9e21ffde93d65449406b8cc32087b19cd	23733
dd70d066b26c2467f9d4b6da8401f10f2b8b790c30b47903b3f22dcc29a613aa	17388
dd88c865d469fc5742fedb46f860d8aca129ef92dfe62bdf750fca8849a08926	26702
ddc5239a18a3429bacea90c7afb04555efb113732a327c952ddaed7b7636529b	20017
ddd8f3588222fb054a0c7d7fcf88947076787172ca228dedcfd9398cf79826eb	12268
de3d129ccd57558f5a85ce1a2c05d42b1cb7c08857582fd24b911778dab2f725	20003
de9042a572aed5d99d6946752c63ef9742c3ed334b6618fcb45dc173bdc7f1ae	12398
dea9f5a0db9befd805eb58874f04b5b674e85a604d215623bc44c9d0996b4606	21960
deac52e78e664ba76eab383629bbca470394aa32d8347ac2f67f446e8a370d71	27474
deb1c4b9d581fd7f1dc1e2d03cbc214d3431e3916135c9be8d54100b4d80da68	30477
debc347af8efbf958fc579e0de3f1854741c924cf5003be8aa6fa44bc9efffd5	34981
debc81e891c810564693323f74b122fe7e7ae30ab315db179ee84406f3406057	32078
dec980c37b17bda5ac2e61582bf19f4b6cf30c4f8ba5705fecccac2780177576	23283
df0824b2b09132d0bbd2a4c6a42da5183611bf68136460a060b958e2dbeae467	21239
df292782b26eef5b4eae081d8fc2dc51a4f48af11fcc31a762a3cec58c312dd3	13500
df3ece88f1a5d0f004637844b38487ac19bb3648c21a16b68719690bef72948c	19142
df5a6c561a602db0fb6e4527a9d0ecff9cb0acd735c0b885032a083948f1b4ef	27518
df8ace6b56f6b247a4d8c1536337c5182ecc444114ca61923d8f4726edcceb94	31664
df8dcf409801be7737525166c9dd91e3c1bb82710c42125decf47a6705d8ae28	23153
dfba899fcf581c8c94d1a6e031114eaaa280f4939f239e78486471b4e7f3dd13	8977
dfcb7c1619d5abd12f2df162337eaaba53ebe837d8de991db4d4d8a958867815	4597
e014d9622f4de177686faeec5e8034270a908d8a1ffbfdd160f9d7dc4799547f	19078
e020e3c67bd0c31227720bd8eb2c3a777d162e0987e8fd8438b007c170266476	13441
e0382a0130bda601c79b321b61af5b7d5db47ebaa144d7e6602d5aab731b8395	8364
e082d92d30d4d403da755d1b6a2580bdc0535f63c56b39ca6f623045943173d4	29545
e136485a2df667d49257190a45bb309cfc28490deaee9e10affc1d4f29d1ffb1	26704
e14fd331e8d14f4dbcc8709ec8beb059f938a470b9226fab86357f75c15dd75e	15909
e165938ff949c84a40ff109ddfa40931cb9773ce0b490dafa2a98a1b2aa3314a	30662
e1804e5a198ce57aff04f24c431733f120849401f8b5d9b4f8fcc6501a3a282e	21081
e1f310cea510abb22cf1fd52374565c8d2b1f394c446183152f62f7b7f802162	26698
e22723de68e85ad8bee8f82de573394523c418a5f6c26ace45970db79c4e4534	15205
e26b5664614284a18f5aac4427de29debc340d6bbfe49e105f3951c7262bb3a6	27517
e2afe6186f001d34924937a430f463e89befa6c5f905d247df9e70e1b2f0bf49	29525
e2ca657add70af37879d8205834aa319f20e138aece073840e24f92060706942	30693
e2fdaac7e0e4b5eb97d45d54312764c5b161ed2bfc12af50d1940f613aaf5fe7	35128
e38be1a31a2031f234191b45f08a5c32dd22695932ecf4300477a2a40484b636	26085
e3b92ad8168aa74d50122a362acb417910d46de9d2bf3c5046fe47ca0fea7bac	13414
e3ef4607582f68bb12409ca9e22bae4a668338ac9d69f77ed2a7326734e2bf93	35088
e3f01335ca583c085d6fc9d200345b2e61de1423e9a4594dbfdb3434875267ae	23559
e42ef06633e307a7e645cc133a9806f65ad93b884c6bd7ce5976900cd55689d3	22876
e42fb6fe4ee7e23aa19b4e5c2f116917ec96fccc833b836d0a7e349a31a8c708	27516
e44976d5e73cce92cc87c0ee932fdccfd31a6034dd573feb4397036d71a2a32b	32573
e454f9e0298cdcee00b21fc546de847dd342a2601bb9099863d6b1fe0d998917	23261
e4594a683b0e9ba52959b1b209cc00bd965eb63cb8f0266f5b01990e4f24805b	29598
e45b2cb08bfcf4ea7135926bb99899937e11e09bddd5dd41a4b134a0ab955d21	30573
e47e0ce49b1dae7de13d9bb9c5f6ce363214099dee8a35e69a34854ac89c531f	33967
e48d67239735f97506c07a332cf8a3ef5f89d54fc73f3a800b3e899442624fce	21341
e495d589dd337211b9359f547b7053be102a28a4c27051ff7285d53121cae904	28265
e4b5834daf7cc41eb941267bc29a3e0262eac72b82ea9197da96d11dde1d7f6b	26802
e4bb9f1ece9af9264a3b9e3913bbdb2cf497457167b14ced5f85688bfde74644	ambiguous
e4f084583c957c611bc301e61997554241ab72616d6927f4a313496071ffbb59	27717
e50754ab5f2aee6beb96996a39575bda1be4d4053063c66c79230de8528733d5	26685
e530b1307902fb2eb6897589c037b287820a20df89d0f601679b71f649bfedb3	23376
e5738ea5747fcd085968387048a21b2f4010ae0098d855be1cb35873ddf02b24	27559
e5750c372bbf76cfe3efd17071141756c6f6452b9b86fb2453dc891ca08577b9	23735
e59a9986b608a1b217e7825eb7bf69ca57f2d8d8c7fb5b96c77af84e167450c0	12524
e5c2716016d9565c6903f500c93fe93a96f8d7db16d3a95e506aafc7ee2aa791	12225
e5ce893cef5a76db41808c4c22f600a061711dce05ac40521a039f48768fb536	27574
e5d55bbd74efbd84e45bd6814dc32a522161e362bfdb6fc2bec3a2a08905cd6c	17458
e641eb06a89b009eff173900c427209b8cdcd1def473b057308e3034017cc687	24364
e647e789e4d6f1d40f4e9ebd3b5a0f44c576b09f0693e711e883907e9e2a7f93	29576
e6692df12d1140501003a4a74d72722a923e0f3b6f343e1d9322284c72639532	34077
e673e16678169cedada85789771e87d94799b6143a016afd1cb72ce7fd632982	33494
e6787269099a41717731d490d1fa11fe90a3641b57092a70e442819cb516614c	20204
e69a9ffdeccdb07fbf7e76d8968ea35aaf664482f3699c6e428046153a7f4b6c	23666
e6eaea8c9c37218c5dfeae7a30f953ed66494cf1e1d653521d1e1494a6536392	23139
e71b213e336dad1889701e04935d9ca31c2db43b352809dae0d4fa797ea0d41b	26764
e7549b17a78e67ac332204e194ef1b21a34fd7a2297b9f64d42c0fe152598cee	26684
e76f6bfbe3efc8712ff5820ab80ebaf5c127a525b594445e1a096c06dc4f7f85	24333
e79211d7ad99f518f9597ad316f5edc2fed2b575eb8a4bfe311882249567ba9a	34680
e7a73532cce6e87532e5c8492f4dcddc42749a4802167c21866d933ec577f9aa	30528
e7ad510329e5bc7f4c8adb372d1aedd35876217de87b64eaf2532a699d945db4	23368
e80ba008be07343abd79f019a019d6943229b069866024cc9246cd9d28199b7c	31561
e84bfd832631b6abd7392f09d520134b5f265dfced3d407284723fec259bbc9f	21322
e85a6413c1bd537bb50c9704ed5b5edc775941a8d8cc1d6340fce00dbe84450b	8396
e868c29c59fcd1c7a1f772be1a7b89f8c9e7f2c75c426566b2a138fb1fca8d5b	31769
e87f1d0d5000c187bac3d3d3e35f7204a49767e89b5be8e0b83b37264b2c2473	19844
e89b10fa32fb65e20f87632f8a682ab6b518d823895deb2977ace5f3e8841af8	28108
e8b3a3489ec93a881c9d56101d300fe6409cc73153e84fb47a5be11e60a68cad	23734
e8e74d2a218713e3803f8c1dde6f99088a9aa9c70a82d9b2a97b3c0110d19b44	23219
e8e9edb972c61a361947d8dd7e6a5a71b576fa983e13bd9c0aa9cbb363ae6a13	27831
e922ffe57a2a0219d0ccab83784fd7b0f99279e36e647229576a2c4498f8418a	30593
e924a51eb3beea3ad14aef8c3fe846e211a165c1ce84f3c910b1bac8ca3c217d	28087
e948d191e4036c7bf18f30b8ea693b812e3ea4c2735bf09bb106478e45d5938f	30300
e961069a113842c50458afaa023807b904f4084649bfdc89478eed4f9fdb9217	ambiguous
e9693716f16df32c40f6e4de1e30be4a8b950f32ef835de3eaebb7db64baa620	34931
e97503c44b7030a81adcc84fe550454bebba6f465eaa14a91b89265fcd90c7c3	25655
e986667f3e7430012b462eec50a5dd2276a941a8c8117134cfd59efd46f53d04	21935
e98982c9f2ba33327b96c1016a93926533a029aedc82afd029bcb956f3f9b21a	8364
e9b83c18dfb7aa9643192ea5dba5c318ff99027886b2aaf0a26b52c10fd37510	23596
e9d004fc986ea472d5e4d4562105d90eeb766989000ea6fffc4f71bbc12af9b6	26713
e9e8e6040c586c0aafdc4bd9f09a79a5f4b03c8d2399b0c5f30332666deeb5f0	30530
ea653b34251816e0f94a19f2aaaae2f21a626555366b3089d7cb0116437205bf	12559
eac3f9059f2972dc43e9aa4bf41fc102b454705c4b76d17170ee08e85209aa21	26692
eac8cb4e5e881034589b0a1484c6d32e553fd70a5b106da805476fa04fff1f20	27891
eb674d105936333b716eeaf2309764b3581095b2a5c469dfcbdcf32a5e0ce9b7	24425
eba9ff2b74d406f14766b275556d8a4053e7856e7a143d53a7f93a9726ad9f0e	23747
ebd003148d5019452a696df4d56fc4061d4d3b5448f086f49476dc6a072e7941	28205
ebd4065ea0e0a0a75b07e0d99fb07a8a3957191ff31d6cc2049bc7a13d14f4f6	23734
ebdf9bdf0a47961113fb94c3424d7f74eb6abfde75db20e81d2efaf6ff569b65	27446
ec0a32adb3927cd3f84bf880cfafb722608839cb783c9df269f67b0940ce6a04	28265
ec398e0d5d6135dc721d50145cc34cf23030dcb676c152b3c9a9c89cd4eb8b85	23039
ec8df7b6a8735a96723c051ab3ee0e9c48cce3b401fbc2f900a448654247ff57	12489
ec90990cbd2b5c4b260d6d424a166845a89bcea890751f28d60f8333137b07f2	23022
ec9b10a4a79c4e8a4a23be6edb064854d91b9aebf348d9a910fe6b38cad08022	8889
ec9cf210fc3e8b762d134ec7442382cea811707ee3148cb1fc501a003faa0249	29678
ec9ddaeb165e69b0debfe8da14cb292401d3e7908114455b92bc3f930a67ca3e	26708
eca5771e72fa978ef04203599518b9d2521b9498e95fa0d89a664fb1e9b6118d	16048
ecf6aac91e9284751c68d97fe0e2009ea3141ebcf1280fd0ab50c353b379a8b4	26797
ed1ef49c7cdc0d3e09d1ec45fa3dc92b1d46b9e378a4d3667240e4d86852fbfe	23102
ed9ab26fff79f4ecd5be8503f2be883e4c37f62fd7a7873166747f22d08fc05e	21104
edec374b6fd20418ae1c63d623827021935b5fc24d3b8b0835eeada5fd5de043	23166
ee3b7cdecdf24d2b013c7122e54cce4b48583dcf61f053e98d725810fc839f22	23738
ee4b9c9bf8368a324c3c71cab69c1e38f4f6a5a49642d8028fb4dbca14eba9b7	34076
ee809debce8e6275b9012bf8bc399076571e5083b1aaaef724956522927597d5	27561
ee820467e916f34adbe23745074ab6f6159cb14fd112654c8117a194a6dd650c	17047
ee9bfed65313d79fc47570ac07d6eb7c56ab1990645d0802d3bab5ff99b1669f	31957
ef3627563a1ac36c9ac8de5e055ea93bb6446a7e0021dc63b9ee149e6ed675b1	22964
ef45342dfb96d90b830476b5d467e3b00cfcb5e36ef19b538097e2288412899e	30305
ef95472527a029252f869cbf39c6e63b9826df888fbd8977fb42b6046b138a44	30610
efcec3433654da6eca533267e5995dfbfe6aa078fea4df546d05e9369aa9e555	23376
f034ff4f9ac53217d0fcc8cd1bb78894f8e674a1aec135978514a9379e9ceb8d	15203
f1104b376f5511e2cd3cd651481bc3abd71669f78a67655db8156b646776c26e	17422
f11c58d0c47e1ec6ba734759334b88e262a309c9f436fd2fb9af15e94d1fcf22	31902
f145ed77796b2c78d4cd00ba1f9f13c2b459168f208b65879d3e46400d162cac	23153
f14fcd85b5860647fa042e1c448193837ef33973c60b5a1177785abf248d5e13	24424
f15b51e3ef3b7ee71052b5d2d52bd88850d2e2f0b57a5794460bcc1c47dd9a10	21567
f176aacfd60decf3c33e47b8e5814ab0b716fe2fcf31716247bbfe29072bfad0	34076
f1a64a62023ee64d459e9824f96c808dc8ef36ab3e2f01470d3e6133b5ad758e	27508
f1afe08f759291cc5f9c489b4805c6935a261ae2ad6b065f935b09978465028f	19886
f1bce5baeb600dd78408912956520ce080d983544aa295f6b94ea0a776fbcea5	26710
f1e7c73c485d1d195be11085d7f2b8bed352e81811c5da75fda683750fabbc6e	30469
f1eabb56bec328ceaefab198241a1b805f5229a95616320072fa7bb641452444	27691
f22ea36003d8df5d6496e44f692f9f842c3fb104d80ffd77462ff2901c4a0c26	31664
f24e355d5d2b7f395965d8d18483bd8b7f36c012526ee742de92ee5f823a65ce	32104
f27b612029eef29114d7a9a4a06aacf09c978bcf3c8ad828386b45604704880b	31903
f2f14d7aa6e138040e5f15286934d5993863416c3dba3cecb437a66dbd4d0e65	27760
f3488d56a75989f19838083a068bdc98872500daeafe6dbc9623bd8966d511da	17397
f366372103f26ad1c5812105ed9ab3dd4887f899278726488933e2e2bf8c2608	26791
f376199c19d608bf49b5d401945ad45283ae32319b1f516596da7beb094709bd	27597
f382f7af75e12cbd44df286504de93a89aa3d0628205edf21b9d7b744b8a84f1	26712
f386e7e9887ec93c4b6837b2424f84e8aa208acc048ddb115c71b721b6ba1c28	28373
f3960e00c86cd795971b9f9d4479453398c3a29b61b06d5d89eae8d507711b3e	29410
f3b5e3c041dba8cc696275589b0e6428d817d8499f2a6b95964ebb649595b7df	29656
f3c81b31a09ded24a445783536bfc89e4185568a12ed7aae9eb988513a28b235	21091
f3cc7e2c3b553942414b9b761cf7e82de6248dd6a2e9223dad17339b9ff9acd4	21787
f3e0f09631f17828d993141e677e3c56813e9bded37b93a890fbca9206bd7d27	22379
f3f56a59bfcb4e00d90bbc97ee5a753931137371dc6ae82a0dcc0138d1ace2d0	15983
f3f9ade70750d9e502fdbdd505af2eebfffb864ac54fb04f7e37927b18a25534	33967
f40b0053a67e60d655e5f45771171f66b4ab30e1356853a702fe4b34f3edd0f0	23291
f419f65be6ea29cfb526472d208430b9110125f9499346ecf341fb8845522063	17429
f422fc6432fbfba119bcaf0a2fd29e6f199812e32b6658e36091936dd7e80553	34875
f46e819067aaa4e7e83fa663c15be1a91b57ef67169b3e16ea8c1cfc8da3e481	31769
f4ce60a983bf250b1a86cc8912bf173dfb3bab2eea92e905c3580a6970860a61	35006
f4f461371da92ca5d9dce225e8061e364998563fe54dc2f37dfe5c625bbeb4b1	17305
f5044d75641851773f630fcc09cdee124a5f37149372f7708580fd7a7178cac6	25656
f54325fca661826d0e4b31983ca3319d2e638dc9f41f86af90a32450f604f8e4	26086
f5796b7bada6340037d43e67b09c04e8fa1b134b50c7f9b4da4a55e167f8edef	26693
f59769771d8f6608bdef1a645002965ae6e604d1cc9cee92d7a9107f6ecba462	22877
f598c4b09232f80f47349d9fe2ad4ed3de9eda8526ffdb4e6846f72f51651a77	21136
f5a0a35e71287ba5b580f6d368941d416f2de409bd9e43a11a76ab17b6a8d603	30473
f5f1655a5d4d81ea1db63be03abb1bd0211cf3ceae340aed5413770e2cbef09b	26710
f62b904d81330aee0f9b931f2122cf984b64627b8a779a2d3dde0d0bf8f0fa07	30401
f655d8c0a990e23670890c3443c07dd2e4dd78d1b0d19f5ea7099c9231632733	25534
f68a6490116e0bd4f0a69dffb45e4c5b370478d5eaffe35643e99018ed8d7f77	18993
f69774b4416b20f8510af138edc7259fa16d0dc109ad4e1cedb3394798c5b3fa	18835
f69b0d1032e898f960c00a0fb2b844a94125dafbfff7b86da140d1e13a8dcc24	31956
f6de06ce60fef22a001a612745183a2baa2e292573d0d392ee89a868466e699c	28270
f6e544f836eae357e987eee68eb57a7810d1f27519aa5ebc5482492eb434a56d	22913
f6fe22ae46948f874da6ecae969986f7d760e0bf16972aacbb7cda366af05a82	23139
f715a22e15068e8ffb6e3c7a02dc59e8ca2a6b83ea454499cdf6b7d9c2531b81	26697
f726848f62b1c4268c2d7da57ccc9614b7613ba9ca2335720c32245a74e6d076	28345
f74bc2532b78b1327624d7e97b1b1d410a16db963a13e16e8b4467c4119843bb	30360
f7739e5b8d9f5d0efdc0a15b411e8b82cb2b2ae78f6554f23aead6067fcb907f	16154
f7a2f557436b12021347252e0317866440d775793c35a1db47b46104ca77e394	27623
f7e899caf6bff37d430df7ffb0297f8f455cec0889d4a6bf067dea0ffdd3a8e3	26695
f7eebfeea88779c1a0d74dfaef3e8b0d60b11a5e7e9825af819408458fa8bcca	29672
f81ab834de5f84918dc040b884267c2b61cb1a52d46442de10e97f35a94d0500	17280
f825fcfeebf2d6b14a58ddba20526a1ea217db0bc1021cae6264d3c9420b7119	21251
f845f43152ec3d0659e85a86604059f67cda75033c61c178cabd9cc62e6149d6	23250
f84e8274a91ff40b8a84b9765113b627428ad1296a5254a7119e5a0293326917	26714
f84f35b43a09ab76d2e5de1947dbeb3bb077a0bcfa86a6f968f828b09ce476fd	28084
f8571c30df4fef4d5c9d3792a73520407b93c50aa7340ce91516693e193bf17b	21091
f85ff041e81146c06a872664b01fe2bd705b5bb77b1f18b8a98464afac6f893b	34197
f8cf0b33bc14233520490821866e70f293d59fb230a629638ce058ecf9058369	24424
f8cf83a76a98df2dd4799b4d0d4f6ffc9af9a3a72d8648f94ca7cdea4b52fde7	7471
f8ee797aab6eff0cbae64f6dec721371eb5f65b91c4fc720184e7ccb21522cd3	25661
f9093d3afea4f61fb860c0c9bdb0258aaa00076792bba2fc4b323d87a0709f62	23739
f91feeaadd8d77b8f6bc64b299c4d901c82f6bb06166d7d8d89fb7877e514a7f	17220
f92b1f9a4ee9c60a70ce81e0a04441296fc27ed9408cac94edb2157c5ce85e1f	7679
f9418a66758f53e295150a1db6ba923df58eb49f731d4d068fe7f566f78d591e	25658
f9e2b61f2f19437513255a8e9d0947dcdb232fe5fd0f2d798328722007eb9a53	24553
fa098124d45b6e5cc18fb9ac0d3206cc20dad6d34cd7a0d3ae3294a3dd524461	21088
fa7ca4bbf9251ea89ed7a32ee7fa97bc98c1bd079c0a7d02d6efcf87812c5c3e	34783
fa81e38fe7edce612bfe9f189bba5047293f59214128e3c575a7cb8c489b3c27	34931
fa901ef404d9d54562e795ff24b1b537e0ff09f27603924a20c97696e183eba6	12378
fab60a2582057a91f52167f156e33e2401040d6be8ae202137641eab85f3318f	23736
fabc5d332bb190b0f74ecfbd3e5fcfed742f2701299f1dbe950b4a2b351316b2	19863
fac45e07452f171a4abc793c8c15aa84dd05e1a8f33109efc78cea7efe110a63	7311
facae33a6b3a35f14dde35f0041abe8ee071229e38d1f3384207ae751533596e	8382
fae4fd796abeb2e55b3b510253064202e8616847e112b9ffae8afb2b60a68ea7	34093
fafbdb32f465b8e46fa70879f6ec355f46b624ad36428e9f6451ffe16dbea9e0	27561
fafe5bfceb9a5d198baac22d7b5956a39379d9c028a49c39a62e58ea9106c00b	13508
fb71a99fc8289cc034bc501eeea5c7c7ba0c144cfa261babe560116b437bb8b6	21961
fb9c3622c4ef9745a44bedec30653798959786c884803fb9d52ec009dca1fa9e	30318
fc0b95fe9dac802c2c6dd861e2b9eba8e331b7f6e92e5f4bcfaf274c8498ccef	27466
fc6e4a408d56be9670c14ee7be21e1a39c93c2df82f7c95975485e90ca6371c3	17242
fcaf143bb4452b229980157ee42fa3e0c9d466de8decb699d8635b8fb8b48962	21299
fcd6fea72de7e6c09ca2567674befdef61c04e783bd2e0f092aeb99c57e587e3	5103
fd50cd169a961e336d2b2961f4fe4714587412a4f8d4cf682c2875b0e291e7b5	22917
fd6299decc85d437472b6de81101423b72714b8a220cb97584b344699a92cb86	29708
fd728298b1bdbe8e383085eff7b30d400adea30294aae92e1d49c28b13652e66	23291
fd73dc1670e539110a36e3cffbe40bc8b900e1cf77312fe49c6e75e333f491bf	26090
fd80259ff35ed2215e862432906731028941caa3b4633f6fcd08fd76a1ceb62f	23281
fd9fbb44e4c71af69beb43d97b81b3582d83dffd3cce5f3f1906cf06da304d58	21102
fda795432bbc3011dc323fc488cc18120fa3ff69b7e5b368c08f7bacfbdb541f	21695
fdb560cb801175a151246ce6d7e82d48458380850a043ce22700eba600fcc4a9	27618
fdc96ffbf256523aec8846ae56321053c7ab751c99eb766e6bb4a7d362a4f060	13178
fe257fceaa190f4fd4927b662f2160b11dc47e648b0812e8956d06d35d026531	21937
fe32c94bba370d33e1d2957bb3b6fc510b1e3ddfdb930b6430a89c92d2ef19d8	27607
fe79fe768b2ace5d03ed4f2bda3a57e25177684f58b64d9dc9a3b0213933635e	34065
fea06d9ce8c44332e25d2615dabb43c08adbdde1cc0d239684df2636d15469de	24425
feaa8967d83309238a771ec49b4a2a5f463c8a1bd4690f9535006f21cd90f7d2	26671
feaaf53426e2d710b35b48248be06a35bb188671cb5570f00dc1226f86dbf428	32869
fec62b3e073023694c6b872edf7fbcd1d857e40add91dba7220261753e8ffafc	7772
fecc62e495e9bb2d35537818e2fcd479c8d538593ec2659d1213066d3306c551	26713
ff58ed4555cd6dc7aeb453b0d60565e633164a05c4a2b623ff659fe09cf77c6b	34990
ff60b80fa25f7558c202e6527ea42ac9c825a3ff07c9e986e4cc2c18fcf7e4bc	5091
ff837827c9fdea1ec638adb5eff4b88e8b5daf9d3fcbae3278e24c95a2f956c4	21974
ffafaee5b6a277eb01b556ff1af2a4dd54f73cb4f1eee2d96a98ab9c7b2221f9	28634
ffc4f8eec04a842f070faebc59e92d09a8d4c6ccb9fea4433ab4bea74c1a4b27	31951
