#id	title	metadata: v=1 kind=title-only-skin catalog_snapshot=default_cards@2026-07-11T09:14:58.232+00:00 cards=34650 body_sha256=ef4cc995d2ae8b022998aab2b490e4ec25455d66889dcbdeef0ce7d581ea6dbb
1	Air Elemental
2	Ancestral Recall
3	Animate Artifact
4	Animate Dead
5	Animate Wall
6	Ankh of Mishra
7	Armageddon
8	Aspect of Wolf
9	Bad Moon
10	Badlands
11	Balance
12	Basalt Monolith
13	Bayou
14	Benalish Hero
15	Berserk
16	Birds of Paradise
17	Black Knight
18	Black Lotus
19	Black Vise
20	Black Ward
21	Blaze of Glory
22	Blessing
23	Blue Elemental Blast
24	Blue Ward
25	Bog Wraith
26	Braingeyser
27	Burrowing
28	Camouflage
29	Castle
30	Celestial Prism
31	Channel
32	Chaos Orb
33	Chaoslace
34	Circle of Protection: Blue
35	Circle of Protection: Green
36	Circle of Protection: Red
37	Circle of Protection: White
38	Clockwork Beast
39	Clone
40	Cockatrice
41	Consecrate Land
42	Conservator
43	Contract from Below
44	Control Magic
45	Conversion
46	Copper Tablet
47	Copy Artifact
48	Counterspell
49	Craw Wurm
50	Creature Bond
51	Crusade
52	Crystal Rod
53	Cursed Land
54	Cyclopean Tomb
55	Dark Ritual
56	Darkpact
57	Death Ward
58	Deathgrip
59	Deathlace
60	Demonic Attorney
61	Demonic Hordes
62	Demonic Tutor
63	Dingus Egg
64	Disenchant
65	Disintegrate
66	Disrupting Scepter
67	Dragon Whelp
68	Drain Life
69	Drain Power
70	Drudge Skeletons
71	Dwarven Demolition Team
72	Dwarven Warriors
73	Earth Elemental
74	Earthbind
75	Earthquake
76	Elvish Archers
77	Evil Presence
78	False Orders
79	Farmstead
80	Fastbond
81	Fear
82	Feedback
83	Fire Elemental
84	Fireball
85	Firebreathing
86	Flashfires
87	Flight
88	Fog
89	Force of Nature
90	Forcefield
91	Forest
92	Fork
93	Frozen Shade
94	Fungusaur
95	Gaea's Liege
96	Gauntlet of Might
97	Giant Growth
98	Giant Spider
99	Glasses of Urza
100	Gloom
101	Goblin Balloon Brigade
102	Goblin King
103	Granite Gargoyle
104	Gray Ogre
105	Green Ward
106	Grizzly Bears
107	Guardian Angel
108	Healing Salve
109	Helm of Chatzuk
110	Hill Giant
111	Holy Armor
112	Holy Strength
113	Howl from Beyond
114	Howling Mine
115	Hurloon Minotaur
116	Hurricane
117	Hypnotic Specter
118	Ice Storm
119	Icy Manipulator
120	Illusionary Mask
121	Instill Energy
122	Invisibility
123	Iron Star
124	Ironclaw Orcs
125	Ironroot Treefolk
126	Island
127	Island Sanctuary
128	Ivory Cup
129	Jade Monolith
130	Jade Statue
131	Jayemdae Tome
132	Juggernaut
133	Jump
134	Karma
135	Keldon Warlord
136	Kormus Bell
137	Kudzu
138	Lance
139	Ley Druid
140	Library of Leng
141	Lich
142	Lifeforce
143	Lifelace
144	Lifetap
145	Lightning Bolt
146	Living Artifact
147	Living Lands
148	Living Wall
149	Llanowar Elves
150	Lord of Atlantis
151	Lord of the Pit
152	Lure
153	Magical Hack
154	Mahamoti Djinn
155	Mana Flare
156	Mana Short
157	Mana Vault
158	Manabarbs
159	Meekstone
160	Merfolk of the Pearl Trident
161	Mesa Pegasus
162	Mind Twist
163	Mons's Goblin Raiders
164	Mountain
165	Mox Emerald
166	Mox Jet
167	Mox Pearl
168	Mox Ruby
169	Mox Sapphire
170	Natural Selection
171	Nether Shadow
172	Nettling Imp
173	Nevinyrral's Disk
174	Nightmare
175	Northern Paladin
176	Obsianus Golem
177	Orcish Artillery
178	Orcish Oriflamme
179	Paralyze
180	Pearled Unicorn
181	Personal Incarnation
182	Pestilence
183	Phantasmal Forces
184	Phantasmal Terrain
185	Phantom Monster
186	Pirate Ship
187	Plague Rats
188	Plains
189	Plateau
190	Power Leak
191	Power Sink
192	Power Surge
193	Prodigal Sorcerer
194	Psionic Blast
195	Psychic Venom
196	Purelace
197	Raging River
198	Raise Dead
199	Red Elemental Blast
200	Red Ward
201	Regeneration
202	Regrowth
203	Resurrection
204	Reverse Damage
205	Righteousness
206	Roc of Kher Ridges
207	Rock Hydra
208	Rod of Ruin
209	Royal Assassin
210	Sacrifice
211	Samite Healer
212	Savannah
213	Savannah Lions
214	Scathe Zombies
215	Scavenging Ghoul
216	Scrubland
217	Scryb Sprites
218	Sea Serpent
219	Sedge Troll
220	Sengir Vampire
221	Serra Angel
222	Shanodin Dryads
223	Shatter
224	Shivan Dragon
225	Simulacrum
226	Sinkhole
227	Siren's Call
228	Sleight of Mind
229	Smoke
230	Sol Ring
231	Soul Net
232	Spell Blast
233	Stasis
234	Steal Artifact
235	Stone Giant
236	Stone Rain
237	Stream of Life
238	Sunglasses of Urza
239	Swamp
240	Swords to Plowshares
241	Taiga
242	Terror
243	The Hive
244	Thicket Basilisk
245	Thoughtlace
246	Throne of Bone
247	Timber Wolves
248	Time Vault
249	Time Walk
250	Timetwister
251	Tranquility
252	Tropical Island
253	Tsunami
254	Tundra
255	Tunnel
256	Twiddle
257	Two-Headed Giant of Foriys
258	Underground Sea
259	Unholy Strength
260	Unsummon
261	Uthden Troll
262	Verduran Enchantress
263	Vesuvan Doppelganger
264	Veteran Bodyguard
265	Volcanic Eruption
266	Wall of Air
267	Wall of Bone
268	Wall of Brambles
269	Wall of Fire
270	Wall of Ice
271	Wall of Stone
272	Wall of Swords
273	Wall of Water
274	Wall of Wood
275	Wanderlust
276	War Mammoth
277	Warp Artifact
278	Water Elemental
279	Weakness
280	Web
281	Wheel of Fortune
282	White Knight
283	White Ward
284	Wild Growth
285	Will-o'-the-Wisp
286	Winter Orb
287	Wooden Sphere
288	Word of Command
289	Wrath of God
290	Zombie Master
291	Circle of Protection: Black
292	Volcanic Island
293	Proposal
294	Abu Ja'far
295	Aladdin
296	Aladdin's Lamp
297	Aladdin's Ring
298	Ali Baba
299	Ali from Cairo
300	Army of Allah
301	Bazaar of Baghdad
302	Bird Maiden
303	Bottle of Suleiman
304	Brass Man
305	Camel
306	City in a Bottle
307	City of Brass
308	Cuombajj Witches
309	Cyclone
310	Dancing Scimitar
311	Dandân
312	Desert
313	Desert Nomads
314	Desert Twister
315	Diamond Valley
316	Drop of Honey
317	Ebony Horse
318	El-Hajjâj
319	Elephant Graveyard
320	Erg Raiders
321	Erhnam Djinn
322	Eye for an Eye
323	Fishliver Oil
324	Flying Carpet
325	Flying Men
326	Ghazbán Ogre
327	Giant Tortoise
328	Guardian Beast
329	Hasran Ogress
330	Hurr Jackal
331	Ifh-Bíff Efreet
332	Island Fish Jasconius
333	Island of Wak-Wak
334	Jandor's Ring
335	Jandor's Saddlebags
336	Jeweled Bird
337	Jihad
338	Junún Efreet
339	Juzám Djinn
340	Khabál Ghoul
341	King Suleiman
342	Kird Ape
343	Library of Alexandria
344	Magnetic Mountain
345	Merchant Ship
346	Metamorphosis
347	Mijae Djinn
348	Moorish Cavalry
349	Nafs Asp
350	Oasis
351	Old Man of the Sea
352	Oubliette
353	Piety
354	Pyramids
355	Repentant Blacksmith
356	Ring of Ma'rûf
357	Rukh Egg
358	Sandals of Abdallah
359	Sandstorm
360	Serendib Djinn
361	Serendib Efreet
362	Shahrazad
363	Sindbad
364	Singing Tree
365	Sorceress Queen
366	Stone-Throwing Devils
367	Unstable Mutation
368	War Elephant
369	Wyluli Wolf
370	Ydwen Efreet
371	Amulet of Kroog
372	Argivian Archaeologist
373	Argivian Blacksmith
374	Argothian Pixies
375	Argothian Treefolk
376	Armageddon Clock
377	Artifact Blast
378	Artifact Possession
379	Artifact Ward
380	Ashnod's Altar
381	Ashnod's Battle Gear
382	Ashnod's Transmogrant
383	Atog
384	Battering Ram
385	Bronze Tablet
386	Candelabra of Tawnos
387	Circle of Protection: Artifacts
388	Citanul Druid
389	Clay Statue
390	Clockwork Avian
391	Colossus of Sardia
392	Coral Helm
393	Crumble
394	Cursed Rack
395	Damping Field
396	Detonate
397	Drafna's Restoration
398	Dragon Engine
399	Dwarven Weaponsmith
400	Energy Flux
401	Feldon's Cane
402	Gaea's Avenger
403	Gate to Phyrexia
404	Goblin Artisans
405	Golgothian Sylex
406	Grapeshot Catapult
407	Haunting Wind
408	Hurkyl's Recall
409	Ivory Tower
410	Jalum Tome
411	Martyrs of Korlis
412	Mightstone
413	Millstone
414	Mishra's Factory
415	Mishra's War Machine
416	Mishra's Workshop
417	Obelisk of Undoing
418	Onulet
419	Orcish Mechanics
420	Ornithopter
421	Phyrexian Gremlins
422	Power Artifact
423	Powerleech
424	Priest of Yawgmoth
425	Primal Clay
426	Rakalite
427	Reconstruction
428	Reverse Polarity
429	Rocket Launcher
430	Sage of Lat-Nam
431	Shapeshifter
432	Shatterstorm
433	Staff of Zegon
434	Strip Mine
435	Su-Chi
436	Tablet of Epityr
437	Tawnos's Coffin
438	Tawnos's Wand
439	Tawnos's Weaponry
440	Tetravus
441	The Rack
442	Titania's Song
443	Transmute Artifact
444	Triskelion
445	Urza's Avenger
446	Urza's Chalice
447	Urza's Mine
448	Urza's Miter
449	Urza's Power Plant
450	Urza's Tower
451	Wall of Spears
452	Weakstone
453	Xenic Poltergeist
454	Yawgmoth Demon
455	Yotian Soldier
456	Abomination
457	Acid Rain
458	Active Volcano
459	Adun Oakenshield
460	Adventurers' Guildhouse
461	Aerathi Berserker
462	Aisling Leprechaun
463	Akron Legionnaire
464	Al-abara's Carpet
465	Alabaster Potion
466	Alchor's Tomb
467	All Hallow's Eve
468	Amrou Kithkin
469	Angelic Voices
470	Angus Mackenzie
471	Anti-Magic Aura
472	Arboria
473	Arcades Sabboth
474	Arena of the Ancients
475	Avoid Fate
476	Axelrod Gunnarson
477	Ayesha Tanaka
478	Azure Drake
479	Backdraft
480	Backfire
481	Barbary Apes
482	Barktooth Warbeard
483	Bartel Runeaxe
484	Beasts of Bogardan
485	Black Mana Battery
486	Blazing Effigy
487	Blight
488	Blood Lust
489	Blue Mana Battery
490	Boomerang
491	Boris Devilboon
492	Brine Hag
493	Bronze Horse
494	Carrion Ants
495	Cat Warriors
496	Cathedral of Serra
497	Caverns of Despair
498	Chain Lightning
499	Chains of Mephistopheles
500	Chromium
501	Cleanse
502	Clergy of the Holy Nimbus
503	Cocoon
504	Concordant Crossroads
505	Cosmic Horror
506	Craw Giant
507	Crevasse
508	Crimson Kobolds
509	Crimson Manticore
510	Crookshank Kobolds
511	Cyclopean Mummy
512	D'Avenant Archer
513	Dakkon Blackblade
514	Darkness
515	Deadfall
516	Demonic Torment
517	Devouring Deep
518	Disharmony
519	Divine Intervention
520	Divine Offering
521	Divine Transformation
522	Dream Coat
523	Durkwood Boars
524	Dwarven Song
525	Elder Land Wurm
526	Elder Spawn
527	Elven Riders
528	Emerald Dragonfly
529	Enchanted Being
530	Enchantment Alteration
531	Energy Tap
532	Equinox
533	Eternal Warrior
534	Eureka
535	Evil Eye of Orms-by-Gore
536	Fallen Angel
537	Falling Star
538	Feint
539	Field of Dreams
540	Fire Sprites
541	Firestorm Phoenix
542	Flash Counter
543	Flash Flood
544	Floral Spuzzem
545	Force Spike
546	Forethought Amulet
547	Fortified Area
548	Frost Giant
549	Gabriel Angelfire
550	Gaseous Form
551	Gauntlets of Chaos
552	Ghosts of the Damned
553	Giant Slug
554	Giant Strength
555	Giant Turtle
556	Glyph of Delusion
557	Glyph of Destruction
558	Glyph of Doom
559	Glyph of Life
560	Glyph of Reincarnation
561	Gosta Dirk
562	Gravity Sphere
563	Great Defender
564	Great Wall
565	Greater Realm of Preservation
566	Greed
567	Green Mana Battery
568	Gwendlyn Di Corci
569	Halfdane
570	Hammerheim
571	Hazezon Tamar
572	Headless Horseman
573	Heaven's Gate
574	Hell Swarm
575	Hell's Caretaker
576	Hellfire
577	Holy Day
578	Horn of Deafening
579	Hornet Cobra
580	Horror of Horrors
581	Hunding Gjornersen
582	Hyperion Blacksmith
583	Ichneumon Druid
584	Immolation
585	Imprison
586	In the Eye of Chaos
587	Indestructible Aura
588	Infernal Medusa
589	Infinite Authority
590	Invoke Prejudice
591	Ivory Guardians
592	Jacques le Vert
593	Jasmine Boreal
594	Jedit Ojanen
595	Jerrard of the Closed Fist
596	Johan
597	Jovial Evil
598	Juxtapose
599	Karakas
600	Kasimir the Lone Wolf
601	Keepers of the Faith
602	Kei Takahashi
603	Killer Bees
604	Kismet
605	Knowledge Vault
606	Kobold Drill Sergeant
607	Kobold Overlord
608	Kobold Taskmaster
609	Kobolds of Kher Keep
610	Kry Shield
611	Lady Caleria
612	Lady Evangela
613	Lady Orca
614	Land Equilibrium
615	Land Tax
616	Land's Edge
617	Lesser Werewolf
618	Life Chisel
619	Life Matrix
620	Lifeblood
621	Living Plane
622	Livonya Silone
623	Lord Magnus
624	Lost Soul
625	Mana Drain
626	Mana Matrix
627	Marble Priest
628	Marhault Elsdragon
629	Master of the Hunt
630	Mirror Universe
631	Moat
632	Mold Demon
633	Moss Monster
634	Mountain Stronghold
635	Mountain Yeti
636	Nebuchadnezzar
637	Nether Void
638	Nicol Bolas
639	North Star
640	Nova Pentacle
641	Osai Vultures
642	Palladia-Mors
643	Part Water
644	Pavel Maliki
645	Pendelhaven
646	Petra Sphinx
647	Pit Scorpion
648	Pixie Queen
649	Planar Gate
650	Pradesh Gypsies
651	Presence of the Master
652	Primordial Ooze
653	Princess Lucrezia
654	Psionic Entity
655	Psychic Purge
656	Puppet Master
657	Pyrotechnics
658	Quagmire
659	Quarum Trench Gnomes
660	Rabid Wombat
661	Radjan Spirit
662	Raging Bull
663	Ragnar
664	Ramirez DePietro
665	Ramses Overdark
666	Rapid Fire
667	Rasputin Dreamweaver
668	Rebirth
669	Recall
670	Red Mana Battery
671	Reincarnation
672	Relic Barrier
673	Relic Bind
674	Remove Enchantments
675	Remove Soul
676	Reset
677	Revelation
678	Reverberation
679	Righteous Avengers
680	Ring of Immortals
681	Riven Turnbull
682	Rohgahh of Kher Keep
683	Rubinia Soulsinger
684	Rust
685	Sea Kings' Blessing
686	Seafarer's Quay
687	Seeker
688	Segovian Leviathan
689	Sentinel
690	Serpent Generator
691	Shelkin Brownie
692	Shield Wall
693	Shimian Night Stalker
694	Silhouette
695	Sir Shandlar of Eberyn
696	Sivitri Scarzam
697	Sol'kanar the Swamp King
698	Spectral Cloak
699	Spinal Villain
700	Spirit Link
701	Spirit Shackle
702	Spiritual Sanctuary
703	Stangg
704	Storm Seeker
705	Storm World
706	Subdue
707	Sunastian Falconer
708	Sword of the Ages
709	Sylvan Library
710	Sylvan Paradise
711	Syphon Soul
712	Takklemaggot
713	Telekinesis
714	Teleport
715	Tempest Efreet
716	Tetsuo Umezawa
717	The Abyss
718	The Brute
719	The Lady of the Mountain
720	The Tabernacle at Pendrell Vale
721	The Wretched
722	Thunder Spirit
723	Time Elemental
724	Tobias Andrion
725	Tolaria
726	Tor Wauki
727	Torsten Von Ursus
728	Touch of Darkness
729	Transmutation
730	Triassic Egg
731	Tuknir Deathlock
732	Tundra Wolves
733	Typhoon
734	Undertow
735	Underworld Dreams
736	Unholy Citadel
737	Untamed Wilds
738	Ur-Drago
739	Urborg
740	Vaevictis Asmadi
741	Vampire Bats
742	Venarian Gold
743	Visions
744	Voodoo Doll
745	Walking Dead
746	Wall of Caltrops
747	Wall of Dust
748	Wall of Earth
749	Wall of Heat
750	Wall of Light
751	Wall of Opposition
752	Wall of Putrid Flesh
753	Wall of Shadows
754	Wall of Tombstones
755	Wall of Vapor
756	Wall of Wonder
757	Whirling Dervish
758	White Mana Battery
759	Willow Satyr
760	Winds of Change
761	Winter Blast
762	Wolverine Pack
763	Wood Elemental
764	Xira Arien
765	Zephyr Falcon
766	Nalathni Dragon
767	Amnesia
768	Angry Mob
769	Apprentice Wizard
770	Ashes to Ashes
771	Ball Lightning
772	Banshee
773	Barl's Cage
774	Blood Moon
775	Blood of the Martyr
776	Bog Imp
777	Bog Rats
778	Bone Flute
779	Book of Rass
780	Brainwash
781	Brothers of Fire
782	Carnivorous Plant
783	Cave People
784	City of Shadows
785	Cleansing
786	Coal Golem
787	Curse Artifact
788	Dance of Many
789	Dark Heart of the Wood
790	Dark Sphere
791	Deep Water
792	Diabolic Machine
793	Drowned
794	Dust to Dust
795	Eater of the Dead
796	Electric Eel
797	Elves of Deep Shadow
798	Erosion
799	Eternal Flame
800	Exorcist
801	Fasting
802	Fellwar Stone
803	Festival
804	Fire Drake
805	Fire and Brimstone
806	Fissure
807	Flood
808	Fountain of Youth
809	Frankenstein's Monster
810	Gaea's Touch
811	Ghost Ship
812	Giant Shark
813	Goblin Caves
814	Goblin Digging Team
815	Goblin Hero
816	Goblin Rock Sled
817	Goblin Shrine
818	Goblin Wizard
819	Goblins of the Flarg
820	Grave Robbers
821	Hidden Path
822	Holy Light
823	Inferno
824	Inquisition
825	Knights of Thorn
826	Land Leeches
827	Leviathan
828	Living Armor
829	Lurker
830	Mana Clash
831	Mana Vortex
832	Marsh Gas
833	Marsh Goblins
834	Marsh Viper
835	Martyr's Cry
836	Maze of Ith
837	Merfolk Assassin
838	Mind Bomb
839	Miracle Worker
840	Morale
841	Murk Dwellers
842	Nameless Race
843	Necropolis
844	Niall Silvain
845	Orc General
846	People of the Woods
847	Pikemen
848	Preacher
849	Psychic Allergy
850	Rag Man
851	Reflecting Mirror
852	Riptide
853	Runesword
854	Safe Haven
855	Savaen Elves
856	Scarecrow
857	Scarwood Bandits
858	Scarwood Goblins
859	Scarwood Hag
860	Scavenger Folk
861	Season of the Witch
862	Sisters of the Flame
863	Skull of Orm
864	Sorrow's Path
865	Spitting Slug
866	Squire
867	Standing Stones
868	Stone Calendar
869	Sunken City
870	Tangle Kelp
871	The Fallen
872	Tivadar's Crusade
873	Tormod's Crypt
874	Tower of Coireall
875	Tracker
876	Uncle Istvan
877	Venom
878	Wand of Ith
879	War Barge
880	Water Wurm
881	Whippoorwill
882	Witch Hunter
883	Word of Binding
884	Worms of the Earth
885	Wormwood Treefolk
886	Aeolipile
887	Armor Thrull
888	Balm of Restoration
889	Basal Thrull
890	Bottomless Vault
891	Brassclaw Orcs
892	Breeding Pit
893	Combat Medic
894	Conch Horn
895	Deep Spawn
896	Delif's Cone
897	Delif's Cube
898	Derelor
899	Draconian Cylix
900	Dwarven Armorer
901	Dwarven Catapult
902	Dwarven Hold
903	Dwarven Lieutenant
904	Dwarven Ruins
905	Dwarven Soldier
906	Ebon Praetor
907	Ebon Stronghold
908	Elven Fortress
909	Elven Lyre
910	Elvish Farmer
911	Elvish Hunter
912	Elvish Scout
913	Farrel's Mantle
914	Farrel's Zealot
915	Farrelite Priest
916	Feral Thallid
917	Fungal Bloom
918	Goblin Chirurgeon
919	Goblin Flotilla
920	Goblin Grenade
921	Goblin Kites
922	Goblin War Drums
923	Goblin Warrens
924	Hand of Justice
925	Havenwood Battleground
926	Heroism
927	High Tide
928	Hollow Trees
929	Homarid
930	Homarid Shaman
931	Homarid Spawning Bed
932	Homarid Warrior
933	Hymn to Tourach
934	Icatian Infantry
935	Icatian Javelineers
936	Icatian Lieutenant
937	Icatian Moneychanger
938	Icatian Phalanx
939	Icatian Priest
940	Icatian Scout
941	Icatian Skirmishers
942	Icatian Store
943	Icatian Town
944	Implements of Sacrifice
945	Initiates of the Ebon Hand
946	Merseine
947	Mindstab Thrull
948	Necrite
949	Night Soil
950	Orcish Captain
951	Orcish Spy
952	Orcish Veteran
953	Order of Leitbur
954	Order of the Ebon Hand
955	Orgg
956	Raiding Party
957	Rainbow Vale
958	Ring of Renewal
959	River Merfolk
960	Ruins of Trokair
961	Sand Silos
962	Seasinger
963	Soul Exchange
964	Spirit Shield
965	Spore Cloud
966	Spore Flower
967	Svyelunite Priest
968	Svyelunite Temple
969	Thallid
970	Thallid Devourer
971	Thelon's Chant
972	Thelon's Curse
973	Thelonite Druid
974	Thelonite Monk
975	Thorn Thallid
976	Thrull Champion
977	Thrull Retainer
978	Thrull Wizard
979	Tidal Flats
980	Tidal Influence
981	Tourach's Chant
982	Tourach's Gate
983	Vodalian Knights
984	Vodalian Mage
985	Vodalian Soldiers
986	Vodalian War Machine
987	Zelyon Sword
988	Arena
989	Sewers of Estark
990	Windseeker Centaur
991	Giant Badger
992	Mana Crypt
993	Abyssal Specter
994	Adarkar Sentinel
995	Adarkar Unicorn
996	Adarkar Wastes
997	Aegis of the Meek
998	Aggression
999	Altar of Bone
1000	Amulet of Quoz
1001	Anarchy
1002	Arctic Foxes
1003	Arcum's Sleigh
1004	Arcum's Weathervane
1005	Arcum's Whistle
1006	Arenson's Aura
1007	Armor of Faith
1008	Arnjlot's Ascent
1009	Ashen Ghoul
1010	Aurochs
1011	Avalanche
1012	Balduvian Barbarians
1013	Balduvian Bears
1014	Balduvian Conjurer
1015	Balduvian Hydra
1016	Balduvian Shaman
1017	Barbarian Guides
1018	Barbed Sextant
1019	Baton of Morale
1020	Battle Cry
1021	Battle Frenzy
1022	Binding Grasp
1023	Black Scarab
1024	Blessed Wine
1025	Blinking Spirit
1026	Blizzard
1027	Blue Scarab
1028	Bone Shaman
1029	Brainstorm
1030	Brand of Ill Omen
1031	Breath of Dreams
1032	Brine Shaman
1033	Brown Ouphe
1034	Brushland
1035	Burnt Offering
1036	Call to Arms
1037	Caribou Range
1038	Celestial Sword
1039	Centaur Archer
1040	Chaos Lord
1041	Chaos Moon
1042	Chromatic Armor
1043	Chub Toad
1044	Clairvoyance
1045	Cloak of Confusion
1046	Cold Snap
1047	Conquer
1048	Cooperation
1049	Crown of the Ages
1050	Curse of Marit Lage
1051	Dance of the Dead
1052	Dark Banishing
1053	Deflection
1054	Demonic Consultation
1055	Despotic Scepter
1056	Diabolic Vision
1057	Dire Wolves
1058	Dread Wight
1059	Dreams of the Dead
1060	Drift of the Dead
1061	Drought
1062	Dwarven Armory
1063	Earthlink
1064	Earthlore
1065	Elder Druid
1066	Elemental Augury
1067	Elkin Bottle
1068	Elvish Healer
1069	Enduring Renewal
1070	Energy Storm
1071	Enervate
1072	Errant Minion
1073	Errantry
1074	Essence Filter
1075	Essence Flare
1076	Essence Vortex
1077	Fanatical Fever
1078	Fiery Justice
1079	Fire Covenant
1080	Flame Spirit
1081	Flare
1082	Flooded Woodlands
1083	Flow of Maggots
1084	Folk of the Pines
1085	Forbidden Lore
1086	Force Void
1087	Forgotten Lore
1088	Formation
1089	Foul Familiar
1090	Foxfire
1091	Freyalise Supplicant
1092	Freyalise's Charm
1093	Freyalise's Winds
1094	Fumarole
1095	Fylgja
1096	Fyndhorn Bow
1097	Fyndhorn Brownie
1098	Fyndhorn Elder
1099	Fyndhorn Elves
1100	Fyndhorn Pollen
1101	Game of Chaos
1102	Gangrenous Zombies
1103	Gaze of Pain
1104	General Jarkeld
1105	Ghostly Flame
1106	Giant Trap Door Spider
1107	Glacial Chasm
1108	Glacial Crevasses
1109	Glacial Wall
1110	Glaciers
1111	Goblin Lyre
1112	Goblin Mutant
1113	Goblin Sappers
1114	Goblin Ski Patrol
1115	Goblin Snowman
1116	Gorilla Pack
1117	Gravebind
1118	Green Scarab
1119	Grizzled Wolverine
1120	Hallowed Ground
1121	Halls of Mist
1122	Heal
1123	Hecatomb
1124	Hematite Talisman
1125	Hipparion
1126	Hoar Shade
1127	Hot Springs
1128	Hyalopterous Lemure
1129	Hydroblast
1130	Hymn of Rebirth
1131	Ice Cauldron
1132	Ice Floe
1133	Iceberg
1134	Icequake
1135	Icy Prison
1136	Illusionary Forces
1137	Illusionary Presence
1138	Illusionary Terrain
1139	Illusionary Wall
1140	Illusions of Grandeur
1141	Imposing Visage
1142	Incinerate
1143	Infernal Darkness
1144	Infernal Denizen
1145	Infinite Hourglass
1146	Infuse
1147	Jester's Cap
1148	Jester's Mask
1149	Jeweled Amulet
1150	Johtull Wurm
1151	Jokulhaups
1152	Juniper Order Druid
1153	Justice
1154	Karplusan Forest
1155	Karplusan Giant
1156	Karplusan Yeti
1157	Kelsinko Ranger
1158	Kjeldoran Dead
1159	Kjeldoran Elite Guard
1160	Kjeldoran Frostbeast
1161	Kjeldoran Guard
1162	Kjeldoran Knight
1163	Kjeldoran Phalanx
1164	Kjeldoran Royal Guard
1165	Kjeldoran Skycaptain
1166	Kjeldoran Skyknight
1167	Kjeldoran Warrior
1168	Knight of Stromgald
1169	Krovikan Elementalist
1170	Krovikan Fetish
1171	Krovikan Sorcerer
1172	Krovikan Vampire
1173	Land Cap
1174	Lapis Lazuli Talisman
1175	Lava Burst
1176	Lava Tubes
1177	Legions of Lim-Dûl
1178	Leshrac's Rite
1179	Leshrac's Sigil
1180	Lhurgoyf
1181	Lightning Blow
1182	Lim-Dûl's Cohort
1183	Lim-Dûl's Hex
1184	Lost Order of Jarkeld
1185	Maddening Wind
1186	Magus of the Unseen
1187	Malachite Talisman
1188	Melee
1189	Melting
1190	Mercenaries
1191	Merieke Ri Berit
1192	Mesmeric Trance
1193	Meteor Shower
1194	Mind Ravel
1195	Mind Warp
1196	Mind Whip
1197	Minion of Leshrac
1198	Minion of Tevesh Szat
1199	Mistfolk
1200	Mole Worms
1201	Monsoon
1202	Moor Fiend
1203	Mountain Goat
1204	Mountain Titan
1205	Mudslide
1206	Musician
1207	Mystic Might
1208	Mystic Remora
1209	Márton Stromgald
1210	Nacre Talisman
1211	Naked Singularity
1212	Nature's Lore
1213	Necropotence
1214	Norritt
1215	Oath of Lim-Dûl
1216	Onyx Talisman
1217	Orcish Cannoneers
1218	Orcish Conscripts
1219	Orcish Farmer
1220	Orcish Healer
1221	Orcish Librarian
1222	Orcish Lumberjack
1223	Orcish Squatters
1224	Order of the Sacred Torch
1225	Order of the White Shield
1226	Pale Bears
1227	Panic
1228	Pentagram of the Ages
1229	Pestilence Rats
1230	Phantasmal Mount
1231	Pit Trap
1232	Polar Kraken
1233	Portent
1234	Pox
1235	Prismatic Ward
1236	Pygmy Allosaurus
1237	Pyknite
1238	Pyroblast
1239	Pyroclasm
1240	Rally
1241	Ray of Command
1242	Ray of Erasure
1243	Reality Twist
1244	Reclamation
1245	Red Scarab
1246	Rime Dryad
1247	Ritual of Subdual
1248	River Delta
1249	Runed Arch
1250	Sabretooth Tiger
1251	Sacred Boon
1252	Scaled Wurm
1253	Sea Spirit
1254	Seizures
1255	Seraph
1256	Shambling Strider
1257	Shield Bearer
1258	Shield of the Ages
1259	Shyft
1260	Sibilant Spirit
1261	Silver Erne
1262	Skeleton Ship
1263	Skull Catapult
1264	Snow Devil
1265	Snow Fortress
1266	Snow Hound
1267	Snow-Covered Forest
1268	Snow-Covered Island
1269	Snow-Covered Mountain
1270	Snow-Covered Plains
1271	Snow-Covered Swamp
1272	Snowblind
1273	Snowfall
1274	Soldevi Golem
1275	Soldevi Machinist
1276	Soldevi Simulacrum
1277	Songs of the Damned
1278	Soul Barrier
1279	Soul Burn
1280	Soul Kiss
1281	Spectral Shield
1282	Spoils of Evil
1283	Spoils of War
1284	Staff of the Ages
1285	Stampede
1286	Stench of Evil
1287	Stone Spirit
1288	Stonehands
1289	Storm Spirit
1290	Stormbind
1291	Stromgald Cabal
1292	Stunted Growth
1293	Sulfurous Springs
1294	Sunstone
1295	Tarpan
1296	Thermokarst
1297	Thoughtleech
1298	Thunder Wall
1299	Timberline Ridge
1300	Time Bomb
1301	Tinder Wall
1302	Tor Giant
1303	Total War
1304	Touch of Death
1305	Touch of Vitae
1306	Trailblazer
1307	Underground River
1308	Updraft
1309	Urza's Bauble
1310	Veldt
1311	Venomous Breath
1312	Vertigo
1313	Vexing Arcanix
1314	Vibrating Sphere
1315	Walking Wall
1316	Wall of Lava
1317	Wall of Pine Needles
1318	Wall of Shields
1319	War Chariot
1320	Warning
1321	Whalebone Glider
1322	White Scarab
1323	Whiteout
1324	Wiitigo
1325	Wind Spirit
1326	Wings of Aesthir
1327	Winter's Chill
1328	Withering Wisps
1329	Woolly Mammoths
1330	Woolly Spider
1331	Word of Blasting
1332	Word of Undoing
1333	Wrath of Marit Lage
1334	Yavimaya Gnats
1335	Zur's Weirding
1336	Zuran Enchanter
1337	Zuran Orb
1338	Zuran Spellcaster
1339	Abbey Gargoyles
1340	Abbey Matron
1341	Aether Storm
1342	Aliban's Tower
1343	Ambush
1344	Ambush Party
1345	An-Havva Constable
1346	An-Havva Inn
1347	An-Havva Township
1348	An-Zerrin Ruins
1349	Anaba Ancestor
1350	Anaba Bodyguard
1351	Anaba Shaman
1352	Anaba Spirit Crafter
1353	Apocalypse Chime
1354	Autumn Willow
1355	Aysen Abbey
1356	Aysen Bureaucrats
1357	Aysen Crusader
1358	Aysen Highway
1359	Baki's Curse
1360	Baron Sengir
1361	Beast Walkers
1362	Black Carriage
1363	Broken Visage
1364	Carapace
1365	Castle Sengir
1366	Cemetery Gate
1367	Chain Stasis
1368	Chandler
1369	Clockwork Gnomes
1370	Clockwork Steed
1371	Clockwork Swarm
1372	Coral Reef
1373	Dark Maze
1374	Daughter of Autumn
1375	Death Speakers
1376	Didgeridoo
1377	Drudge Spell
1378	Dry Spell
1379	Dwarven Pony
1380	Dwarven Sea Clan
1381	Dwarven Trader
1382	Ebony Rhino
1383	Eron the Relentless
1384	Evaporate
1385	Faerie Noble
1386	Feast of the Unicorn
1387	Feroz's Ban
1388	Folk of An-Havva
1389	Forget
1390	Funeral March
1391	Ghost Hounds
1392	Giant Albatross
1393	Giant Oyster
1394	Grandmother Sengir
1395	Greater Werewolf
1396	Hazduhr the Abbot
1397	Headstone
1398	Heart Wolf
1399	Hungry Mist
1400	Ihsan's Shade
1401	Irini Sengir
1402	Ironclaw Curse
1403	Jinx
1404	Joven
1405	Joven's Ferrets
1406	Joven's Tools
1407	Koskun Falls
1408	Koskun Keep
1409	Labyrinth Minotaur
1410	Leaping Lizard
1411	Leeches
1412	Mammoth Harness
1413	Marjhan
1414	Memory Lapse
1415	Merchant Scroll
1416	Mesa Falcon
1417	Mystic Decree
1418	Narwhal
1419	Orcish Mine
1420	Primal Order
1421	Prophecy
1422	Rashka the Slayer
1423	Reef Pirates
1424	Renewal
1425	Retribution
1426	Reveka, Wizard Savant
1427	Root Spider
1428	Roots
1429	Roterothopter
1430	Rysorian Badger
1431	Samite Alchemist
1432	Sea Sprite
1433	Sea Troll
1434	Sengir Autocrat
1435	Sengir Bats
1436	Serra Aviary
1437	Serra Bestiary
1438	Serra Inquisitors
1439	Serra Paladin
1440	Serrated Arrows
1441	Shrink
1442	Soraya the Falconer
1443	Spectral Bears
1444	Timmerian Fiends
1445	Torture
1446	Trade Caravan
1447	Truce
1448	Veldrane of Sengir
1449	Wall of Kelp
1450	Willow Faerie
1451	Willow Priestess
1452	Winter Sky
1453	Wizards' School
1454	Shichifukujin Dragon
1455	Aesthir Glider
1456	Agent of Stromgald
1457	Arcane Denial
1458	Ashnod's Cylix
1459	Astrolabe
1460	Awesome Presence
1461	Balduvian Dead
1462	Balduvian Horde
1463	Balduvian Trading Post
1464	Balduvian War-Makers
1465	Benthic Explorers
1466	Bestial Fury
1467	Bounty of the Hunt
1468	Browse
1469	Burnout
1470	Carrier Pigeons
1471	Casting of Bones
1472	Chaos Harlequin
1473	Contagion
1474	Deadly Insect
1475	Death Spark
1476	Diminishing Returns
1477	Diseased Vermin
1478	Dystopia
1479	Elvish Bard
1480	Elvish Ranger
1481	Elvish Spirit Guide
1482	Energy Arc
1483	Enslaved Scout
1484	Errand of Duty
1485	Exile
1486	False Demise
1487	Fatal Lore
1488	Feast or Famine
1489	Fevered Strength
1490	Floodwater Dam
1491	Force of Will
1492	Foresight
1493	Fyndhorn Druid
1494	Gargantuan Gorilla
1495	Gift of the Woods
1496	Gorilla Berserkers
1497	Gorilla Chieftain
1498	Gorilla Shaman
1499	Gorilla War Cry
1500	Guerrilla Tactics
1501	Gustha's Scepter
1502	Hail Storm
1503	Heart of Yavimaya
1504	Helm of Obedience
1505	Inheritance
1506	Insidious Bookworms
1507	Ivory Gargoyle
1508	Juniper Order Advocate
1509	Kaysa
1510	Keeper of Tresserhorn
1511	Kjeldoran Escort
1512	Kjeldoran Home Guard
1513	Kjeldoran Outpost
1514	Kjeldoran Pride
1515	Krovikan Horror
1516	Krovikan Plague
1517	Lake of the Dead
1518	Lat-Nam's Legacy
1519	Library of Lat-Nam
1520	Lim-Dûl's High Guard
1521	Lim-Dûl's Paladin
1522	Lim-Dûl's Vault
1523	Lodestone Bauble
1524	Lord of Tresserhorn
1525	Martyrdom
1526	Misfortune
1527	Mishra's Groundbreaker
1528	Misinformation
1529	Mystic Compass
1530	Nature's Blessing
1531	Nature's Chosen
1532	Nature's Wrath
1533	Noble Steeds
1534	Omen of Fire
1535	Phantasmal Fiend
1536	Phantasmal Sphere
1537	Phelddagrif
1538	Phyrexian Boon
1539	Phyrexian Devourer
1540	Phyrexian Portal
1541	Phyrexian War Beast
1542	Pillage
1543	Primitive Justice
1544	Pyrokinesis
1545	Reinforcements
1546	Reprisal
1547	Ritual of the Machine
1548	Rogue Skycaptain
1549	Royal Decree
1550	Royal Herbalist
1551	Scarab of the Unseen
1552	Scars of the Veteran
1553	School of the Unseen
1554	Seasoned Tactician
1555	Sheltered Valley
1556	Shield Sphere
1557	Sol Grail
1558	Soldevi Adnate
1559	Soldevi Digger
1560	Soldevi Excavations
1561	Soldevi Heretic
1562	Soldevi Sage
1563	Soldevi Sentry
1564	Soldevi Steam Beast
1565	Soldier of Fortune
1566	Spiny Starfish
1567	Splintering Wind
1568	Stench of Decay
1569	Storm Cauldron
1570	Storm Crow
1571	Storm Elemental
1572	Storm Shaman
1573	Stromgald Spy
1574	Suffocation
1575	Surge of Strength
1576	Sustaining Spirit
1577	Swamp Mosquito
1578	Sworn Defender
1579	Taste of Paradise
1580	Thawing Glaciers
1581	Thought Lash
1582	Tidal Control
1583	Tornado
1584	Undergrowth
1585	Unlikely Alliance
1586	Urza's Engine
1587	Varchild's Crusader
1588	Varchild's War-Riders
1589	Veteran's Voice
1590	Viscerid Armor
1591	Viscerid Drone
1592	Wandering Mage
1593	Whip Vine
1594	Whirling Catapult
1595	Wild Aesthir
1596	Winter's Night
1597	Yavimaya Ancients
1598	Yavimaya Ants
1599	1996 World Champion
1600	Abyssal Hunter
1601	Acidic Dagger
1602	Afiya Grove
1603	Afterlife
1604	Agility
1605	Alarum
1606	Aleatory
1607	Amber Prison
1608	Amulet of Unmaking
1609	Ancestral Memories
1610	Armor of Thorns
1611	Armorer Guildmage
1612	Ashen Powder
1613	Asmira, Holy Avenger
1614	Auspicious Ancestor
1615	Azimaet Drake
1616	Bad River
1617	Barbed Foliage
1618	Barbed-Back Wurm
1619	Barreling Attack
1620	Basalt Golem
1621	Bay Falcon
1622	Bazaar of Wonders
1623	Benevolent Unicorn
1624	Benthic Djinn
1625	Binding Agony
1626	Blighted Shaman
1627	Blind Fury
1628	Blinding Light
1629	Blistering Barrier
1630	Bone Harvest
1631	Bone Mask
1632	Breathstealer
1633	Brushwagg
1634	Builder's Bane
1635	Burning Palm Efreet
1636	Burning Shield Askari
1637	Cadaverous Bloom
1638	Cadaverous Knight
1639	Canopy Dragon
1640	Carrion
1641	Catacomb Dragon
1642	Celestial Dawn
1643	Cerulean Wyvern
1644	Chaos Charm
1645	Chaosphere
1646	Charcoal Diamond
1647	Chariot of the Sun
1648	Choking Sands
1649	Cinder Cloud
1650	Circle of Despair
1651	Civic Guildmage
1652	Cloak of Invisibility
1653	Consuming Ferocity
1654	Coral Fighters
1655	Crash of Rhinos
1656	Crimson Hellkite
1657	Crimson Roc
1658	Crypt Cobra
1659	Crystal Golem
1660	Crystal Vein
1661	Cursed Totem
1662	Cycle of Life
1663	Daring Apprentice
1664	Dazzling Beauty
1665	Decomposition
1666	Delirium
1667	Dirtwater Wraith
1668	Discordant Spirit
1669	Disempower
1670	Dissipate
1671	Divine Retribution
1672	Dread Specter
1673	Dream Cache
1674	Dream Fighter
1675	Dwarven Miner
1676	Dwarven Nomad
1677	Early Harvest
1678	Ebony Charm
1679	Ekundu Cyclops
1680	Ekundu Griffin
1681	Elixir of Vitality
1682	Emberwilde Caliph
1683	Emberwilde Djinn
1684	Energy Bolt
1685	Energy Vortex
1686	Enfeeblement
1687	Enlightened Tutor
1688	Ersatz Gnomes
1689	Ether Well
1690	Ethereal Champion
1691	Fallow Earth
1692	Favorable Destiny
1693	Femeref Archers
1694	Femeref Healer
1695	Femeref Knight
1696	Femeref Scouts
1697	Feral Shadow
1698	Fetid Horror
1699	Final Fortune
1700	Fire Diamond
1701	Flame Elemental
1702	Flash
1703	Flood Plain
1704	Floodgate
1705	Foratog
1706	Forbidden Crypt
1707	Forsaken Wastes
1708	Frenetic Efreet
1709	Giant Mantis
1710	Gibbering Hyenas
1711	Goblin Elite Infantry
1712	Goblin Scouts
1713	Goblin Soothsayer
1714	Goblin Tinkerer
1715	Granger Guildmage
1716	Grasslands
1717	Grave Servitude
1718	Gravebane Zombie
1719	Grim Feast
1720	Grinning Totem
1721	Hakim, Loreweaver
1722	Hall of Gemstone
1723	Hammer of Bogardan
1724	Harbinger of Night
1725	Harbor Guardian
1726	Harmattan Efreet
1727	Haunting Apparition
1728	Hazerider Drake
1729	Hivis of the Scale
1730	Horrible Hordes
1731	Igneous Golem
1732	Illicit Auction
1733	Illumination
1734	Infernal Contract
1735	Iron Tusk Elephant
1736	Ivory Charm
1737	Jabari's Influence
1738	Jolrael's Centaur
1739	Jolt
1740	Jungle Patrol
1741	Jungle Troll
1742	Jungle Wurm
1743	Kaervek's Hex
1744	Kaervek's Purge
1745	Kaervek's Torch
1746	Karoo Meerkat
1747	Kukemssa Pirates
1748	Kukemssa Serpent
1749	Lead Golem
1750	Leering Gargoyle
1751	Lightning Reflexes
1752	Lion's Eye Diamond
1753	Locust Swarm
1754	Lure of Prey
1755	Malignant Growth
1756	Mana Prism
1757	Mangara's Blessing
1758	Mangara's Equity
1759	Mangara's Tome
1760	Marble Diamond
1761	Maro
1762	Meddle
1763	Melesse Spirit
1764	Merfolk Raiders
1765	Merfolk Seer
1766	Mind Bend
1767	Mind Harness
1768	Mindbender Spores
1769	Mire Shade
1770	Misers' Cage
1771	Mist Dragon
1772	Moss Diamond
1773	Mountain Valley
1774	Mtenda Griffin
1775	Mtenda Herder
1776	Mtenda Lion
1777	Mystical Tutor
1778	Natural Balance
1779	Nettletooth Djinn
1780	Noble Elephant
1781	Nocturnal Raid
1782	Null Chamber
1783	Pacifism
1784	Painful Memories
1785	Patagia Golem
1786	Paupers' Cage
1787	Pearl Dragon
1788	Phyrexian Dreadnought
1789	Phyrexian Purge
1790	Phyrexian Tribute
1791	Phyrexian Vault
1792	Political Trickery
1793	Polymorph
1794	Preferred Selection
1795	Prismatic Boon
1796	Prismatic Circle
1797	Prismatic Lace
1798	Psychic Transfer
1799	Purgatory
1800	Purraj of Urborg
1801	Pyric Salamander
1802	Quirion Elves
1803	Radiant Essence
1804	Raging Spirit
1805	Rampant Growth
1806	Rashida Scalebane
1807	Ravenous Vampire
1808	Razor Pendulum
1809	Reality Ripple
1810	Reckless Embermage
1811	Reflect Damage
1812	Reign of Chaos
1813	Reign of Terror
1814	Reparations
1815	Restless Dead
1816	Ritual of Steel
1817	Rock Basilisk
1818	Rocky Tar Pit
1819	Roots of Life
1820	Sabertooth Cobra
1821	Sacred Mesa
1822	Sand Golem
1823	Sandbar Crocodile
1824	Sapphire Charm
1825	Savage Twister
1826	Sawback Manticore
1827	Sea Scryer
1828	Sealed Fate
1829	Searing Spear Askari
1830	Seedling Charm
1831	Seeds of Innocence
1832	Serene Heart
1833	Sewer Rats
1834	Shadow Guildmage
1835	Shadowbane
1836	Shallow Grave
1837	Shaper Guildmage
1838	Shauku's Minion
1839	Shauku, Endbringer
1840	Shimmer
1841	Sidar Jabari
1842	Sirocco
1843	Skulking Ghost
1844	Sky Diamond
1845	Soar
1846	Soul Echo
1847	Soul Rend
1848	Soulshriek
1849	Spatial Binding
1850	Spectral Guardian
1851	Spirit of the Night
1852	Spitting Earth
1853	Stalking Tiger
1854	Stupor
1855	Subterranean Spirit
1856	Sunweb
1857	Superior Numbers
1858	Suq'Ata Firewalker
1859	Tainted Specter
1860	Talruum Minotaur
1861	Taniwha
1862	Teeka's Dragon
1863	Teferi's Curse
1864	Teferi's Drake
1865	Teferi's Imp
1866	Teferi's Isle
1867	Telim'Tor
1868	Telim'Tor's Darts
1869	Telim'Tor's Edict
1870	Teremko Griffin
1871	Thirst
1872	Tidal Wave
1873	Tombstone Stairwell
1874	Torrent of Lava
1875	Tranquil Domain
1876	Tropical Storm
1877	Uktabi Faerie
1878	Uktabi Wildcats
1879	Unerring Sling
1880	Unfulfilled Desires
1881	Unseen Walker
1882	Unyaro Bee Sting
1883	Unyaro Griffin
1884	Urborg Panther
1885	Vaporous Djinn
1886	Ventifact Bottle
1887	Viashino Warrior
1888	Vigilant Martyr
1889	Village Elder
1890	Vitalizing Cascade
1891	Volcanic Dragon
1892	Volcanic Geyser
1893	Waiting in the Weeds
1894	Wall of Corpses
1895	Wall of Resistance
1896	Wall of Roots
1897	Ward of Lights
1898	Warping Wurm
1899	Wave Elemental
1900	Wellspring
1901	Wild Elephant
1902	Wildfire Emissary
1903	Windreaper Falcon
1904	Withering Boon
1905	Worldly Tutor
1906	Yare
1907	Zebra Unicorn
1908	Zhalfirin Commander
1909	Zhalfirin Knight
1910	Zirilan of the Claw
1911	Zombie Mob
1912	Zuberi, Golden Feather
1913	Bull Elephant
1914	Dark Privilege
1915	King Cheetah
1916	Necrosavant
1917	Ovinomancer
1918	Peace Talks
1919	Urborg Mindsucker
1920	Vampirism
1921	Viashino Sandstalker
1922	Wicked Reward
1923	Jamuraan Lion
1924	Shrieking Drake
1925	Talruum Champion
1926	Aku Djinn
1927	Anvil of Bogardan
1928	Archangel
1929	Army Ants
1930	Betrayal
1931	Blanket of Night
1932	Bogardan Phoenix
1933	Brass-Talon Chimera
1934	Breathstealer's Crypt
1935	Breezekeeper
1936	Brood of Cockroaches
1937	Chronatog
1938	City of Solitude
1939	Cloud Elemental
1940	Coercion
1941	Coral Atoll
1942	Corrosion
1943	Creeping Mold
1944	Crypt Rats
1945	Daraja Griffin
1946	Death Watch
1947	Desertion
1948	Desolation
1949	Diamond Kaleidoscope
1950	Dormant Volcano
1951	Dragon Mask
1952	Dream Tides
1953	Dwarven Vigilantes
1954	Elephant Grass
1955	Elkin Lair
1956	Elven Cache
1957	Emerald Charm
1958	Equipoise
1959	Everglades
1960	Eye of Singularity
1961	Fallen Askari
1962	Femeref Enchantress
1963	Feral Instinct
1964	Fireblast
1965	Firestorm Hellkite
1966	Flooded Shoreline
1967	Forbidden Ritual
1968	Foreshadow
1969	Freewind Falcon
1970	Funeral Charm
1971	Giant Caterpillar
1972	Goblin Recruiter
1973	Goblin Swine-Rider
1974	Gossamer Chains
1975	Griffin Canyon
1976	Guiding Spirit
1977	Hearth Charm
1978	Heat Wave
1979	Helm of Awakening
1980	Honorable Passage
1981	Hope Charm
1982	Hulking Cyclops
1983	Impulse
1984	Infantry Veteran
1985	Infernal Harvest
1986	Inspiration
1987	Iron-Heart Chimera
1988	Juju Bubble
1989	Jungle Basin
1990	Kaervek's Spite
1991	Karoo
1992	Katabatic Winds
1993	Keeper of Kookus
1994	Knight of Valor
1995	Knight of the Mists
1996	Kookus
1997	Kyscu Drake
1998	Lead-Belly Chimera
1999	Lichenthrope
2000	Lightning Cloud
2001	Longbow Archer
2002	Magma Mine
2003	Man-o'-War
2004	Matopi Golem
2005	Miraculous Recovery
2006	Mob Mentality
2007	Mortal Wound
2008	Mundungu
2009	Mystic Veil
2010	Natural Order
2011	Necromancy
2012	Nekrataal
2013	Ogre Enforcer
2014	Panther Warriors
2015	Parapet
2016	Phyrexian Marauder
2017	Phyrexian Walker
2018	Pillar Tombs of Aku
2019	Prosperity
2020	Pygmy Hippo
2021	Python
2022	Quicksand
2023	Quirion Druid
2024	Quirion Ranger
2025	Raging Gorilla
2026	Rainbow Efreet
2027	Relentless Assault
2028	Relic Ward
2029	Remedy
2030	Resistance Fighter
2031	Retribution of the Meek
2032	Righteous Aura
2033	Righteous War
2034	River Boa
2035	Rock Slide
2036	Rowen
2037	Sands of Time
2038	Scalebane's Elite
2039	Shimmering Efreet
2040	Simoon
2041	Sisay's Ring
2042	Snake Basket
2043	Solfatara
2044	Song of Blood
2045	Spider Climb
2046	Spitting Drake
2047	Squandered Resources
2048	Stampeding Wildebeests
2049	Suleiman's Legacy
2050	Summer Bloom
2051	Sun Clasp
2052	Suq'Ata Assassin
2053	Suq'Ata Lancer
2054	Talruum Piper
2055	Tar Pit Warrior
2056	Teferi's Honor Guard
2057	Teferi's Puzzle Box
2058	Teferi's Realm
2059	Tempest Drake
2060	Three Wishes
2061	Time and Tide
2062	Tin-Wing Chimera
2063	Tithe
2064	Tremor
2065	Triangle of War
2066	Uktabi Orangutan
2067	Undiscovered Paradise
2068	Undo
2069	Vampiric Tutor
2070	Vanishing
2071	Viashivan Dragon
2072	Vision Charm
2073	Wake of Vultures
2074	Wand of Denial
2075	Warrior's Honor
2076	Warthog
2077	Waterspout Djinn
2078	Wind Shear
2079	Zhalfirin Crusader
2080	Aswan Jaguar
2081	Call from the Grave
2082	Faerie Dragon
2083	Gem Bazaar
2084	Goblin Polka Band
2085	Necropolis of Azar
2086	Orcish Catapult
2087	Pandora's Box
2088	Power Struggle
2089	Prismatic Dragon
2090	Rainbow Knights
2091	Whimsy
2092	Alabaster Dragon
2093	Alluring Scent
2094	Anaconda
2095	Angelic Blessing
2096	Ardent Militia
2097	Armored Pegasus
2098	Arrogant Vampire
2099	Assassin's Blade
2100	Balance of Power
2101	Baleful Stare
2102	Bee Sting
2103	Blaze
2104	Blessed Reversal
2105	Bog Raiders
2106	Boiling Seas
2107	Border Guard
2108	Breath of Life
2109	Bull Hippo
2110	Burning Cloak
2111	Capricious Sorcerer
2112	Charging Bandits
2113	Charging Paladin
2114	Charging Rhino
2115	Cloak of Feathers
2116	Cloud Dragon
2117	Cloud Pirates
2118	Cloud Spirit
2119	Command of Unsummoning
2120	Coral Eel
2121	Craven Giant
2122	Craven Knight
2123	Cruel Bargain
2124	Cruel Fate
2125	Cruel Tutor
2126	Deep Wood
2127	Deep-Sea Serpent
2128	Defiant Stand
2129	Desert Drake
2130	Devastation
2131	Devoted Hero
2132	Djinn of the Lamp
2133	Dread Charge
2134	Dread Reaper
2135	Déjà Vu
2136	Ebon Dragon
2137	Elite Cat Warrior
2138	Endless Cockroaches
2139	Exhaustion
2140	False Peace
2141	Final Strike
2142	Fire Dragon
2143	Fire Imp
2144	Fire Snake
2145	Fire Tempest
2146	Fleet-Footed Monk
2147	Flux
2148	Foot Soldiers
2149	Forked Lightning
2150	Fruition
2151	Giant Octopus
2152	Gift of Estates
2153	Goblin Bully
2154	Gorilla Warrior
2155	Gravedigger
2156	Hand of Death
2157	Harsh Justice
2158	Highland Giant
2159	Horned Turtle
2160	Howling Fury
2161	Hulking Goblin
2162	Ingenious Thief
2163	Jungle Lion
2164	Keen-Eyed Archers
2165	King's Assassin
2166	Knight Errant
2167	Last Chance
2168	Lava Axe
2169	Lava Flow
2170	Lizard Warrior
2171	Mercenary Knight
2172	Mind Knives
2173	Mind Rot
2174	Minotaur Warrior
2175	Mobilize
2176	Monstrous Growth
2177	Moon Sprite
2178	Muck Rats
2179	Mystic Denial
2180	Natural Spring
2181	Nature's Cloak
2182	Nature's Ruin
2183	Needle Storm
2184	Noxious Toad
2185	Omen
2186	Owl Familiar
2187	Path of Peace
2188	Personal Tutor
2189	Phantom Warrior
2190	Pillaging Horde
2191	Plant Elemental
2192	Primeval Force
2193	Raging Cougar
2194	Raging Goblin
2195	Raging Minotaur
2196	Rain of Salt
2197	Rain of Tears
2198	Redwood Treefolk
2199	Regal Unicorn
2200	Renewing Dawn
2201	Rowan Treefolk
2202	Sacred Knight
2203	Sacred Nectar
2204	Scorching Spear
2205	Scorching Winds
2206	Seasoned Marshal
2207	Serpent Assassin
2208	Serpent Warrior
2209	Skeletal Crocodile
2210	Skeletal Snake
2211	Snapping Drake
2212	Sorcerous Sight
2213	Soul Shred
2214	Spined Wurm
2215	Spiritual Guardian
2216	Spotted Griffin
2217	Starlight
2218	Starlit Angel
2219	Steadfastness
2220	Stern Marshal
2221	Sylvan Tutor
2222	Symbol of Unsummoning
2223	Taunt
2224	Temporary Truce
2225	Theft of Dreams
2226	Thing from the Deep
2227	Thundering Wurm
2228	Thundermare
2229	Tidal Surge
2230	Time Ebb
2231	Touch of Brilliance
2232	Treetop Defense
2233	Undying Beast
2234	Valorous Charge
2235	Vampiric Feast
2236	Vampiric Touch
2237	Venerable Monk
2238	Vengeance
2239	Virtue's Ruin
2240	Volcanic Hammer
2241	Wall of Granite
2242	Warrior's Charge
2243	Whiptail Wurm
2244	Wicked Pact
2245	Willow Dryad
2246	Wind Drake
2247	Winter's Grasp
2248	Withering Gaze
2249	Wood Elves
2250	Ashnod
2251	Barrin
2252	Crovax
2253	Eladamri
2254	Ertai
2255	Gerrard
2256	Gix
2257	Greven il-Vec
2258	Hanna
2259	Karn
2260	Lyna
2261	Maraxus
2262	Mirri
2263	Mishra
2264	Multani
2265	Oracle
2266	Orim
2267	Rofellos
2268	Selenia
2269	Serra
2270	Sidar Kondo
2271	Sisay
2272	Sliver Queen, Brood Mother
2273	Squee
2274	Starke
2275	Tahngarth
2276	Takara
2277	Tawnos
2278	Titania
2279	Urza
2280	Volrath
2281	Xantcha
2282	Abduction
2283	Abeyance
2284	Abjure
2285	Aboroth
2286	Abyssal Gatekeeper
2287	Aether Flash
2288	Agonizing Memories
2289	Alms
2290	Ancestral Knowledge
2291	Angelic Renewal
2292	Apathy
2293	Arctic Wolves
2294	Argivian Find
2295	Argivian Restoration
2296	Aura of Silence
2297	Avizoa
2298	Barishi
2299	Barrow Ghoul
2300	Benalish Infantry
2301	Benalish Knight
2302	Benalish Missionary
2303	Betrothed of Fire
2304	Bloodrock Cyclops
2305	Blossoming Wreath
2306	Bogardan Firefiend
2307	Boiling Blood
2308	Bone Dancer
2309	Briar Shield
2310	Bubble Matrix
2311	Buried Alive
2312	Bösium Strip
2313	Call of the Wild
2314	Chimeric Sphere
2315	Choking Vines
2316	Cinder Giant
2317	Cinder Wall
2318	Circling Vultures
2319	Cloud Djinn
2320	Coils of the Medusa
2321	Cone of Flame
2322	Debt of Loyalty
2323	Dense Foliage
2324	Desperate Gambit
2325	Dingus Staff
2326	Disrupt
2327	Doomsday
2328	Downdraft
2329	Duskrider Falcon
2330	Dwarven Berserker
2331	Dwarven Thaumaturgist
2332	Empyrial Armor
2333	Ertai's Familiar
2334	Fallow Wurm
2335	Familiar Ground
2336	Fatal Blow
2337	Fervor
2338	Festering Evil
2339	Fire Whip
2340	Firestorm
2341	Fit of Rage
2342	Fledgling Djinn
2343	Fog Elemental
2344	Foriysian Brigade
2345	Fungus Elemental
2346	Gaea's Blessing
2347	Gallowbraid
2348	Gemstone Mine
2349	Gerrard's Wisdom
2350	Goblin Bomb
2351	Goblin Grenadiers
2352	Goblin Vandal
2353	Guided Strike
2354	Harvest Wurm
2355	Haunting Misery
2356	Heart of Bogardan
2357	Heat Stroke
2358	Heavy Ballista
2359	Hidden Horror
2360	Hurloon Shaman
2361	Infernal Tribute
2362	Inner Sanctum
2363	Jabari's Banner
2364	Jangling Automaton
2365	Kithkin Armor
2366	Lava Hounds
2367	Lava Storm
2368	Liege of the Hollows
2369	Llanowar Behemoth
2370	Llanowar Druid
2371	Llanowar Sentinel
2372	Lotus Vale
2373	Mana Chains
2374	Mana Web
2375	Manta Ray
2376	Maraxus of Keld
2377	Master of Arms
2378	Merfolk Traders
2379	Mind Stone
2380	Mischievous Poltergeist
2381	Mistmoon Griffin
2382	Morinfen
2383	Mwonvuli Ooze
2384	Nature's Kiss
2385	Nature's Resurgence
2386	Necratog
2387	Noble Benefactor
2388	Null Rod
2389	Odylic Wraith
2390	Ophidian
2391	Orcish Settlers
2392	Paradigm Shift
2393	Peacekeeper
2394	Pendrell Mists
2395	Phantom Wings
2396	Phyrexian Furnace
2397	Psychic Vortex
2398	Razortooth Rats
2399	Relearn
2400	Revered Unicorn
2401	Roc Hatchling
2402	Rogue Elephant
2403	Sage Owl
2404	Sawtooth Ogre
2405	Scorched Ruins
2406	Serenity
2407	Serra's Blessing
2408	Serrated Biskelion
2409	Shadow Rider
2410	Shattered Crypt
2411	Soul Shepherd
2412	Southern Paladin
2413	Spinning Darkness
2414	Steel Golem
2415	Strands of Night
2416	Straw Golem
2417	Striped Bears
2418	Sylvan Hierophant
2419	Tariff
2420	Teferi's Veil
2421	Tendrils of Despair
2422	Thran Forge
2423	Thran Tome
2424	Thunderbolt
2425	Timid Drake
2426	Tolarian Drake
2427	Tolarian Entrancer
2428	Tolarian Serpent
2429	Touchstone
2430	Tranquil Grove
2431	Uktabi Efreet
2432	Urborg Justice
2433	Urborg Stalker
2434	Veteran Explorer
2435	Vitalize
2436	Vodalian Illusionist
2437	Volunteer Reserves
2438	Wave of Terror
2439	Well of Knowledge
2440	Winding Canyons
2441	Xanthic Statue
2442	Zombie Scavengers
2443	Splendid Genesis
2444	Dirtcowl Wurm
2445	Abandon Hope
2446	Advance Scout
2447	Aftershock
2448	Altar of Dementia
2449	Aluren
2450	Ancient Runes
2451	Ancient Tomb
2452	Angelic Protector
2453	Anoint
2454	Apes of Rath
2455	Apocalypse
2456	Armor Sliver
2457	Auratog
2458	Avenging Angel
2459	Barbed Sliver
2460	Bayou Dragonfly
2461	Bellowing Fiend
2462	Benthic Behemoth
2463	Blood Frenzy
2464	Blood Pet
2465	Boil
2466	Booby Trap
2467	Bottle Gnomes
2468	Bounty Hunter
2469	Broken Fall
2470	Caldera Lake
2471	Canopy Spider
2472	Canyon Drake
2473	Canyon Wildcat
2474	Capsize
2475	Carrionette
2476	Chaotic Goo
2477	Chill
2478	Choke
2479	Cinder Marsh
2480	Circle of Protection: Shadow
2481	Clergy en-Vec
2482	Clot Sliver
2483	Cloudchaser Eagle
2484	Coffin Queen
2485	Coiled Tinviper
2486	Cold Storage
2487	Commander Greven il-Vec
2488	Corpse Dance
2489	Crazed Armodon
2490	Crown of Flames
2491	Cursed Scroll
2492	Darkling Stalker
2493	Dauthi Embrace
2494	Dauthi Ghoul
2495	Dauthi Horror
2496	Dauthi Marauder
2497	Dauthi Mercenary
2498	Dauthi Mindripper
2499	Dauthi Slayer
2500	Deadshot
2501	Death Pits of Rath
2502	Diabolic Edict
2503	Dismiss
2504	Disturbed Burial
2505	Dracoplasm
2506	Dread of Night
2507	Dregs of Sorrow
2508	Duplicity
2509	Earthcraft
2510	Echo Chamber
2511	Eladamri's Vineyard
2512	Eladamri, Lord of Leaves
2513	Elite Javelineer
2514	Elven Warhounds
2515	Elvish Fury
2516	Emerald Medallion
2517	Emmessi Tome
2518	Endless Scream
2519	Energizer
2520	Enraging Licid
2521	Ertai's Meddling
2522	Escaped Shapeshifter
2523	Essence Bottle
2524	Evincar's Justice
2525	Excavator
2526	Extinction
2527	Fevered Convulsions
2528	Field of Souls
2529	Fighting Drake
2530	Firefly
2531	Fireslinger
2532	Flailing Drake
2533	Flickering Ward
2534	Flowstone Giant
2535	Flowstone Salamander
2536	Flowstone Sculpture
2537	Flowstone Wyvern
2538	Fool's Tome
2539	Frog Tongue
2540	Fugitive Druid
2541	Furnace of Rath
2542	Fylamarid
2543	Gallantry
2544	Gerrard's Battle Cry
2545	Ghost Town
2546	Giant Crab
2547	Goblin Bombardment
2548	Grindstone
2549	Hand to Hand
2550	Hanna's Custody
2551	Harrow
2552	Havoc
2553	Heart Sliver
2554	Heartwood Dryad
2555	Heartwood Giant
2556	Heartwood Treefolk
2557	Helm of Possession
2558	Hero's Resolve
2559	Horned Sliver
2560	Humility
2561	Imps' Taunt
2562	Insight
2563	Interdict
2564	Intuition
2565	Invulnerability
2566	Jackal Pup
2567	Jet Medallion
2568	Jinxed Idol
2569	Kezzerdrix
2570	Kindle
2571	Knight of Dawn
2572	Knight of Dusk
2573	Krakilin
2574	Leeching Licid
2575	Legacy's Allure
2576	Legerdemain
2577	Light of Day
2578	Lightning Blast
2579	Lightning Elemental
2580	Living Death
2581	Lobotomy
2582	Lotus Petal
2583	Lowland Giant
2584	Maddening Imp
2585	Magmasaur
2586	Magnetic Web
2587	Mana Severance
2588	Manakin
2589	Manta Riders
2590	Marble Titan
2591	Marsh Lurker
2592	Master Decoy
2593	Mawcor
2594	Maze of Shadows
2595	Meditate
2596	Metallic Sliver
2597	Mindwhip Sliver
2598	Minion of the Wastes
2599	Mirri's Guile
2600	Mnemonic Sliver
2601	Mogg Cannon
2602	Mogg Conscripts
2603	Mogg Fanatic
2604	Mogg Hollows
2605	Mogg Raider
2606	Mogg Squad
2607	Mongrel Pack
2608	Mounted Archers
2609	Muscle Sliver
2610	Nature's Revolt
2611	No Quarter
2612	Nurturing Licid
2613	Opportunist
2614	Oracle en-Vec
2615	Orim's Prayer
2616	Orim, Samite Healer
2617	Overrun
2618	Pallimud
2619	Patchwork Gnomes
2620	Pearl Medallion
2621	Pegasus Refuge
2622	Perish
2623	Phyrexian Grimoire
2624	Phyrexian Hulk
2625	Phyrexian Splicer
2626	Pincher Beetles
2627	Pine Barrens
2628	Pit Imp
2629	Precognition
2630	Propaganda
2631	Puppet Strings
2632	Quickening Licid
2633	Ranger en-Vec
2634	Rathi Dragon
2635	Rats of Rath
2636	Reality Anchor
2637	Reanimate
2638	Reap
2639	Reckless Spite
2640	Recycle
2641	Reflecting Pool
2642	Renegade Warlord
2643	Repentance
2644	Respite
2645	Rolling Thunder
2646	Root Maze
2647	Rootbreaker Wurm
2648	Rootwalla
2649	Rootwater Depths
2650	Rootwater Diver
2651	Rootwater Hunter
2652	Rootwater Matriarch
2653	Rootwater Shaman
2654	Ruby Medallion
2655	Sacred Guide
2656	Sadistic Glee
2657	Safeguard
2658	Salt Flats
2659	Sandstone Warrior
2660	Sapphire Medallion
2661	Sarcomancy
2662	Scabland
2663	Scalding Tongs
2664	Scorched Earth
2665	Scragnoth
2666	Screeching Harpy
2667	Scroll Rack
2668	Sea Monster
2669	Searing Touch
2670	Seeker of Skybreak
2671	Segmented Wurm
2672	Selenia, Dark Angel
2673	Serene Offering
2674	Servant of Volrath
2675	Shadow Rift
2676	Shadowstorm
2677	Shimmering Wings
2678	Shocker
2679	Sky Spirit
2680	Skyshroud Condor
2681	Skyshroud Elf
2682	Skyshroud Forest
2683	Skyshroud Ranger
2684	Skyshroud Troll
2685	Skyshroud Vampire
2686	Soltari Crusader
2687	Soltari Emissary
2688	Soltari Foot Soldier
2689	Soltari Guerrillas
2690	Soltari Lancer
2691	Soltari Monk
2692	Soltari Priest
2693	Soltari Trooper
2694	Souldrinker
2695	Spike Drone
2696	Spinal Graft
2697	Spirit Mirror
2698	Spontaneous Combustion
2699	Squee's Toy
2700	Stalking Stones
2701	Starke of Rath
2702	Static Orb
2703	Staunch Defenders
2704	Steal Enchantment
2705	Stinging Licid
2706	Storm Front
2707	Stun
2708	Sudden Impact
2709	Tahngarth's Rage
2710	Talon Sliver
2711	Telethopter
2712	Thalakos Dreamsower
2713	Thalakos Lowlands
2714	Thalakos Mistfolk
2715	Thalakos Seer
2716	Thalakos Sentry
2717	Thumbscrews
2718	Time Warp
2719	Tooth and Claw
2720	Torture Chamber
2721	Tradewind Rider
2722	Trained Armodon
2723	Trumpeting Armodon
2724	Twitch
2725	Unstable Shapeshifter
2726	Vec Townships
2727	Verdant Force
2728	Verdigris
2729	Vhati il-Dal
2730	Volrath's Curse
2731	Wall of Diffusion
2732	Warmth
2733	Wasteland
2734	Watchdog
2735	Whim of Volrath
2736	Whispers of the Muse
2737	Wild Wurm
2738	Wind Dancer
2739	Winds of Rath
2740	Winged Sliver
2741	Wood Sage
2742	Worthy Cause
2743	Gaea's Cradle
2744	Stroke of Genius
2745	Revenant
2746	Acidic Sliver
2747	Amok
2748	Awakening
2749	Bandage
2750	Bottomless Pit
2751	Brush with Death
2752	Bullwhip
2753	Burgeoning
2754	Calming Licid
2755	Cannibalize
2756	Carnassid
2757	Change of Heart
2758	Constant Mists
2759	Contemplation
2760	Contempt
2761	Conviction
2762	Convulsing Licid
2763	Corrupting Licid
2764	Crossbow Ambush
2765	Crovax the Cursed
2766	Crystalline Sliver
2767	Dauthi Trapper
2768	Death Stroke
2769	Dream Halls
2770	Dream Prowler
2771	Duct Crawler
2772	Dungeon Shade
2773	Elven Rite
2774	Endangered Armodon
2775	Ensnaring Bridge
2776	Evacuation
2777	Fanning the Flames
2778	Flame Wave
2779	Fling
2780	Flowstone Blade
2781	Flowstone Hellion
2782	Flowstone Mauler
2783	Flowstone Shambler
2784	Foul Imp
2785	Furnace Spirit
2786	Gliding Licid
2787	Grave Pact
2788	Hammerhead Shark
2789	Heartstone
2790	Heat of Battle
2791	Hermit Druid
2792	Hesitation
2793	Hibernation Sliver
2794	Hidden Retreat
2795	Honor Guard
2796	Horn of Greed
2797	Hornet Cannon
2798	Intruder Alarm
2799	Invasion Plans
2800	Jinxed Ring
2801	Lab Rats
2802	Lancers en-Kor
2803	Leap
2804	Lowland Basilisk
2805	Mana Leak
2806	Mask of the Mimic
2807	Megrim
2808	Mind Games
2809	Mind Peel
2810	Mindwarper
2811	Mob Justice
2812	Mogg Bombers
2813	Mogg Flunkies
2814	Mogg Infestation
2815	Mogg Maniac
2816	Morgue Thrull
2817	Mortuary
2818	Mox Diamond
2819	Mulch
2820	Nomads en-Kor
2821	Overgrowth
2822	Portcullis
2823	Primal Rage
2824	Provoke
2825	Pursuit of Knowledge
2826	Rabid Rats
2827	Ransack
2828	Rebound
2829	Reins of Power
2830	Rolling Stones
2831	Ruination
2832	Sacred Ground
2833	Samite Blessing
2834	Scapegoat
2835	Seething Anger
2836	Shaman en-Kor
2837	Shard Phoenix
2838	Shifting Wall
2839	Shock
2840	Sift
2841	Silver Wyvern
2842	Skeleton Scavengers
2843	Skyshroud Archer
2844	Skyshroud Falcon
2845	Skyshroud Troopers
2846	Sliver Queen
2847	Smite
2848	Soltari Champion
2849	Spike Breeder
2850	Spike Colony
2851	Spike Feeder
2852	Spike Soldier
2853	Spike Worker
2854	Spindrift Drake
2855	Spined Sliver
2856	Spirit en-Kor
2857	Spitting Hydra
2858	Stronghold Assassin
2859	Stronghold Taskmaster
2860	Sword of the Chosen
2861	Temper
2862	Tempting Licid
2863	Thalakos Deceiver
2864	Tidal Warrior
2865	Torment
2866	Tortured Existence
2867	Verdant Touch
2868	Victual Sliver
2869	Volrath's Gardens
2870	Volrath's Laboratory
2871	Volrath's Shapeshifter
2872	Volrath's Stronghold
2873	Walking Dream
2874	Wall of Blossoms
2875	Wall of Essence
2876	Wall of Razors
2877	Wall of Souls
2878	Wall of Tears
2879	Warrior Angel
2880	Warrior en-Kor
2881	Youthful Knight
2882	Monstrous Hound
2883	Aether Tide
2884	Allay
2885	Anarchist
2886	Avenging Druid
2887	Bequeathal
2888	Carnophage
2889	Cartographer
2890	Cat Burglar
2891	Cataclysm
2892	Cinder Crawler
2893	City of Traitors
2894	Coat of Arms
2895	Convalescence
2896	Crashing Boars
2897	Culling the Weak
2898	Cunning
2899	Curiosity
2900	Cursed Flesh
2901	Dauthi Cutthroat
2902	Dauthi Jackal
2903	Dauthi Warlord
2904	Death's Duet
2905	Dizzying Gaze
2906	Dominating Licid
2907	Elven Palisade
2908	Elvish Berserker
2909	Entropic Specter
2910	Ephemeron
2911	Equilibrium
2912	Erratic Portal
2913	Ertai, Wizard Adept
2914	Exalted Dragon
2915	Fade Away
2916	Fighting Chance
2917	Flowstone Flood
2918	Forbid
2919	Fugue
2920	Furnace Brood
2921	Grollub
2922	Hatred
2923	High Ground
2924	Jackalope Herd
2925	Keeper of the Beasts
2926	Keeper of the Dead
2927	Keeper of the Flame
2928	Keeper of the Light
2929	Keeper of the Mind
2930	Killer Whale
2931	Kor Chant
2932	Limited Resources
2933	Mage il-Vec
2934	Mana Breach
2935	Manabond
2936	Maniacal Rage
2937	Medicine Bag
2938	Memory Crystal
2939	Merfolk Looter
2940	Mind Maggots
2941	Mind Over Matter
2942	Mindless Automaton
2943	Mirozel
2944	Mirri, Cat Warrior
2945	Mogg Assassin
2946	Nausea
2947	Necrologia
2948	Null Brooch
2949	Oath of Druids
2950	Oath of Ghouls
2951	Oath of Lieges
2952	Oath of Mages
2953	Oath of Scholars
2954	Ogre Shaman
2955	Onslaught
2956	Paladin en-Vec
2957	Pandemonium
2958	Paroxysm
2959	Peace of Mind
2960	Pegasus Stampede
2961	Penance
2962	Pit Spawn
2963	Plaguebearer
2964	Plated Rootwalla
2965	Predatory Hunger
2966	Price of Progress
2967	Pygmy Troll
2968	Rabid Wolverines
2969	Ravenous Baboons
2970	Reaping the Rewards
2971	Reckless Ogre
2972	Reclaim
2973	Reconnaissance
2974	Recurring Nightmare
2975	Resuscitate
2976	Robe of Mirrors
2977	Rootwater Alligator
2978	Rootwater Mystic
2979	Sabertooth Wyvern
2980	Scalding Salamander
2981	Scare Tactics
2982	School of Piranha
2983	Scrivener
2984	Seismic Assault
2985	Shackles
2986	Shattering Pulse
2987	Shield Mate
2988	Skyshaper
2989	Skyshroud Elite
2990	Skyshroud War Beast
2991	Slaughter
2992	Soltari Visionary
2993	Song of Serenity
2994	Sonic Burst
2995	Soul Warden
2996	Spellbook
2997	Spellshock
2998	Sphere of Resistance
2999	Spike Cannibal
3000	Spike Hatcher
3001	Spike Rogue
3002	Spike Weaver
3003	Standing Troops
3004	Survival of the Fittest
3005	Thalakos Drifters
3006	Thalakos Scout
3007	Thopter Squadron
3008	Thrull Surgeon
3009	Transmogrifying Licid
3010	Treasure Hunter
3011	Treasure Trove
3012	Vampire Hounds
3013	Volrath's Dungeon
3014	Wall of Nets
3015	Wayward Soul
3016	Welkin Hawk
3017	Whiptongue Frog
3018	Workhorse
3019	Zealots en-Dal
3020	Abyssal Nightstalker
3021	Alaborn Cavalier
3022	Alaborn Grenadier
3023	Alaborn Musketeer
3024	Alaborn Trooper
3025	Alaborn Veteran
3026	Alaborn Zealot
3027	Ancient Craving
3028	Angel of Fury
3029	Angel of Mercy
3030	Angelic Wall
3031	Apprentice Sorcerer
3032	Armored Galleon
3033	Armored Griffin
3034	Barbtooth Wurm
3035	Bargain
3036	Bear Cub
3037	Bloodcurdling Scream
3038	Brimstone Dragon
3039	Brutal Nightstalker
3040	Chorus of Woe
3041	Coastal Wizard
3042	Cruel Edict
3043	Cunning Giant
3044	Dakmor Bat
3045	Dakmor Plague
3046	Dakmor Scorpion
3047	Dakmor Sorceress
3048	Dark Offering
3049	Deathcoil Wurm
3050	Denizen of the Deep
3051	Extinguish
3052	Eye Spy
3053	False Summoning
3054	Festival of Trokin
3055	Foul Spirit
3056	Goblin Cavaliers
3057	Goblin Firestarter
3058	Goblin General
3059	Goblin Glider
3060	Goblin Lore
3061	Goblin Matron
3062	Goblin Mountaineer
3063	Goblin Piker
3064	Goblin Raider
3065	Goblin War Cry
3066	Goblin War Strike
3067	Golden Bear
3068	Harmony of Nature
3069	Ironhoof Ox
3070	Jagged Lightning
3071	Just Fate
3072	Kiss of Death
3073	Lone Wolf
3074	Lurking Nightstalker
3075	Lynx
3076	Magma Giant
3077	Moaning Spirit
3078	Nightstalker Engine
3079	Norwood Archers
3080	Norwood Priestess
3081	Norwood Ranger
3082	Norwood Riders
3083	Norwood Warrior
3084	Obsidian Giant
3085	Ogre Arsonist
3086	Ogre Berserker
3087	Ogre Taskmaster
3088	Ogre Warrior
3089	Piracy
3090	Plated Wurm
3091	Predatory Nightstalker
3092	Prowling Nightstalker
3093	Raiding Nightstalker
3094	Rain of Daggers
3095	Rally the Troops
3096	Ravenous Rats
3097	Razorclaw Bear
3098	Remove
3099	Renewing Touch
3100	Return of the Nightstalkers
3101	Righteous Charge
3102	Righteous Fury
3103	River Bear
3104	Salvage
3105	Screeching Drake
3106	Sea Drake
3107	Sleight of Hand
3108	Steam Catapult
3109	Steam Frigate
3110	Swarm of Rats
3111	Sylvan Basilisk
3112	Sylvan Yeti
3113	Talas Air Ship
3114	Talas Explorer
3115	Talas Merchant
3116	Talas Researcher
3117	Talas Scout
3118	Talas Warrior
3119	Temple Acolyte
3120	Temple Elder
3121	Temporal Manipulation
3122	Town Sentry
3123	Tree Monkey
3124	Trokin High Guard
3125	Vampiric Spirit
3126	Volunteer Militia
3127	Warrior's Stand
3128	Wild Griffin
3129	Wild Ox
3130	Wildfire
3131	Wind Sail
3132	Blacker Lotus
3133	Infernal Spawn of Evil
3134	Mirror Mirror
3135	Squirrel Farm
3136	Incoming!
3137	Ashnod's Coupon
3138	B.F.M. (Big Furry Monster)
3139	Bronze Calendar
3140	Bureaucracy
3141	Burning Cinder Fury of Crimson Chaos Fire
3142	Cardboard Carapace
3143	Censorship
3144	Chaos Confetti
3145	Charm School
3146	Checks and Balances
3147	Chicken Egg
3148	Chicken à la King
3149	Clam Session
3150	Clam-I-Am
3151	Clambassadors
3152	Clay Pigeon
3153	Common Courtesy
3154	Deadhead
3155	Denied!
3156	Double Cross
3157	Double Deal
3158	Double Dip
3159	Double Play
3160	Double Take
3161	Elvish Impersonators
3162	Flock of Rabid Sheep
3163	Fowl Play
3164	Free-Range Chicken
3165	Free-for-All
3166	Gerrymandering
3167	Get a Life
3168	Ghazbán Ogress
3169	Giant Fan
3170	Goblin Bookie
3171	Goblin Bowling Team
3172	Goblin Tutor
3173	Growth Spurt
3174	Gus
3175	Handcuffs
3176	Hungry Hungry Heifer
3177	Hurloon Wrangler
3178	I'm Rubber, You're Glue
3179	Jack-in-the-Mox
3180	Jalum Grifter
3181	Jester's Sombrero
3182	Jumbo Imp
3183	Knight of the Hokey Pokey
3184	Krazy Kow
3185	Landfill
3186	Lexivore
3187	Look at Me, I'm the DCI
3188	Mesa Chicken
3189	Mine, Mine, Mine!
3190	Miss Demeanor
3191	Once More with Feeling
3192	Organ Harvest
3193	Ow
3194	Paper Tiger
3195	Poultrygeist
3196	Prismatic Wardrobe
3197	Psychic Network
3198	Ricochet
3199	Rock Lobster
3200	Scissors Lizard
3201	Sex Appeal
3202	Sorry
3203	Spark Fiend
3204	Spatula of the Ages
3205	Strategy, Schmategy
3206	Team Spirit
3207	Temp of the Damned
3208	The Cheese Stands Alone
3209	The Ultimate Nightmare of Wizards of the Coast® Customer Service
3210	Timmy, Power Gamer
3211	Urza's Contact Lenses
3212	Urza's Science Fair Project
3213	Volrath's Motion Sensor
3214	Lightning Dragon
3215	Absolute Grace
3216	Absolute Law
3217	Abundance
3218	Abyssal Horror
3219	Academy Researchers
3220	Acidic Soil
3221	Acridian
3222	Albino Troll
3223	Angelic Chorus
3224	Angelic Page
3225	Annul
3226	Antagonism
3227	Arc Lightning
3228	Arcane Laboratory
3229	Argothian Elder
3230	Argothian Enchantress
3231	Argothian Swine
3232	Argothian Wurm
3233	Attunement
3234	Back to Basics
3235	Barrin's Codex
3236	Barrin, Master Wizard
3237	Bedlam
3238	Befoul
3239	Bereavement
3240	Blanchwood Armor
3241	Blanchwood Treefolk
3242	Blasted Landscape
3243	Blood Vassal
3244	Brand
3245	Bravado
3246	Breach
3247	Brilliant Halo
3248	Bulwark
3249	Cackling Fiend
3250	Carpet of Flowers
3251	Carrion Beetles
3252	Catalog
3253	Catastrophe
3254	Cathodion
3255	Cave Tiger
3256	Child of Gaea
3257	Chimeric Staff
3258	Citanul Centaurs
3259	Citanul Flute
3260	Citanul Hierophants
3261	Claws of Gix
3262	Clear
3263	Cloak of Mists
3264	Confiscate
3265	Congregate
3266	Contamination
3267	Copper Gnomes
3268	Coral Merfolk
3269	Corrupt
3270	Cradle Guard
3271	Crater Hellion
3272	Crazed Skirge
3273	Crosswinds
3274	Crystal Chimes
3275	Curfew
3276	Dark Hatchling
3277	Darkest Hour
3278	Defensive Formation
3279	Despondency
3280	Destructive Urge
3281	Diabolic Servitude
3282	Disciple of Grace
3283	Disciple of Law
3284	Discordant Dirge
3285	Disorder
3286	Disruptive Student
3287	Douse
3288	Dragon Blood
3289	Drifting Djinn
3290	Drifting Meadow
3291	Dromosaur
3292	Duress
3293	Eastern Paladin
3294	Electryte
3295	Elite Archers
3296	Elvish Herder
3297	Elvish Lyrist
3298	Endless Wurm
3299	Endoskeleton
3300	Energy Field
3301	Exhume
3302	Exploration
3303	Expunge
3304	Faith Healer
3305	Falter
3306	Fault Line
3307	Fecundity
3308	Fertile Ground
3309	Fiery Mantle
3310	Fire Ants
3311	Flesh Reaver
3312	Fluctuator
3313	Fog Bank
3314	Fortitude
3315	Gaea's Bounty
3316	Gaea's Embrace
3317	Gamble
3318	Gilded Drake
3319	Glorious Anthem
3320	Goblin Cadets
3321	Goblin Lackey
3322	Goblin Offensive
3323	Goblin Patrol
3324	Goblin Spelunkers
3325	Goblin War Buggy
3326	Grafted Skullcap
3327	Great Whale
3328	Greater Good
3329	Greener Pastures
3330	Guma
3331	Hawkeater Moth
3332	Headlong Rush
3333	Heat Ray
3334	Herald of Serra
3335	Hermetic Study
3336	Hibernation
3337	Hidden Ancients
3338	Hidden Guerrillas
3339	Hidden Herd
3340	Hidden Predators
3341	Hidden Spider
3342	Hidden Stag
3343	Hollow Dogs
3344	Hopping Automaton
3345	Horseshoe Crab
3346	Humble
3347	Hush
3348	Ill-Gotten Gains
3349	Imaginary Pet
3350	Intrepid Hero
3351	Karn, Silver Golem
3352	Launch
3353	Lay Waste
3354	Lifeline
3355	Lilting Refrain
3356	Lingering Mirage
3357	Looming Shade
3358	Lotus Blossom
3359	Lull
3360	Lurking Evil
3361	Mana Leech
3362	Meltdown
3363	Metrognome
3364	Midsummer Revel
3365	Mishra's Helix
3366	Mobile Fort
3367	Monk Idealist
3368	Monk Realist
3369	Morphling
3370	No Rest for the Wicked
3371	Noetic Scales
3372	Okk
3373	Opal Acrolith
3374	Opal Archangel
3375	Opal Caryatid
3376	Opal Gargoyle
3377	Opal Titan
3378	Oppression
3379	Order of Yawgmoth
3380	Outmaneuver
3381	Parasitic Bond
3382	Pariah
3383	Pegasus Charger
3384	Pendrell Drake
3385	Pendrell Flux
3386	Peregrine Drake
3387	Persecute
3388	Phyrexian Colossus
3389	Phyrexian Ghoul
3390	Phyrexian Processor
3391	Phyrexian Tower
3392	Planar Birth
3393	Planar Void
3394	Polluted Mire
3395	Pouncing Jaguar
3396	Power Taint
3397	Priest of Gix
3398	Priest of Titania
3399	Purging Scythe
3400	Rain of Filth
3401	Ravenous Skirge
3402	Raze
3403	Recantation
3404	Reclusive Wight
3405	Redeem
3406	Reflexes
3407	Rejuvenate
3408	Remembrance
3409	Remote Isle
3410	Reprocess
3411	Rescind
3412	Retaliation
3413	Retromancer
3414	Rewind
3415	Rumbling Crescendo
3416	Rune of Protection: Artifacts
3417	Rune of Protection: Black
3418	Rune of Protection: Blue
3419	Rune of Protection: Green
3420	Rune of Protection: Lands
3421	Rune of Protection: Red
3422	Rune of Protection: White
3423	Sanctum Custodian
3424	Sanctum Guardian
3425	Sandbar Merfolk
3426	Sandbar Serpent
3427	Sanguine Guard
3428	Scald
3429	Scoria Wurm
3430	Scrap
3431	Serra Avatar
3432	Serra Zealot
3433	Serra's Embrace
3434	Serra's Hymn
3435	Serra's Liturgy
3436	Serra's Sanctum
3437	Shimmering Barrier
3438	Shiv's Embrace
3439	Shivan Gorge
3440	Shivan Hellkite
3441	Shivan Raptor
3442	Show and Tell
3443	Shower of Sparks
3444	Sicken
3445	Silent Attendant
3446	Skirge Familiar
3447	Skittering Skirge
3448	Sleeper Agent
3449	Slippery Karst
3450	Smokestack
3451	Smoldering Crater
3452	Sneak Attack
3453	Somnophore
3454	Songstitcher
3455	Soul Sculptor
3456	Spined Fluke
3457	Spire Owl
3458	Sporogenesis
3459	Spreading Algae
3460	Steam Blast
3461	Stern Proctor
3462	Sulfuric Vapors
3463	Sunder
3464	Symbiosis
3465	Tainted Aether
3466	Telepathy
3467	Temporal Aperture
3468	Thran Quarry
3469	Thran Turbine
3470	Thundering Giant
3471	Time Spiral
3472	Titania's Boon
3473	Titania's Chosen
3474	Tolarian Academy
3475	Tolarian Winds
3476	Torch Song
3477	Treefolk Seedlings
3478	Treetop Rangers
3479	Turnabout
3480	Umbilicus
3481	Unnerve
3482	Unworthy Dead
3483	Urza's Armor
3484	Vampiric Embrace
3485	Vebulid
3486	Veil of Birds
3487	Veiled Apparition
3488	Veiled Crocodile
3489	Veiled Sentry
3490	Veiled Serpent
3491	Venomous Fangs
3492	Vernal Bloom
3493	Viashino Outrider
3494	Viashino Runner
3495	Viashino Sandswimmer
3496	Viashino Weaponsmith
3497	Victimize
3498	Vile Requiem
3499	Voice of Grace
3500	Voice of Law
3501	Voltaic Key
3502	Vug Lizard
3503	Wall of Junk
3504	War Dance
3505	Waylay
3506	Western Paladin
3507	Whetstone
3508	Whirlwind
3509	Wild Dogs
3510	Windfall
3511	Winding Wurm
3512	Wirecat
3513	Witch Engine
3514	Wizard Mentor
3515	Worn Powerstone
3516	Worship
3517	Yawgmoth's Edict
3518	Yawgmoth's Will
3519	Zephid
3520	Zephid's Embrace
3521	Fraternal Exaltation
3522	Beast of Burden
3523	About Face
3524	Angel's Trumpet
3525	Angelic Curator
3526	Anthroplasm
3527	Archivist
3528	Aura Flux
3529	Avalanche Riders
3530	Bloated Toad
3531	Bone Shredder
3532	Bouncing Beebles
3533	Brink of Madness
3534	Burst of Energy
3535	Cessation
3536	Cloud of Faeries
3537	Crawlspace
3538	Crop Rotation
3539	Damping Engine
3540	Darkwatch Elves
3541	Defender of Chaos
3542	Defender of Law
3543	Defense Grid
3544	Defense of the Heart
3545	Delusions of Mediocrity
3546	Deranged Hermit
3547	Devout Harpist
3548	Engineered Plague
3549	Erase
3550	Eviscerator
3551	Expendable Troops
3552	Faerie Conclave
3553	Fleeting Image
3554	Fog of Gnats
3555	Forbidding Watchtower
3556	Frantic Search
3557	Gang of Elk
3558	Ghitu Encampment
3559	Ghitu Fire-Eater
3560	Ghitu Slinger
3561	Ghitu War Cry
3562	Giant Cockroach
3563	Goblin Medics
3564	Goblin Welder
3565	Granite Grip
3566	Grim Monolith
3567	Harmonic Convergence
3568	Hidden Gibbons
3569	Hope and Glory
3570	Impending Disaster
3571	Intervene
3572	Iron Maiden
3573	Iron Will
3574	Jhoira's Toolbox
3575	Karmic Guide
3576	King Crab
3577	Knighthood
3578	Last-Ditch Effort
3579	Levitation
3580	Lurking Skirge
3581	Martyr's Cause
3582	Memory Jar
3583	Might of Oaks
3584	Miscalculation
3585	Molten Hydra
3586	Mother of Runes
3587	Multani's Acolyte
3588	Multani's Presence
3589	Multani, Maro-Sorcerer
3590	No Mercy
3591	Opal Avenger
3592	Opal Champion
3593	Opportunity
3594	Ostracize
3595	Palinchron
3596	Parch
3597	Peace and Quiet
3598	Phyrexian Broodlings
3599	Phyrexian Debaser
3600	Phyrexian Defiler
3601	Phyrexian Denouncer
3602	Phyrexian Plaguelord
3603	Phyrexian Reclamation
3604	Plague Beetle
3605	Planar Collapse
3606	Purify
3607	Pygmy Pyrosaur
3608	Pyromancy
3609	Quicksilver Amulet
3610	Rack and Ruin
3611	Radiant's Dragoons
3612	Radiant's Judgment
3613	Radiant, Archangel
3614	Rancor
3615	Rank and File
3616	Raven Familiar
3617	Rebuild
3618	Repopulate
3619	Ring of Gix
3620	Rivalry
3621	Scrapheap
3622	Second Chance
3623	Shivan Phoenix
3624	Sick and Tired
3625	Silk Net
3626	Simian Grunts
3627	Sleeper's Guile
3628	Slow Motion
3629	Sluggishness
3630	Snap
3631	Spawning Pool
3632	Subversion
3633	Sustainer of the Realm
3634	Swat
3635	Tethered Skirge
3636	Thornwind Faeries
3637	Thran Lens
3638	Thran War Machine
3639	Thran Weaponry
3640	Ticking Gnomes
3641	Tinker
3642	Tragic Poet
3643	Treacherous Link
3644	Treefolk Mystic
3645	Treetop Village
3646	Unearth
3647	Urza's Blueprints
3648	Viashino Bey
3649	Viashino Cutthroat
3650	Viashino Heretic
3651	Viashino Sandscout
3652	Vigilant Drake
3653	Walking Sponge
3654	Weatherseed Elf
3655	Weatherseed Faeries
3656	Weatherseed Treefolk
3657	Wheel of Torture
3658	Wing Snare
3659	Yavimaya Granger
3660	Yavimaya Scion
3661	Yavimaya Wurm
3662	Lu Bu, Master-at-Arms
3663	Alert Shu Infantry
3664	Ambition's Cost
3665	Barbarian General
3666	Barbarian Horde
3667	Borrowing 100,000 Arrows
3668	Borrowing the East Wind
3669	Brilliant Plan
3670	Broken Dam
3671	Burning Fields
3672	Burning of Xinye
3673	Cao Cao, Lord of Wei
3674	Cao Ren, Wei Commander
3675	Capture of Jingzhou
3676	Champion's Victory
3677	Control of the Court
3678	Corrupt Court Official
3679	Corrupt Eunuchs
3680	Council of Advisors
3681	Counterintelligence
3682	Cunning Advisor
3683	Deception
3684	Desert Sandstorm
3685	Desperate Charge
3686	Diaochan, Artful Beauty
3687	Dong Zhou, the Tyrant
3688	Eightfold Maze
3689	Empty City Ruse
3690	Eunuchs' Intrigues
3691	False Defeat
3692	False Mourning
3693	Famine
3694	Fire Ambush
3695	Fire Bowman
3696	Flanking Troops
3697	Forced Retreat
3698	Forest Bear
3699	Ghostly Visit
3700	Guan Yu's 1,000-Li March
3701	Guan Yu, Sainted Warrior
3702	Heavy Fog
3703	Hua Tuo, Honored Physician
3704	Huang Zhong, Shu General
3705	Hunting Cheetah
3706	Imperial Edict
3707	Imperial Recruiter
3708	Imperial Seal
3709	Independent Troops
3710	Kongming's Contraptions
3711	Kongming, "Sleeping Dragon"
3712	Lady Sun
3713	Lady Zhurong, Warrior Queen
3714	Liu Bei, Lord of Shu
3715	Loyal Retainers
3716	Lu Meng, Wu General
3717	Lu Su, Wu Advisor
3718	Lu Xun, Scholar General
3719	Ma Chao, Western Warrior
3720	Marshaling the Troops
3721	Meng Huo's Horde
3722	Meng Huo, Barbarian King
3723	Misfortune's Gain
3724	Mountain Bandit
3725	Overwhelming Forces
3726	Pang Tong, "Young Phoenix"
3727	Peach Garden Oath
3728	Poison Arrow
3729	Preemptive Strike
3730	Ravages of War
3731	Ravaging Horde
3732	Red Cliffs Armada
3733	Renegade Troops
3734	Return to Battle
3735	Riding Red Hare
3736	Riding the Dilu Horse
3737	Rockslide Ambush
3738	Rolling Earthquake
3739	Sage's Knowledge
3740	Shu Cavalry
3741	Shu Defender
3742	Shu Elite Companions
3743	Shu Elite Infantry
3744	Shu Farmer
3745	Shu Foot Soldiers
3746	Shu General
3747	Shu Grain Caravan
3748	Shu Soldier-Farmers
3749	Sima Yi, Wei Field Marshal
3750	Slashing Tiger
3751	Southern Elephant
3752	Spoils of Victory
3753	Spring of Eternal Peace
3754	Stolen Grain
3755	Stone Catapult
3756	Strategic Planning
3757	Straw Soldiers
3758	Sun Ce, Young Conquerer
3759	Sun Quan, Lord of Wu
3760	Taoist Hermit
3761	Taoist Mystic
3762	Taunting Challenge
3763	Three Visits
3764	Trained Cheetah
3765	Trained Jackal
3766	Trip Wire
3767	Virtuous Charge
3768	Warrior's Oath
3769	Wei Ambush Force
3770	Wei Assassins
3771	Wei Elite Companions
3772	Wei Infantry
3773	Wei Night Raiders
3774	Wei Scout
3775	Wei Strike Force
3776	Wielding the Green Dragon
3777	Wolf Pack
3778	Wu Admiral
3779	Wu Elite Cavalry
3780	Wu Infantry
3781	Wu Light Cavalry
3782	Wu Longbowman
3783	Wu Scout
3784	Wu Spy
3785	Wu Warship
3786	Xiahou Dun, the One-Eyed
3787	Xun Yu, Wei Advisor
3788	Yellow Scarves Cavalry
3789	Yellow Scarves General
3790	Yellow Scarves Troops
3791	Young Wei Recruits
3792	Yuan Shao's Infantry
3793	Yuan Shao, the Indecisive
3794	Zhang Fei, Fierce Warrior
3795	Zhang He, Wei General
3796	Zhang Liao, Hero of Hefei
3797	Zhao Zilong, Tiger General
3798	Zhou Yu, Chief Commander
3799	Zhuge Jin, Wu Strategist
3800	Zodiac Dog
3801	Zodiac Dragon
3802	Zodiac Goat
3803	Zodiac Horse
3804	Zodiac Monkey
3805	Zodiac Ox
3806	Zodiac Pig
3807	Zodiac Rabbit
3808	Zodiac Rat
3809	Zodiac Rooster
3810	Zodiac Snake
3811	Zodiac Tiger
3812	Zuo Ci, the Mocking Sage
3813	False Prophet
3814	Academy Rector
3815	Aether Sting
3816	Ancient Silverback
3817	Apprentice Necromancer
3818	Archery Training
3819	Attrition
3820	Aura Thief
3821	Blizzard Elemental
3822	Bloodshot Cyclops
3823	Body Snatcher
3824	Braidwood Cup
3825	Braidwood Sextant
3826	Brass Secretary
3827	Brine Seer
3828	Bubbling Beebles
3829	Bubbling Muck
3830	Caltrops
3831	Capashen Knight
3832	Capashen Standard
3833	Capashen Templar
3834	Carnival of Souls
3835	Chime of Night
3836	Cinder Seer
3837	Colos Yearling
3838	Compost
3839	Covetous Dragon
3840	Disappear
3841	Disease Carriers
3842	Donate
3843	Dying Wail
3844	Elvish Lookout
3845	Elvish Piper
3846	Emperor Crocodile
3847	Encroach
3848	Eradicate
3849	Extruder
3850	Fatigue
3851	Fend Off
3852	Festering Wound
3853	Field Surgeon
3854	Flame Jet
3855	Fledgling Osprey
3856	Flicker
3857	Fodder Cannon
3858	Gamekeeper
3859	Goblin Berserker
3860	Goblin Festival
3861	Goblin Gardener
3862	Goblin Marshal
3863	Goblin Masons
3864	Goliath Beetle
3865	Heart Warden
3866	Hulking Ogre
3867	Hunting Moa
3868	Illuminated Wings
3869	Impatience
3870	Incendiary
3871	Iridescent Drake
3872	Ivy Seer
3873	Jasmine Seer
3874	Junk Diver
3875	Keldon Champion
3876	Keldon Vandals
3877	Kingfisher
3878	Landslide
3879	Lurking Jackals
3880	Magnify
3881	Mantis Engine
3882	Mark of Fury
3883	Marker Beetles
3884	Mask of Law and Grace
3885	Master Healer
3886	Masticore
3887	Mental Discipline
3888	Metalworker
3889	Metathran Elite
3890	Metathran Soldier
3891	Momentum
3892	Multani's Decree
3893	Nightshade Seer
3894	Opalescence
3895	Opposition
3896	Pattern of Rebirth
3897	Phyrexian Monitor
3898	Phyrexian Negator
3899	Plague Dogs
3900	Plated Spider
3901	Plow Under
3902	Powder Keg
3903	Private Research
3904	Quash
3905	Rapid Decay
3906	Rayne, Academy Chancellor
3907	Reckless Abandon
3908	Reliquary Monk
3909	Repercussion
3910	Replenish
3911	Rescue
3912	Rofellos's Gift
3913	Rofellos, Llanowar Emissary
3914	Sanctimony
3915	Scent of Brine
3916	Scent of Cinder
3917	Scent of Ivy
3918	Scent of Jasmine
3919	Scent of Nightshade
3920	Scour
3921	Scrying Glass
3922	Serra Advocate
3923	Sigil of Sleep
3924	Skittering Horror
3925	Slinking Skirge
3926	Solidarity
3927	Soul Feast
3928	Sowing Salt
3929	Splinter
3930	Squirming Mass
3931	Storage Matrix
3932	Taunting Elf
3933	Telepathic Spies
3934	Temporal Adept
3935	Tethered Griffin
3936	Thieving Magpie
3937	Thorn Elemental
3938	Thran Dynamo
3939	Thran Foundry
3940	Thran Golem
3941	Tormented Angel
3942	Treachery
3943	Trumpet Blast
3944	Twisted Experiment
3945	Urza's Incubator
3946	Voice of Duty
3947	Voice of Reason
3948	Wake of Destruction
3949	Wall of Glare
3950	Wild Colos
3951	Yavimaya Elder
3952	Yavimaya Enchantress
3953	Yavimaya Hollow
3954	Yawgmoth's Bargain
3955	Angel of Light
3956	Champion Lancer
3957	Cinder Storm
3958	Dakmor Ghoul
3959	Dakmor Lancer
3960	Devout Monk
3961	Eager Cadet
3962	Goblin Chariot
3963	Goblin Commando
3964	Goblin Settler
3965	Grim Tutor
3966	Loyal Sentry
3967	Pride of Lions
3968	Royal Falcon
3969	Royal Trooper
3970	Sea Eagle
3971	Shrieking Specter
3972	Silverback Ape
3973	Squall
3974	Stream of Acid
3975	Thunder Dragon
3976	Tidings
3977	Trained Orgg
3978	Veteran Cavalier
3979	Vizzerdrix
3980	Willow Elf
3981	Overtaker
3982	Warmonger
3983	Aerial Caravan
3984	Alabaster Wall
3985	Alley Grifters
3986	Ancestral Mask
3987	Armistice
3988	Arms Dealer
3989	Arrest
3990	Assembly Hall
3991	Ballista Squad
3992	Balloon Peddler
3993	Barbed Wire
3994	Bargaining Table
3995	Battle Rampart
3996	Battle Squadron
3997	Bifurcate
3998	Black Market
3999	Blaster Mage
4000	Blockade Runner
4001	Blood Hound
4002	Blood Oath
4003	Boa Constrictor
4004	Bog Smugglers
4005	Bog Witch
4006	Brawl
4007	Briar Patch
4008	Bribery
4009	Buoyancy
4010	Cackling Witch
4011	Caller of the Hunt
4012	Cateran Brute
4013	Cateran Enforcer
4014	Cateran Kidnappers
4015	Cateran Overlord
4016	Cateran Persuader
4017	Cateran Slaver
4018	Cateran Summons
4019	Caustic Wasps
4020	Cave Sense
4021	Cave-In
4022	Cavern Crawler
4023	Ceremonial Guard
4024	Chambered Nautilus
4025	Chameleon Spirit
4026	Charisma
4027	Charm Peddler
4028	Charmed Griffin
4029	Cho-Arrim Alchemist
4030	Cho-Arrim Bruiser
4031	Cho-Arrim Legate
4032	Cho-Manno's Blessing
4033	Cho-Manno, Revolutionary
4034	Cinder Elemental
4035	Clear the Land
4036	Close Quarters
4037	Cloud Sprite
4038	Coastal Piracy
4039	Collective Unconscious
4040	Common Cause
4041	Conspiracy
4042	Cornered Market
4043	Corrupt Official
4044	Cowardice
4045	Crackdown
4046	Crag Saurian
4047	Crash
4048	Credit Voucher
4049	Crenellated Wall
4050	Crooked Scales
4051	Crossbow Infantry
4052	Crumbling Sanctuary
4053	Customs Depot
4054	Darting Merfolk
4055	Dawnstrider
4056	Deathgazer
4057	Deepwood Drummer
4058	Deepwood Elder
4059	Deepwood Ghoul
4060	Deepwood Legate
4061	Deepwood Tantiv
4062	Deepwood Wolverine
4063	Dehydration
4064	Delraich
4065	Devout Witness
4066	Diplomatic Escort
4067	Diplomatic Immunity
4068	Distorting Lens
4069	Drake Hatchling
4070	Dust Bowl
4071	Embargo
4072	Enslaved Horror
4073	Erithizon
4074	Extortion
4075	Extravagant Spirit
4076	Eye of Ramos
4077	Ferocity
4078	Flailing Manticore
4079	Flailing Ogre
4080	Flailing Soldier
4081	Flaming Sword
4082	Food Chain
4083	Forced March
4084	Foster
4085	Fountain Watch
4086	Fountain of Cho
4087	Fresh Volunteers
4088	Furious Assault
4089	Game Preserve
4090	General's Regalia
4091	Gerrard's Irregulars
4092	Ghoul's Feast
4093	Glowing Anemone
4094	Groundskeeper
4095	Gush
4096	Hammer Mage
4097	Haunted Crossroads
4098	Heart of Ramos
4099	Henge Guardian
4100	Henge of Ramos
4101	Hickory Woodlot
4102	High Market
4103	High Seas
4104	Highway Robber
4105	Hired Giant
4106	Honor the Fallen
4107	Hoodwink
4108	Horn of Plenty
4109	Horn of Ramos
4110	Horned Troll
4111	Howling Wolf
4112	Hunted Wumpus
4113	Ignoble Soldier
4114	Indentured Djinn
4115	Instigator
4116	Insubordination
4117	Intimidation
4118	Invigorate
4119	Inviolability
4120	Iron Lance
4121	Ivory Mask
4122	Jeweled Torque
4123	Jhovall Queen
4124	Jhovall Rider
4125	Karn's Touch
4126	Kris Mage
4127	Kyren Archive
4128	Kyren Glider
4129	Kyren Legate
4130	Kyren Negotiations
4131	Kyren Sniper
4132	Kyren Toy
4133	Land Grant
4134	Larceny
4135	Last Breath
4136	Lava Runner
4137	Ley Line
4138	Liability
4139	Lightning Hounds
4140	Lithophage
4141	Lumbering Satyr
4142	Lunge
4143	Maggot Therapy
4144	Magistrate's Scepter
4145	Magistrate's Veto
4146	Megatherium
4147	Mercadia's Downfall
4148	Mercadian Atlas
4149	Mercadian Bazaar
4150	Mercadian Lift
4151	Midnight Ritual
4152	Misdirection
4153	Misshapen Fiend
4154	Misstep
4155	Molting Harpy
4156	Moment of Silence
4157	Monkey Cage
4158	Moonlit Wake
4159	Muzzle
4160	Natural Affinity
4161	Nether Spirit
4162	Nightwind Glider
4163	Noble Purpose
4164	Notorious Assassin
4165	Orim's Cure
4166	Panacea
4167	Pangosaur
4168	Peat Bog
4169	Pious Warrior
4170	Port Inspector
4171	Power Matrix
4172	Pretender's Claim
4173	Primeval Shambler
4174	Puffer Extract
4175	Pulverize
4176	Puppet's Verdict
4177	Putrefaction
4178	Quagmire Lamprey
4179	Ramosian Captain
4180	Ramosian Commander
4181	Ramosian Lieutenant
4182	Ramosian Rally
4183	Ramosian Sergeant
4184	Ramosian Sky Marshal
4185	Rampart Crawler
4186	Rappelling Scouts
4187	Remote Farm
4188	Renounce
4189	Revered Elder
4190	Reverent Mantra
4191	Revive
4192	Righteous Indignation
4193	Rishadan Airship
4194	Rishadan Brigand
4195	Rishadan Cutpurse
4196	Rishadan Footpad
4197	Rishadan Pawnshop
4198	Rishadan Port
4199	Robber Fly
4200	Rock Badger
4201	Rouse
4202	Rushwood Dryad
4203	Rushwood Elemental
4204	Rushwood Grove
4205	Rushwood Herbalist
4206	Rushwood Legate
4207	Saber Ants
4208	Sacred Prey
4209	Sailmonger
4210	Sand Squid
4211	Sandstone Needle
4212	Saprazzan Bailiff
4213	Saprazzan Breaker
4214	Saprazzan Cove
4215	Saprazzan Heir
4216	Saprazzan Legate
4217	Saprazzan Outrigger
4218	Saprazzan Raider
4219	Saprazzan Skerry
4220	Scandalmonger
4221	Security Detail
4222	Seismic Mage
4223	Sever Soul
4224	Shock Troops
4225	Shoving Match
4226	Silent Assassin
4227	Silverglade Elemental
4228	Silverglade Pathfinder
4229	Sizzle
4230	Skulking Fugitive
4231	Skull of Ramos
4232	Snake Pit
4233	Snorting Gahr
4234	Snuff Out
4235	Soothing Balm
4236	Soothsaying
4237	Soul Channeling
4238	Specter's Wail
4239	Spidersilk Armor
4240	Spiritual Focus
4241	Spontaneous Generation
4242	Squallmonger
4243	Squee, Goblin Nabob
4244	Squeeze
4245	Stamina
4246	Statecraft
4247	Steadfast Guard
4248	Stinging Barrier
4249	Story Circle
4250	Strongarm Thug
4251	Subterranean Hangar
4252	Sustenance
4253	Task Force
4254	Tectonic Break
4255	Territorial Dispute
4256	Thermal Glider
4257	Thieves' Auction
4258	Thrashing Wumpus
4259	Thunderclap
4260	Thwart
4261	Tidal Bore
4262	Tidal Kraken
4263	Tiger Claws
4264	Tonic Peddler
4265	Tooth of Ramos
4266	Tower of the Magistrate
4267	Toymaker
4268	Trade Routes
4269	Trap Runner
4270	Two-Headed Dragon
4271	Undertaker
4272	Unmask
4273	Unnatural Hunger
4274	Uphill Battle
4275	Vendetta
4276	Venomous Dragonfly
4277	Vernal Equinox
4278	Vine Dryad
4279	Vine Trellis
4280	Volcanic Wind
4281	Wall of Distortion
4282	War Cadence
4283	War Tax
4284	Warpath
4285	Waterfront Bouncer
4286	Wave of Reckoning
4287	Wild Jhovall
4288	Wishmonger
4289	Worry Beads
4290	Silver Drake
4291	Rathi Assassin
4292	Accumulated Knowledge
4293	Aether Barrier
4294	Air Bladder
4295	Ancient Hydra
4296	Angelic Favor
4297	Animate Land
4298	Arc Mage
4299	Ascendant Evincar
4300	Avenger en-Dal
4301	Battlefield Percher
4302	Belbe's Armor
4303	Belbe's Percher
4304	Belbe's Portal
4305	Blastoderm
4306	Blinding Angel
4307	Bola Warrior
4308	Carrion Wall
4309	Chieftain en-Dal
4310	Cloudskate
4311	Coiling Woodworm
4312	Complex Automaton
4313	Dark Triumph
4314	Daze
4315	Death Pit Offering
4316	Defender en-Vec
4317	Defiant Falcon
4318	Defiant Vanguard
4319	Divining Witch
4320	Dominate
4321	Downhill Charge
4322	Ensnare
4323	Eye of Yawgmoth
4324	Fanatical Devotion
4325	Flame Rift
4326	Flint Golem
4327	Flowstone Armor
4328	Flowstone Crusher
4329	Flowstone Overseer
4330	Flowstone Slide
4331	Flowstone Strike
4332	Flowstone Surge
4333	Flowstone Thopter
4334	Flowstone Wall
4335	Fog Patch
4336	Harvest Mage
4337	Infiltrate
4338	Jolting Merfolk
4339	Kill Switch
4340	Kor Haven
4341	Laccolith Grunt
4342	Laccolith Rig
4343	Laccolith Titan
4344	Laccolith Warrior
4345	Laccolith Whelp
4346	Lashknife
4347	Lawbringer
4348	Lightbringer
4349	Lin Sivvi, Defiant Hero
4350	Mana Cache
4351	Massacre
4352	Mind Slash
4353	Mind Swords
4354	Mogg Alarm
4355	Mogg Salvage
4356	Mogg Toady
4357	Moggcatcher
4358	Mossdog
4359	Murderous Betrayal
4360	Nesting Wurm
4361	Netter en-Dal
4362	Noble Stand
4363	Off Balance
4364	Oracle's Attendants
4365	Oraxid
4366	Overlaid Terrain
4367	Pack Hunt
4368	Pale Moon
4369	Parallax Dementia
4370	Parallax Inhibitor
4371	Parallax Nexus
4372	Parallax Tide
4373	Parallax Wave
4374	Phyrexian Driver
4375	Phyrexian Prowler
4376	Plague Witch
4377	Predator, Flagship
4378	Rackling
4379	Rath's Edge
4380	Rathi Fiend
4381	Rathi Intimidator
4382	Refreshing Rain
4383	Rejuvenation Chamber
4384	Reverent Silence
4385	Rhox
4386	Rising Waters
4387	Rootwater Commando
4388	Rootwater Thief
4389	Rupture
4390	Rusting Golem
4391	Saproling Burst
4392	Saproling Cluster
4393	Seahunter
4394	Seal of Cleansing
4395	Seal of Doom
4396	Seal of Fire
4397	Seal of Removal
4398	Seal of Strength
4399	Shrieking Mogg
4400	Silkenfist Fighter
4401	Silkenfist Order
4402	Sivvi's Ruse
4403	Sivvi's Valor
4404	Skyshroud Behemoth
4405	Skyshroud Claim
4406	Skyshroud Cutter
4407	Skyshroud Poacher
4408	Skyshroud Ridgeback
4409	Skyshroud Sentinel
4410	Sliptide Serpent
4411	Sneaky Homunculus
4412	Spineless Thug
4413	Spiritual Asylum
4414	Spiteful Bully
4415	Stampede Driver
4416	Stronghold Biologist
4417	Stronghold Discipline
4418	Stronghold Gambit
4419	Stronghold Machinist
4420	Stronghold Zeppelin
4421	Submerge
4422	Tangle Wire
4423	Terrain Generator
4424	Topple
4425	Treetop Bracers
4426	Trickster Mage
4427	Vicious Hunger
4428	Viseling
4429	Voice of Truth
4430	Volrath the Fallen
4431	Wandering Eye
4432	Wild Mammoth
4433	Woodripper
4434	Phyrexian Rager
4435	Avatar of Hope
4436	Abolish
4437	Agent of Shauku
4438	Alexi's Cloak
4439	Alexi, Zephyr Mage
4440	Aura Fracture
4441	Avatar of Fury
4442	Avatar of Might
4443	Avatar of Will
4444	Avatar of Woe
4445	Barbed Field
4446	Blessed Wind
4447	Bog Elemental
4448	Bog Glider
4449	Branded Brawlers
4450	Brutal Suppression
4451	Calming Verse
4452	Celestial Convergence
4453	Chilling Apparition
4454	Chimeric Idol
4455	Citadel of Pain
4456	Coastal Hornclaw
4457	Coffin Puppets
4458	Copper-Leaf Angel
4459	Darba
4460	Death Charmer
4461	Denying Wind
4462	Despoil
4463	Devastate
4464	Diving Griffin
4465	Dual Nature
4466	Elephant Resurgence
4467	Endbringer's Revel
4468	Entangler
4469	Excavation
4470	Excise
4471	Fault Riders
4472	Fen Stalker
4473	Fickle Efreet
4474	Flameshot
4475	Flay
4476	Flowering Field
4477	Foil
4478	Forgotten Harvest
4479	Glittering Lion
4480	Glittering Lynx
4481	Greel's Caress
4482	Greel, Mind Raker
4483	Gulf Squid
4484	Hazy Homunculus
4485	Heightened Awareness
4486	Hollow Warrior
4487	Infernal Genesis
4488	Inflame
4489	Jeweled Spirit
4490	Jolrael's Favor
4491	Jolrael, Empress of Beasts
4492	Keldon Arsonist
4493	Keldon Battlewagon
4494	Keldon Berserker
4495	Keldon Firebombers
4496	Latulla's Orders
4497	Latulla, Keldon Overseer
4498	Lesser Gargadon
4499	Living Terrain
4500	Mageta the Lion
4501	Mageta's Boon
4502	Mana Vapors
4503	Marsh Boa
4504	Mercenary Informer
4505	Mine Bearer
4506	Mirror Strike
4507	Mungha Wurm
4508	Nakaya Shade
4509	Noxious Field
4510	Outbreak
4511	Overburden
4512	Panic Attack
4513	Pit Raptor
4514	Plague Fiend
4515	Plague Wind
4516	Psychic Theft
4517	Pygmy Razorback
4518	Quicksilver Wall
4519	Rebel Informer
4520	Rethink
4521	Reveille Squad
4522	Rhystic Cave
4523	Rhystic Circle
4524	Rhystic Deluge
4525	Rhystic Lightning
4526	Rhystic Scrying
4527	Rhystic Shield
4528	Rhystic Study
4529	Rhystic Syphon
4530	Rhystic Tutor
4531	Rib Cage Spider
4532	Ribbon Snake
4533	Ridgeline Rager
4534	Root Cage
4535	Samite Sanctuary
4536	Scoria Cat
4537	Search for Survivors
4538	Searing Wind
4539	Sheltering Prayers
4540	Shield Dancer
4541	Shrouded Serpent
4542	Silt Crawler
4543	Snag
4544	Soul Charmer
4545	Soul Strings
4546	Spiketail Drake
4547	Spiketail Hatchling
4548	Spitting Spider
4549	Spore Frog
4550	Spur Grappler
4551	Squirrel Wrangler
4552	Steal Strength
4553	Stormwatch Eagle
4554	Sunken Field
4555	Sword Dancer
4556	Task Mage Assembly
4557	Thresher Beast
4558	Thrive
4559	Trenching Steed
4560	Troubled Healer
4561	Troublesome Spirit
4562	Verdant Field
4563	Veteran Brawlers
4564	Vintara Elephant
4565	Vintara Snapper
4566	Vitalizing Wind
4567	Wall of Vipers
4568	Well of Discovery
4569	Well of Life
4570	Whip Sergeant
4571	Whipstitched Zombie
4572	Wild Might
4573	Windscouter
4574	Wing Storm
4575	Wintermoon Mesa
4576	Withdraw
4577	Zerapa Minotaur
4578	Raging Kavu
4579	Absorb
4580	Addle
4581	Aether Rift
4582	Aggressive Urge
4583	Agonizing Demise
4584	Alabaster Leech
4585	Alloy Golem
4586	Ancient Kavu
4587	Ancient Spring
4588	Andradite Leech
4589	Angelic Shield
4590	Annihilate
4591	Archaeological Dig
4592	Ardent Soldier
4593	Armadillo Cloak
4594	Armored Guardian
4595	Artifact Mutation
4596	Assault // Battery
4597	Atalya, Samite Master
4598	Aura Mutation
4599	Aura Shards
4600	Backlash
4601	Barrin's Spite
4602	Barrin's Unmaking
4603	Benalish Emissary
4604	Benalish Heralds
4605	Benalish Lancer
4606	Benalish Trapper
4607	Bend or Break
4608	Bind
4609	Blazing Specter
4610	Blind Seer
4611	Bloodstone Cameo
4612	Blurred Mongoose
4613	Bog Initiate
4614	Breaking Wave
4615	Breath of Darigaaz
4616	Callous Giant
4617	Canopy Surge
4618	Capashen Unicorn
4619	Captain Sisay
4620	Cauldron Dance
4621	Chaotic Strike
4622	Charging Troll
4623	Chromatic Sphere
4624	Cinder Shade
4625	Coalition Victory
4626	Coastal Tower
4627	Collapsing Borders
4628	Collective Restraint
4629	Cremate
4630	Crimson Acolyte
4631	Crosis's Attendant
4632	Crosis, the Purger
4633	Crusading Knight
4634	Crypt Angel
4635	Crystal Spray
4636	Darigaaz's Attendant
4637	Darigaaz, the Igniter
4638	Death or Glory
4639	Defiling Tears
4640	Desperate Research
4641	Devouring Strossus
4642	Dismantling Blow
4643	Distorting Wake
4644	Divine Presence
4645	Do or Die
4646	Drake-Skull Cameo
4647	Dream Thrush
4648	Dredge
4649	Dromar's Attendant
4650	Dromar, the Banisher
4651	Dueling Grounds
4652	Duskwalker
4653	Elfhame Palace
4654	Elfhame Sanctuary
4655	Elvish Champion
4656	Empress Galina
4657	Essence Leak
4658	Exclude
4659	Exotic Curse
4660	Explosive Growth
4661	Fact or Fiction
4662	Faerie Squadron
4663	Fight or Flight
4664	Firebrand Ranger
4665	Fires of Yavimaya
4666	Firescreamer
4667	Frenzied Tilling
4668	Galina's Knight
4669	Geothermal Crevice
4670	Ghitu Fire
4671	Glimmering Angel
4672	Global Ruin
4673	Goblin Spy
4674	Goham Djinn
4675	Halam Djinn
4676	Hanna, Ship's Navigator
4677	Harsh Judgment
4678	Hate Weaver
4679	Heroes' Reunion
4680	Hooded Kavu
4681	Horned Cheetah
4682	Hunting Kavu
4683	Hypnotic Cloud
4684	Irrigation Ditch
4685	Jade Leech
4686	Juntu Stakes
4687	Kangee, Aerie Keeper
4688	Kavu Aggressor
4689	Kavu Chameleon
4690	Kavu Climber
4691	Kavu Lair
4692	Kavu Monarch
4693	Kavu Runner
4694	Kavu Scout
4695	Kavu Titan
4696	Keldon Necropolis
4697	Liberate
4698	Lightning Dart
4699	Llanowar Cavalry
4700	Llanowar Elite
4701	Llanowar Knight
4702	Llanowar Vanguard
4703	Loafing Giant
4704	Lotus Guardian
4705	Mages' Contest
4706	Mana Maze
4707	Manipulate Fate
4708	Marauding Knight
4709	Metathran Aerostat
4710	Metathran Transport
4711	Metathran Zombie
4712	Meteor Storm
4713	Might Weaver
4714	Molimo, Maro-Sorcerer
4715	Mourning
4716	Nightscape Apprentice
4717	Nightscape Master
4718	Noble Panther
4719	Nomadic Elf
4720	Obliterate
4721	Obsidian Acolyte
4722	Opt
4723	Ordered Migration
4724	Orim's Touch
4725	Overabundance
4726	Overload
4727	Pain // Suffering
4728	Phyrexian Altar
4729	Phyrexian Battleflies
4730	Phyrexian Delver
4731	Phyrexian Infiltrator
4732	Phyrexian Lens
4733	Phyrexian Reaper
4734	Phyrexian Slayer
4735	Pincer Spider
4736	Plague Spitter
4737	Plague Spores
4738	Planar Portal
4739	Pledge of Loyalty
4740	Pouncing Kavu
4741	Power Armor
4742	Prison Barricade
4743	Probe
4744	Prohibit
4745	Protective Sphere
4746	Psychic Battle
4747	Pulse of Llanowar
4748	Pure Reflection
4749	Pyre Zombie
4750	Quirion Sentinel
4751	Quirion Trailblazer
4752	Rage Weaver
4753	Rainbow Crow
4754	Rampant Elephant
4755	Razorfoot Griffin
4756	Reckless Assault
4757	Recoil
4758	Recover
4759	Repulse
4760	Restock
4761	Restrain
4762	Reviving Dose
4763	Reviving Vapors
4764	Rewards of Diversity
4765	Reya Dawnbringer
4766	Riptide Crab
4767	Rith's Attendant
4768	Rith, the Awakener
4769	Rogue Kavu
4770	Rooting Kavu
4771	Rout
4772	Ruby Leech
4773	Ruham Djinn
4774	Sabertooth Nishoba
4775	Salt Marsh
4776	Samite Archer
4777	Samite Ministration
4778	Sapphire Leech
4779	Saproling Infestation
4780	Saproling Symbiosis
4781	Savage Offensive
4782	Scarred Puma
4783	Scavenged Weaponry
4784	Scorching Lava
4785	Scouting Trek
4786	Searing Rays
4787	Seashell Cameo
4788	Seer's Vision
4789	Serpentine Kavu
4790	Shivan Emissary
4791	Shivan Harvest
4792	Shivan Oasis
4793	Shivan Zombie
4794	Shoreline Raider
4795	Skittish Kavu
4796	Skizzik
4797	Sky Weaver
4798	Sleeper's Robe
4799	Slimy Kavu
4800	Slinking Serpent
4801	Smoldering Tar
4802	Sparring Golem
4803	Spinal Embrace
4804	Spirit Weaver
4805	Spirit of Resistance
4806	Spite // Malice
4807	Spreading Plague
4808	Stalking Assassin
4809	Stand // Deliver
4810	Stand or Fall
4811	Sterling Grove
4812	Stormscape Apprentice
4813	Stormscape Master
4814	Strength of Unity
4815	Sulam Djinn
4816	Sulfur Vent
4817	Sunscape Apprentice
4818	Sunscape Master
4819	Sway of Illusion
4820	Tainted Well
4821	Tangle
4822	Tectonic Instability
4823	Teferi's Care
4824	Teferi's Moat
4825	Teferi's Response
4826	Tek
4827	Temporal Distortion
4828	Thicket Elemental
4829	Thornscape Apprentice
4830	Thornscape Master
4831	Thunderscape Apprentice
4832	Thunderscape Master
4833	Tidal Visionary
4834	Tigereye Cameo
4835	Tinder Farm
4836	Tolarian Emissary
4837	Tower Drake
4838	Traveler's Cloak
4839	Treefolk Healer
4840	Trench Wurm
4841	Treva's Attendant
4842	Treva, the Renewer
4843	Tribal Flames
4844	Troll-Horn Cameo
4845	Tsabo Tavoc
4846	Tsabo's Assassin
4847	Tsabo's Decree
4848	Tsabo's Web
4849	Turf Wound
4850	Twilight's Call
4851	Undermine
4852	Urborg Drake
4853	Urborg Emissary
4854	Urborg Phantom
4855	Urborg Shambler
4856	Urborg Skeleton
4857	Urborg Volcano
4858	Urza's Filter
4859	Urza's Rage
4860	Utopia Tree
4861	Verdeloth the Ancient
4862	Verduran Emissary
4863	Viashino Grappler
4864	Vicious Kavu
4865	Vigorous Charge
4866	Vile Consumption
4867	Vodalian Hypnotist
4868	Vodalian Merchant
4869	Vodalian Serpent
4870	Vodalian Zombie
4871	Void
4872	Voracious Cobra
4873	Wallop
4874	Wandering Stream
4875	Wash Out
4876	Wax // Wane
4877	Wayfaring Giant
4878	Well-Laid Plans
4879	Whip Silk
4880	Wings of Hope
4881	Winnow
4882	Worldly Counsel
4883	Yavimaya Barbarian
4884	Yavimaya Kavu
4885	Yawgmoth's Agenda
4886	Zanam Djinn
4887	Zap
4888	Questing Phelddagrif
4889	Allied Strategies
4890	Alpha Kavu
4891	Amphibious Kavu
4892	Ancient Spider
4893	Arctic Merfolk
4894	Aura Blast
4895	Aurora Griffin
4896	Bog Down
4897	Caldera Kavu
4898	Cavern Harpy
4899	Cloud Cover
4900	Confound
4901	Crosis's Catacombs
4902	Crosis's Charm
4903	Darigaaz's Caldera
4904	Darigaaz's Charm
4905	Daring Leap
4906	Dark Suspicions
4907	Deadapult
4908	Death Bomb
4909	Destructive Flow
4910	Diabolic Intent
4911	Disciple of Kangee
4912	Dominaria's Judgment
4913	Doomsday Specter
4914	Draco
4915	Dralnu's Crusade
4916	Dralnu's Pet
4917	Dromar's Cavern
4918	Dromar's Charm
4919	Eladamri's Call
4920	Ertai's Trickery
4921	Ertai, the Corrupted
4922	Escape Routes
4923	Exotic Disease
4924	Falling Timber
4925	Flametongue Kavu
4926	Fleetfoot Panther
4927	Forsaken City
4928	Gaea's Herald
4929	Gaea's Might
4930	Gainsay
4931	Gerrard's Command
4932	Goblin Game
4933	Guard Dogs
4934	Heroic Defiance
4935	Hobble
4936	Honorable Scout
4937	Horned Kavu
4938	Hull Breach
4939	Hunting Drake
4940	Implode
4941	Insolence
4942	Kavu Recluse
4943	Keldon Mantle
4944	Keldon Twilight
4945	Lashknife Barrier
4946	Lava Zombie
4947	Lord of the Undead
4948	Maggot Carrier
4949	Magma Burst
4950	Magnigoth Treefolk
4951	Malicious Advice
4952	Mana Cylix
4953	March of Souls
4954	Marsh Crocodile
4955	Meddling Mage
4956	Meteor Crater
4957	Mire Kavu
4958	Mirrorwood Treefolk
4959	Mogg Jailer
4960	Mogg Sentry
4961	Morgue Toad
4962	Multani's Harmony
4963	Natural Emergence
4964	Nemata, Grove Guardian
4965	Nightscape Battlemage
4966	Nightscape Familiar
4967	Noxious Vapors
4968	Orim's Chant
4969	Phyrexian Bloodstock
4970	Phyrexian Scuta
4971	Phyrexian Tyranny
4972	Planar Overlay
4973	Planeswalker's Favor
4974	Planeswalker's Fury
4975	Planeswalker's Mirth
4976	Planeswalker's Mischief
4977	Planeswalker's Scorn
4978	Pollen Remedy
4979	Primal Growth
4980	Pygmy Kavu
4981	Quirion Dryad
4982	Quirion Explorer
4983	Radiant Kavu
4984	Razing Snidd
4985	Rith's Charm
4986	Rith's Grove
4987	Root Greevil
4988	Rushing River
4989	Samite Elder
4990	Samite Pilgrim
4991	Sawtooth Loon
4992	Sea Snidd
4993	Shifting Sky
4994	Shivan Wurm
4995	Shriek of Dread
4996	Singe
4997	Sinister Strength
4998	Sisay's Ingenuity
4999	Skyship Weatherlight
5000	Skyshroud Blessing
5001	Slay
5002	Sleeping Potion
5003	Slingshot Goblin
5004	Sparkcaster
5005	Star Compass
5006	Steel Leaf Paladin
5007	Stone Kavu
5008	Stormscape Battlemage
5009	Stormscape Familiar
5010	Strafe
5011	Stratadon
5012	Sunken Hope
5013	Sunscape Battlemage
5014	Sunscape Familiar
5015	Surprise Deployment
5016	Tahngarth, Talruum Hero
5017	Terminal Moraine
5018	Terminate
5019	Thornscape Battlemage
5020	Thornscape Familiar
5021	Thunderscape Battlemage
5022	Thunderscape Familiar
5023	Treva's Charm
5024	Treva's Ruins
5025	Urza's Guilt
5026	Voice of All
5027	Volcano Imp
5028	Warped Devotion
5029	Waterspout Elemental
5030	Fungal Shambler
5031	Aether Mutation
5032	Ana Disciple
5033	Ana Sanctuary
5034	Anavolver
5035	Angelfire Crusader
5036	Battlefield Forge
5037	Bloodfire Colossus
5038	Bloodfire Dwarf
5039	Bloodfire Infusion
5040	Bloodfire Kavu
5041	Bog Gnarr
5042	Brass Herald
5043	Captain's Maneuver
5044	Caves of Koilos
5045	Ceta Disciple
5046	Ceta Sanctuary
5047	Cetavolver
5048	Coalition Flag
5049	Coalition Honor Guard
5050	Coastal Drake
5051	Consume Strength
5052	Cromat
5053	Dead Ringers
5054	Death Grasp
5055	Death Mutation
5056	Dega Disciple
5057	Dega Sanctuary
5058	Degavolver
5059	Desolation Angel
5060	Desolation Giant
5061	Diversionary Tactics
5062	Divine Light
5063	Dodecapod
5064	Dragon Arch
5065	Dwarven Landslide
5066	Dwarven Patrol
5067	Ebony Treefolk
5068	Emblazoned Golem
5069	Enlistment Officer
5070	Evasive Action
5071	False Dawn
5072	Fervent Charge
5073	Fire // Ice
5074	Flowstone Charger
5075	Foul Presence
5076	Gaea's Balance
5077	Gaea's Skyfolk
5078	Gerrard Capashen
5079	Gerrard's Verdict
5080	Glade Gnarr
5081	Goblin Legionnaire
5082	Goblin Ringleader
5083	Goblin Trenches
5084	Grave Defiler
5085	Guided Passage
5086	Haunted Angel
5087	Helionaut
5088	Ice Cave
5089	Illuminate
5090	Illusion // Reality
5091	Index
5092	Jaded Response
5093	Jilt
5094	Jungle Barrier
5095	Kavu Glider
5096	Kavu Howler
5097	Kavu Mauler
5098	Last Caress
5099	Last Stand
5100	Lay of the Land
5101	Legacy Weapon
5102	Life // Death
5103	Lightning Angel
5104	Living Airship
5105	Llanowar Dead
5106	Llanowar Wastes
5107	Manacles of Decay
5108	Martyrs' Tomb
5109	Mask of Intolerance
5110	Mind Extraction
5111	Minotaur Illusionist
5112	Minotaur Tactician
5113	Mournful Zombie
5114	Mystic Snake
5115	Necra Disciple
5116	Necra Sanctuary
5117	Necravolver
5118	Night // Day
5119	Order // Chaos
5120	Orim's Thunder
5121	Overgrown Estate
5122	Penumbra Bobcat
5123	Penumbra Kavu
5124	Penumbra Wurm
5125	Pernicious Deed
5126	Phyrexian Arena
5127	Phyrexian Gargantua
5128	Planar Despair
5129	Powerstone Minefield
5130	Prophetic Bolt
5131	Putrid Warrior
5132	Quagmire Druid
5133	Quicksilver Dagger
5134	Raka Disciple
5135	Raka Sanctuary
5136	Rakavolver
5137	Razorfin Hunter
5138	Reef Shaman
5139	Savage Gorilla
5140	Shield of Duty and Reason
5141	Shimmering Mirage
5142	Shivan Reef
5143	Smash
5144	Soul Link
5145	Spectral Lynx
5146	Spiritmonger
5147	Squee's Embrace
5148	Squee's Revenge
5149	Standard Bearer
5150	Strength of Night
5151	Suffocating Blast
5152	Suppress
5153	Sylvan Messenger
5154	Symbiotic Deployment
5155	Tahngarth's Glare
5156	Temporal Spring
5157	Tidal Courier
5158	Tranquil Path
5159	Tundra Kavu
5160	Unnatural Selection
5161	Urborg Elf
5162	Urborg Uprising
5163	Vindicate
5164	Vodalian Mystic
5165	Whirlpool Drake
5166	Whirlpool Rider
5167	Whirlpool Warrior
5168	Wild Research
5169	Yavimaya Coast
5170	Yavimaya's Embrace
5171	Zombie Boa
5172	Arden Angel
5173	Ashuza's Breath
5174	Camato Scout
5175	Hapato's Might
5176	Lydari Druid
5177	Lydari Elephant
5178	Murgish Cemetery
5179	Saji's Torrent
5180	Tornellan Protector
5181	Velukan Dragon
5182	Stone-Tongue Basilisk
5183	Abandoned Outpost
5184	Aboshan's Desire
5185	Aboshan, Cephalid Emperor
5186	Acceptable Losses
5187	Aegis of Honor
5188	Aether Burst
5189	Afflict
5190	Amugaba
5191	Ancestral Tribute
5192	Animal Boneyard
5193	Ashen Firebeast
5194	Atogatog
5195	Aura Graft
5196	Auramancer
5197	Aven Archer
5198	Aven Cloudchaser
5199	Aven Fisher
5200	Aven Flock
5201	Aven Shrine
5202	Aven Smokeweaver
5203	Aven Windreader
5204	Balancing Act
5205	Balshan Beguiler
5206	Balshan Griffin
5207	Bamboozle
5208	Barbarian Lunatic
5209	Barbarian Ring
5210	Bash to Bits
5211	Battle Strain
5212	Battle of Wits
5213	Bearscape
5214	Beast Attack
5215	Beloved Chaplain
5216	Blazing Salvo
5217	Blessed Orator
5218	Bloodcurdler
5219	Bog Wreckage
5220	Bomb Squad
5221	Braids, Cabal Minion
5222	Burning Sands
5223	Cabal Inquisitor
5224	Cabal Patriarch
5225	Cabal Pit
5226	Cabal Shrine
5227	Call of the Herd
5228	Cantivore
5229	Careful Study
5230	Catalyst Stone
5231	Caustic Tar
5232	Cease-Fire
5233	Centaur Garden
5234	Cephalid Broker
5235	Cephalid Coliseum
5236	Cephalid Looter
5237	Cephalid Retainer
5238	Cephalid Scout
5239	Cephalid Shrine
5240	Chainflinger
5241	Chamber of Manipulation
5242	Chance Encounter
5243	Charmed Pendant
5244	Chatter of the Squirrel
5245	Childhood Horror
5246	Chlorophant
5247	Coffin Purge
5248	Cognivore
5249	Concentrate
5250	Confessor
5251	Crashing Centaur
5252	Crypt Creeper
5253	Crystal Quarry
5254	Cultural Exchange
5255	Cursed Monstrosity
5256	Darkwater Catacombs
5257	Darkwater Egg
5258	Decaying Soil
5259	Decimate
5260	Decompose
5261	Dedicated Martyr
5262	Deep Reconnaissance
5263	Delaying Shield
5264	Deluge
5265	Dematerialize
5266	Demolish
5267	Demoralize
5268	Deserted Temple
5269	Devoted Caretaker
5270	Diabolic Tutor
5271	Diligent Farmhand
5272	Dirty Wererat
5273	Divert
5274	Divine Sacrament
5275	Dogged Hunter
5276	Dreamwinder
5277	Druid Lyrist
5278	Druid's Call
5279	Dusk Imp
5280	Dwarven Grunt
5281	Dwarven Recruiter
5282	Dwarven Shrine
5283	Dwarven Strike Force
5284	Earnest Fellowship
5285	Earth Rift
5286	Elephant Ambush
5287	Ember Beast
5288	Embolden
5289	Engulfing Flames
5290	Entomb
5291	Epicenter
5292	Escape Artist
5293	Execute
5294	Extract
5295	Face of Fear
5296	Famished Ghoul
5297	Fervent Denial
5298	Filthy Cur
5299	Firebolt
5300	Flame Burst
5301	Fledgling Imp
5302	Frenetic Ogre
5303	Frightcrawler
5304	Ghastly Demise
5305	Gorilla Titan
5306	Graceful Antelope
5307	Gravestorm
5308	Ground Seal
5309	Halberdier
5310	Hallowed Healer
5311	Haunting Echoes
5312	Hint of Insanity
5313	Holistic Wisdom
5314	Howling Gale
5315	Immobilizing Ink
5316	Impulsive Maneuvers
5317	Infected Vermin
5318	Innocent Blood
5319	Iridescent Angel
5320	Ivy Elemental
5321	Junk Golem
5322	Kamahl's Desire
5323	Kamahl, Pit Fighter
5324	Karmic Justice
5325	Kirtar's Desire
5326	Kirtar's Wrath
5327	Krosan Archer
5328	Krosan Avenger
5329	Krosan Beast
5330	Laquatus's Creativity
5331	Last Rites
5332	Lava Blister
5333	Leaf Dancer
5334	Lieutenant Kirtar
5335	Life Burst
5336	Limestone Golem
5337	Liquid Fire
5338	Lithatog
5339	Luminous Guardian
5340	Mad Dog
5341	Magma Vein
5342	Magnivore
5343	Malevolent Awakening
5344	Master Apothecary
5345	Metamorphic Wurm
5346	Millikin
5347	Mind Burst
5348	Mindslicer
5349	Mine Layer
5350	Minotaur Explorer
5351	Mirari
5352	Molten Influence
5353	Moment's Peace
5354	Morbid Hunger
5355	Morgue Theft
5356	Mortivore
5357	Mossfire Egg
5358	Mossfire Valley
5359	Mudhole
5360	Muscle Burst
5361	Mystic Crusader
5362	Mystic Enforcer
5363	Mystic Penitent
5364	Mystic Visionary
5365	Mystic Zealot
5366	Nantuko Disciple
5367	Nantuko Elder
5368	Nantuko Mentor
5369	Nantuko Shrine
5370	Need for Speed
5371	Nefarious Lich
5372	New Frontiers
5373	Nimble Mongoose
5374	Nomad Decoy
5375	Nomad Stadium
5376	Nut Collector
5377	Obstinate Familiar
5378	Otarian Juggernaut
5379	Overeager Apprentice
5380	Painbringer
5381	Pardic Firecat
5382	Pardic Miner
5383	Pardic Swordsmith
5384	Patriarch's Desire
5385	Patrol Hound
5386	Patron Wizard
5387	Pedantic Learning
5388	Peek
5389	Persuasion
5390	Petrified Field
5391	Phantatog
5392	Phantom Whelp
5393	Pianna, Nomad Captain
5394	Pilgrim of Justice
5395	Pilgrim of Virtue
5396	Piper's Melody
5397	Predict
5398	Price of Glory
5399	Primal Frenzy
5400	Psionic Gift
5401	Psychatog
5402	Pulsating Illusion
5403	Puppeteer
5404	Rabid Elephant
5405	Ravaged Highlands
5406	Ray of Distortion
5407	Reckless Charge
5408	Recoup
5409	Refresh
5410	Repel
5411	Repentant Vampire
5412	Resilient Wanderer
5413	Rites of Initiation
5414	Rites of Refusal
5415	Rites of Spring
5416	Roar of the Wurm
5417	Rotting Giant
5418	Sacred Rites
5419	Sadistic Hypnotist
5420	Sandstone Deadfall
5421	Sarcatog
5422	Savage Firecat
5423	Scorching Missile
5424	Screams of the Damned
5425	Seafloor Debris
5426	Second Thoughts
5427	Seize the Day
5428	Seton's Desire
5429	Seton, Krosan Protector
5430	Shadowblood Egg
5431	Shadowblood Ridge
5432	Shadowmage Infiltrator
5433	Shelter
5434	Shifty Doppelganger
5435	Shower of Coals
5436	Simplify
5437	Skeletal Scrying
5438	Skull Fracture
5439	Skycloud Egg
5440	Skycloud Expanse
5441	Skyshooter
5442	Soulcatcher
5443	Spark Mage
5444	Spellbane Centaur
5445	Sphere of Duty
5446	Sphere of Grace
5447	Sphere of Law
5448	Sphere of Reason
5449	Sphere of Truth
5450	Spiritualize
5451	Springing Tiger
5452	Squirrel Mob
5453	Squirrel Nest
5454	Stalking Bloodsucker
5455	Standstill
5456	Steam Vines
5457	Steamclaw
5458	Still Life
5459	Sungrass Egg
5460	Sungrass Prairie
5461	Sylvan Might
5462	Syncopate
5463	Tainted Pact
5464	Tarnished Citadel
5465	Tattoo Ward
5466	Terravore
5467	Testament of Faith
5468	Thaumatog
5469	Thermal Blast
5470	Think Tank
5471	Thought Devourer
5472	Thought Eater
5473	Thought Nibbler
5474	Timberland Ruins
5475	Time Stretch
5476	Tireless Tribe
5477	Tombfire
5478	Touch of Invisibility
5479	Traumatize
5480	Traveling Plague
5481	Treetop Sentinel
5482	Tremble
5483	Twigwalker
5484	Unifying Theory
5485	Upheaval
5486	Vampiric Dragon
5487	Verdant Succession
5488	Vivify
5489	Volcanic Spray
5490	Volley of Boulders
5491	Wayward Angel
5492	Werebear
5493	Whipkeeper
5494	Whispering Shade
5495	Wild Mongrel
5496	Woodland Druid
5497	Words of Wisdom
5498	Zombie Assassin
5499	Zombie Cannibal
5500	Zombie Infestation
5501	Zombify
5502	Zoologist
5503	Laquatus's Champion
5504	Accelerate
5505	Acorn Harvest
5506	Alter Reality
5507	Ambassador Laquatus
5508	Angel of Retribution
5509	Anurid Scavenger
5510	Aquamoeba
5511	Arrogant Wurm
5512	Aven Trooper
5513	Balshan Collaborator
5514	Balthor the Stout
5515	Barbarian Outcast
5516	Basking Rootwalla
5517	Boneshard Slasher
5518	Breakthrough
5519	Cabal Coffers
5520	Cabal Ritual
5521	Cabal Surgeon
5522	Cabal Torturer
5523	Carrion Rats
5524	Carrion Wurm
5525	Centaur Chieftain
5526	Centaur Veteran
5527	Cephalid Aristocrat
5528	Cephalid Illusionist
5529	Cephalid Sage
5530	Cephalid Snitch
5531	Cephalid Vandal
5532	Chainer's Edict
5533	Chainer, Dementia Master
5534	Churning Eddy
5535	Circular Logic
5536	Cleansing Meditation
5537	Compulsion
5538	Coral Net
5539	Crackling Club
5540	Crazed Firecat
5541	Crippling Fatigue
5542	Dawn of the Dead
5543	Deep Analysis
5544	Devastating Dreams
5545	Dwell on the Past
5546	Enslaved Dwarf
5547	Equal Treatment
5548	Faceless Butcher
5549	False Memories
5550	Far Wanderings
5551	Fiery Temper
5552	Flaming Gambit
5553	Flash of Defiance
5554	Floating Shield
5555	Frantic Purification
5556	Ghostly Wings
5557	Gloomdrifter
5558	Gravegouger
5559	Grim Lavamancer
5560	Grotesque Hybrid
5561	Gurzigost
5562	Hell-Bent Raider
5563	Hydromorph Guardian
5564	Hydromorph Gull
5565	Hypnox
5566	Hypochondria
5567	Ichorid
5568	Insidious Dreams
5569	Insist
5570	Invigorating Falls
5571	Kamahl's Sledge
5572	Krosan Constrictor
5573	Krosan Restorer
5574	Last Laugh
5575	Liquify
5576	Llawan, Cephalid Empress
5577	Longhorn Firebeast
5578	Major Teroh
5579	Mesmeric Fiend
5580	Militant Monk
5581	Mind Sludge
5582	Morningtide
5583	Mortal Combat
5584	Mortiphobia
5585	Mutilate
5586	Mystic Familiar
5587	Nantuko Blightcutter
5588	Nantuko Calmer
5589	Nantuko Cultivator
5590	Nantuko Shade
5591	Narcissism
5592	Nostalgic Dreams
5593	Obsessive Search
5594	Organ Grinder
5595	Overmaster
5596	Parallel Evolution
5597	Pardic Arsonist
5598	Pardic Collaborator
5599	Pardic Lancer
5600	Pay No Heed
5601	Petradon
5602	Petravark
5603	Pitchstone Wall
5604	Plagiarize
5605	Possessed Aven
5606	Possessed Barbarian
5607	Possessed Centaur
5608	Possessed Nomad
5609	Psychotic Haze
5610	Putrid Imp
5611	Pyromania
5612	Radiate
5613	Rancid Earth
5614	Reborn Hero
5615	Restless Dreams
5616	Retraced Image
5617	Seton's Scout
5618	Shade's Form
5619	Shambling Swarm
5620	Sickening Dreams
5621	Skullscorch
5622	Skywing Aven
5623	Slithery Stalker
5624	Sonic Seizure
5625	Soul Scourge
5626	Spirit Flare
5627	Stern Judge
5628	Strength of Isolation
5629	Strength of Lunacy
5630	Stupefying Touch
5631	Tainted Field
5632	Tainted Isle
5633	Tainted Peak
5634	Tainted Wood
5635	Temporary Insanity
5636	Teroh's Faithful
5637	Teroh's Vanguard
5638	Transcendence
5639	Turbulent Dreams
5640	Unhinge
5641	Vengeful Dreams
5642	Violent Eruption
5643	Waste Away
5644	Zombie Trailblazer
5645	Glory
5646	Ancestor's Chosen
5647	Anger
5648	Anurid Barkripper
5649	Anurid Brushhopper
5650	Anurid Swarmsnapper
5651	Arcane Teachings
5652	Aven Fogbringer
5653	Aven Warcraft
5654	Balthor the Defiled
5655	Barbarian Bully
5656	Battle Screech
5657	Battlefield Scrounger
5658	Battlewise Aven
5659	Benevolent Bodyguard
5660	Book Burning
5661	Border Patrol
5662	Brawn
5663	Breaking Point
5664	Browbeat
5665	Burning Wish
5666	Cabal Therapy
5667	Cabal Trainee
5668	Cagemail
5669	Canopy Claws
5670	Centaur Rootcaster
5671	Cephalid Constable
5672	Cephalid Inkshrouder
5673	Chastise
5674	Commander Eesha
5675	Crush of Wurms
5676	Cunning Wish
5677	Death Wish
5678	Defy Gravity
5679	Dwarven Bloodboiler
5680	Dwarven Driller
5681	Dwarven Scorcher
5682	Earsplitting Rats
5683	Elephant Guide
5684	Ember Shot
5685	Envelop
5686	Epic Struggle
5687	Exoskeletal Armor
5688	Filth
5689	Firecat Blitz
5690	Flaring Pain
5691	Flash of Insight
5692	Fledgling Dragon
5693	Folk Medicine
5694	Forcemage Advocate
5695	Funeral Pyre
5696	Genesis
5697	Giant Warthog
5698	Golden Wish
5699	Goretusk Firebeast
5700	Grave Consequences
5701	Grip of Amnesia
5702	Grizzly Fate
5703	Guiltfeeder
5704	Hapless Researcher
5705	Harvester Druid
5706	Hunting Grounds
5707	Infectious Rage
5708	Ironshell Beetle
5709	Jeska, Warrior Adept
5710	Keep Watch
5711	Krosan Reclamation
5712	Krosan Verge
5713	Krosan Wayfarer
5714	Laquatus's Disdain
5715	Lava Dart
5716	Lead Astray
5717	Liberated Dwarf
5718	Lightning Surge
5719	Living Wish
5720	Lost in Thought
5721	Masked Gorgon
5722	Mental Note
5723	Mirari's Wake
5724	Mirror Wall
5725	Mist of Stagnation
5726	Morality Shift
5727	Nantuko Monastery
5728	Nantuko Tracer
5729	Nomad Mythmaker
5730	Nullmage Advocate
5731	Phantom Centaur
5732	Phantom Flock
5733	Phantom Nantuko
5734	Phantom Nishoba
5735	Phantom Nomad
5736	Phantom Tiger
5737	Planar Chaos
5738	Prismatic Strands
5739	Pulsemage Advocate
5740	Quiet Speculation
5741	Rats' Feast
5742	Ray of Revelation
5743	Riftstone Portal
5744	Scalpelexis
5745	Seedtime
5746	Selfless Exorcist
5747	Serene Sunset
5748	Shaman's Trance
5749	Shieldmage Advocate
5750	Silver Seraph
5751	Solitary Confinement
5752	Soulcatchers' Aerie
5753	Soulgorger Orgg
5754	Spellgorger Barbarian
5755	Spelljack
5756	Spirit Cairn
5757	Spurnmage Advocate
5758	Stitch Together
5759	Sudden Strength
5760	Suntail Hawk
5761	Sutured Ghoul
5762	Swelter
5763	Swirling Sandstorm
5764	Sylvan Safekeeper
5765	Telekinetic Bonds
5766	Test of Endurance
5767	Thriss, Nantuko Primus
5768	Toxic Stench
5769	Trained Pronghorn
5770	Treacherous Vampire
5771	Treacherous Werewolf
5772	Tunneler Wurm
5773	Unquestioned Authority
5774	Valor
5775	Venomous Vines
5776	Vigilant Sentry
5777	Web of Inertia
5778	Wonder
5779	Worldgorger Dragon
5780	Wormfang Behemoth
5781	Wormfang Crab
5782	Wormfang Drake
5783	Wormfang Manta
5784	Wormfang Newt
5785	Wormfang Turtle
5786	Silent Specter
5787	Accursed Centaur
5788	Aether Charge
5789	Aggravated Assault
5790	Airborne Aid
5791	Airdrop Condor
5792	Akroma's Blessing
5793	Akroma's Vengeance
5794	Ancestor's Prophet
5795	Animal Magnetism
5796	Annex
5797	Anurid Murkdiver
5798	Aphetto Alchemist
5799	Aphetto Dredging
5800	Aphetto Grifter
5801	Aphetto Vulture
5802	Arcanis the Omnipotent
5803	Artificial Evolution
5804	Ascending Aven
5805	Astral Slide
5806	Aura Extraction
5807	Aurification
5808	Avarax
5809	Aven Brigadier
5810	Aven Fateshaper
5811	Aven Soulgazer
5812	Backslide
5813	Barkhide Mauler
5814	Barren Moor
5815	Battering Craghorn
5816	Battlefield Medic
5817	Biorhythm
5818	Birchlore Rangers
5819	Blackmail
5820	Blatant Thievery
5821	Blistering Firecat
5822	Bloodline Shaman
5823	Bloodstained Mire
5824	Boneknitter
5825	Break Open
5826	Brightstone Ritual
5827	Broodhatch Nantuko
5828	Butcher Orgg
5829	Cabal Archon
5830	Cabal Executioner
5831	Cabal Slaver
5832	Callous Oppressor
5833	Catapult Master
5834	Catapult Squad
5835	Centaur Glade
5836	Chain of Acid
5837	Chain of Plasma
5838	Chain of Silence
5839	Chain of Smog
5840	Chain of Vapor
5841	Charging Slateback
5842	Choking Tethers
5843	Circle of Solace
5844	Commando Raid
5845	Complicate
5846	Contested Cliffs
5847	Convalescent Care
5848	Cover of Darkness
5849	Crafty Pathmage
5850	Crowd Favorites
5851	Crown of Ascension
5852	Crown of Awe
5853	Crown of Fury
5854	Crown of Suspicion
5855	Crown of Vigor
5856	Crude Rampart
5857	Cruel Revival
5858	Cryptic Gateway
5859	Custody Battle
5860	Daru Cavalier
5861	Daru Encampment
5862	Daru Healer
5863	Daru Lancer
5864	Daunting Defender
5865	Dawning Purist
5866	Death Match
5867	Death Pulse
5868	Defensive Maneuvers
5869	Demystify
5870	Dirge of Dread
5871	Disciple of Malice
5872	Discombobulate
5873	Dispersing Orb
5874	Disruptive Pitmage
5875	Dive Bomber
5876	Doom Cannon
5877	Doomed Necromancer
5878	Doubtless One
5879	Dragon Roost
5880	Dream Chisel
5881	Dwarven Blastminer
5882	Ebonblade Reaper
5883	Elvish Guidance
5884	Elvish Pathcutter
5885	Elvish Pioneer
5886	Elvish Scrapper
5887	Elvish Vanguard
5888	Elvish Warrior
5889	Embermage Goblin
5890	Enchantress's Presence
5891	Endemic Plague
5892	Entrails Feaster
5893	Erratic Explosion
5894	Essence Fracture
5895	Everglove Courier
5896	Exalted Angel
5897	Explosive Vegetation
5898	Fade from Memory
5899	Fallen Cleric
5900	False Cure
5901	Feeding Frenzy
5902	Festering Goblin
5903	Fever Charm
5904	Flamestick Courier
5905	Fleeting Aven
5906	Flooded Strand
5907	Foothill Guide
5908	Forgotten Cave
5909	Frightshroud Courier
5910	Future Sight
5911	Gangrenous Goliath
5912	Ghosthelm Courier
5913	Gigapede
5914	Glarecaster
5915	Glory Seeker
5916	Gluttonous Zombie
5917	Goblin Burrows
5918	Goblin Machinist
5919	Goblin Piledriver
5920	Goblin Pyromancer
5921	Goblin Sharpshooter
5922	Goblin Sky Raider
5923	Goblin Sledder
5924	Goblin Taskmaster
5925	Grand Coliseum
5926	Grand Melee
5927	Grassland Crusader
5928	Gratuitous Violence
5929	Gravel Slinger
5930	Gravespawn Sovereign
5931	Graxiplon
5932	Grinning Demon
5933	Gustcloak Harrier
5934	Gustcloak Runner
5935	Gustcloak Savior
5936	Gustcloak Sentinel
5937	Gustcloak Skirmisher
5938	Harsh Mercy
5939	Haunted Cadaver
5940	Head Games
5941	Headhunter
5942	Heedless One
5943	Hystrodon
5944	Imagecrafter
5945	Improvised Armor
5946	Infest
5947	Information Dealer
5948	Inspirit
5949	Insurrection
5950	Invigorating Boon
5951	Ironfist Crusher
5952	Ixidor's Will
5953	Ixidor, Reality Sculptor
5954	Jareth, Leonine Titan
5955	Kaboom!
5956	Kamahl's Summons
5957	Kamahl, Fist of Krosa
5958	Krosan Colossus
5959	Krosan Groundshaker
5960	Krosan Tusker
5961	Lavamancer's Skill
5962	Leery Fogbeast
5963	Lightning Rift
5964	Lonely Sandbar
5965	Mage's Guile
5966	Mana Echoes
5967	Menacing Ogre
5968	Misery Charm
5969	Mistform Dreamer
5970	Mistform Mask
5971	Mistform Mutant
5972	Mistform Shrieker
5973	Mistform Skyreaver
5974	Mistform Stalker
5975	Mistform Wall
5976	Mobilization
5977	Mythic Proportions
5978	Nameless One
5979	Nantuko Husk
5980	Naturalize
5981	Nosy Goblin
5982	Nova Cleric
5983	Oblation
5984	Oversold Cemetery
5985	Overwhelming Instinct
5986	Patriarch's Bidding
5987	Pearlspear Courier
5988	Peer Pressure
5989	Piety Charm
5990	Pinpoint Avalanche
5991	Polluted Delta
5992	Primal Boost
5993	Profane Prayers
5994	Prowling Pangolin
5995	Psychic Trance
5996	Quicksilver Dragon
5997	Ravenous Baloth
5998	Read the Runes
5999	Reckless One
6000	Reminisce
6001	Renewed Faith
6002	Righteous Cause
6003	Riptide Biologist
6004	Riptide Chronologist
6005	Riptide Entrancer
6006	Riptide Laboratory
6007	Riptide Replicator
6008	Riptide Shapeshifter
6009	Risky Move
6010	Rorix Bladewing
6011	Rotlung Reanimator
6012	Rummaging Wizard
6013	Run Wild
6014	Sage Aven
6015	Sandskin
6016	Screaming Seahawk
6017	Screeching Buzzard
6018	Sea's Claim
6019	Searing Flesh
6020	Seaside Haven
6021	Secluded Steppe
6022	Serpentine Basilisk
6023	Severed Legion
6024	Shade's Breath
6025	Shaleskin Bruiser
6026	Shared Triumph
6027	Shepherd of Rot
6028	Shieldmage Elder
6029	Sigil of the New Dawn
6030	Silklash Spider
6031	Silvos, Rogue Elemental
6032	Skirk Commando
6033	Skirk Fire Marshal
6034	Skirk Prospector
6035	Skittish Valesk
6036	Slate of Ancestry
6037	Slice and Dice
6038	Slipstream Eel
6039	Smother
6040	Snapping Thragg
6041	Snarling Undorak
6042	Solar Blast
6043	Soulless One
6044	Sparksmith
6045	Spined Basher
6046	Spitfire Handler
6047	Spitting Gourna
6048	Spurred Wolverine
6049	Spy Network
6050	Stag Beetle
6051	Standardize
6052	Starlit Sanctum
6053	Starstorm
6054	Steely Resolve
6055	Strongarm Tactics
6056	Sunfire Balm
6057	Supreme Inquisitor
6058	Symbiotic Beast
6059	Symbiotic Elf
6060	Symbiotic Wurm
6061	Syphon Mind
6062	Tempting Wurm
6063	Tephraderm
6064	Thoughtbound Primoc
6065	Thrashing Mudspawn
6066	Threaten
6067	Thunder of Hooves
6068	Towering Baloth
6069	Trade Secrets
6070	Tranquil Thicket
6071	Treespring Lorian
6072	Tribal Golem
6073	Tribal Unity
6074	Trickery Charm
6075	True Believer
6076	Undead Gladiator
6077	Unholy Grotto
6078	Unified Strike
6079	Venomspout Brackus
6080	Visara the Dreadful
6081	Vitality Charm
6082	Voice of the Woods
6083	Voidmage Prodigy
6084	Walking Desecration
6085	Wall of Mulch
6086	Wave of Indifference
6087	Weathered Wayfarer
6088	Weird Harvest
6089	Wellwisher
6090	Wheel and Deal
6091	Whipcorder
6092	Windswept Heath
6093	Wirewood Elf
6094	Wirewood Herald
6095	Wirewood Lodge
6096	Wirewood Pride
6097	Wirewood Savage
6098	Withering Hex
6099	Wooded Foothills
6100	Words of War
6101	Words of Waste
6102	Words of Wilding
6103	Words of Wind
6104	Words of Worship
6105	Wretched Anurid
6106	Withered Wretch
6107	Bonesplitter
6108	Elvish Aberration
6109	Skirk Marauder
6110	Akroma, Angel of Wrath Avatar
6111	Arcanis, the Omnipotent Avatar
6112	Arcbound Overseer Avatar
6113	Ashling the Pilgrim Avatar
6114	Ashling, the Extinguisher Avatar
6115	Birds of Paradise Avatar
6116	Bosh, Iron Golem Avatar
6117	Braids, Conjurer Adept Avatar
6118	Chronatog Avatar
6119	Dakkon Blackblade Avatar
6120	Dauntless Escort Avatar
6121	Diamond Faerie Avatar
6122	Eight-and-a-Half-Tails Avatar
6123	Eladamri, Lord of Leaves Avatar
6124	Elvish Champion Avatar
6125	Enigma Sphinx Avatar
6126	Erhnam Djinn Avatar
6127	Etched Oracle Avatar
6128	Fallen Angel Avatar
6129	Figure of Destiny Avatar
6130	Flametongue Kavu Avatar
6131	Frenetic Efreet Avatar
6132	Goblin Warchief Avatar
6133	Grinning Demon Avatar
6134	Haakon, Stromgald Scourge Avatar
6135	Heartwood Storyteller Avatar
6136	Hell's Caretaker Avatar
6137	Hermit Druid Avatar
6138	Higure, the Still Wind Avatar
6139	Ink-Eyes, Servant of Oni Avatar
6140	Jaya Ballard Avatar
6141	Jhoira of the Ghitu Avatar
6142	Karona, False God Avatar
6143	Kresh the Bloodbraided Avatar
6144	Loxodon Hierarch Avatar
6145	Lyzolda, the Blood Witch Avatar
6146	Maelstrom Archangel Avatar
6147	Malfegor Avatar
6148	Maralen of the Mornsong Avatar
6149	Maro Avatar
6150	Master of the Wild Hunt Avatar
6151	Mayael the Anima Avatar
6152	Mirri the Cursed Avatar
6153	Mirror Entity Avatar
6154	Momir Vig, Simic Visionary Avatar
6155	Morinfen Avatar
6156	Murderous Redcap Avatar
6157	Necropotence Avatar
6158	Nekrataal Avatar
6159	Oni of Wild Places Avatar
6160	Orcish Squatters Avatar
6161	Peacekeeper Avatar
6162	Phage the Untouchable Avatar
6163	Platinum Angel Avatar
6164	Prodigal Sorcerer Avatar
6165	Raksha Golden Cub Avatar
6166	Reaper King Avatar
6167	Rith, the Awakener Avatar
6168	Royal Assassin Avatar
6169	Rumbling Slum Avatar
6170	Sakashima the Impostor Avatar
6171	Serra Angel Avatar
6172	Seshiro the Anointed Avatar
6173	Sisters of Stone Death Avatar
6174	Sliver Queen Avatar
6175	Squee, Goblin Nabob Avatar
6176	Stalking Tiger Avatar
6177	Stonehewer Giant Avatar
6178	Stuffy Doll Avatar
6179	Teysa, Orzhov Scion Avatar
6180	Tradewind Rider Avatar
6181	Two-Headed Giant of Foriys Avatar
6182	Vampire Nocturnus Avatar
6183	Viridian Zealot Avatar
6184	Feral Throwback
6185	Akroma's Devoted
6186	Akroma, Angel of Wrath
6187	Aphetto Exterminator
6188	Aven Envoy
6189	Aven Redeemer
6190	Aven Warhawk
6191	Bane of the Living
6192	Beacon of Destiny
6193	Berserk Murlodont
6194	Blade Sliver
6195	Blood Celebrant
6196	Bloodstoke Howler
6197	Branchsnap Lorian
6198	Brontotherium
6199	Brood Sliver
6200	Caller of the Claw
6201	Canopy Crawler
6202	Celestial Gatekeeper
6203	Cephalid Pathmage
6204	Chromeshell Crab
6205	Clickslither
6206	Cloudreach Cavalry
6207	Corpse Harvester
6208	Covert Operative
6209	Crested Craghorn
6210	Crookclaw Elder
6211	Crypt Sliver
6212	Dark Supplicant
6213	Daru Mender
6214	Daru Sanctifier
6215	Daru Stinger
6216	Deathmark Prelate
6217	Defender of the Order
6218	Defiant Elf
6219	Deftblade Elite
6220	Dermoplasm
6221	Dreamborn Muse
6222	Drinker of Sorrow
6223	Dripping Dead
6224	Earthblighter
6225	Echo Tracer
6226	Elvish Soultiller
6227	Embalmed Brawler
6228	Enormous Baloth
6229	Essence Sliver
6230	Flamewave Invoker
6231	Frenetic Raptor
6232	Fugitive Wizard
6233	Gempalm Avenger
6234	Gempalm Incinerator
6235	Gempalm Polluter
6236	Gempalm Sorcerer
6237	Gempalm Strider
6238	Ghastly Remains
6239	Glintwing Invoker
6240	Glowering Rogon
6241	Glowrider
6242	Goblin Assassin
6243	Goblin Clearcutter
6244	Goblin Dynamo
6245	Goblin Firebug
6246	Goblin Goon
6247	Goblin Grappler
6248	Goblin Lookout
6249	Goblin Turncoat
6250	Graveborn Muse
6251	Havoc Demon
6252	Hollow Specter
6253	Hundroog
6254	Hunter Sliver
6255	Imperial Hellkite
6256	Infernal Caretaker
6257	Keeneye Aven
6258	Keeper of the Nine Gales
6259	Kilnmouth Dragon
6260	Krosan Cloudscraper
6261	Krosan Vorine
6262	Lavaborn Muse
6263	Liege of the Axe
6264	Lowland Tracker
6265	Macetail Hystrodon
6266	Magma Sliver
6267	Master of the Veil
6268	Merchant of Secrets
6269	Mistform Seaswift
6270	Mistform Sliver
6271	Mistform Ultimus
6272	Mistform Wakecaster
6273	Nantuko Vigilante
6274	Needleshot Gourna
6275	Noxious Ghoul
6276	Patron of the Wild
6277	Phage the Untouchable
6278	Planar Guide
6279	Plated Sliver
6280	Primal Whisperer
6281	Primoc Escapee
6282	Quick Sliver
6283	Ridgetop Raptor
6284	Riptide Director
6285	Riptide Mangler
6286	Rockshard Elemental
6287	Root Sliver
6288	Scion of Darkness
6289	Seedborn Muse
6290	Shaleskin Plower
6291	Shifting Sliver
6292	Skinthinner
6293	Skirk Alarmist
6294	Skirk Drill Sergeant
6295	Skirk Outrider
6296	Smokespew Invoker
6297	Sootfeather Flock
6298	Spectral Sliver
6299	Starlight Invoker
6300	Stoic Champion
6301	Stonewood Invoker
6302	Sunstrike Legionnaire
6303	Swooping Talon
6304	Synapse Sliver
6305	Timberwatch Elf
6306	Totem Speaker
6307	Toxin Sliver
6308	Tribal Forcemage
6309	Unstable Hulk
6310	Vexing Beetle
6311	Vile Deacon
6312	Voidmage Apprentice
6313	Wall of Deceit
6314	Wall of Hope
6315	Warbreak Trumpeter
6316	Ward Sliver
6317	Warped Researcher
6318	Weaver of Lies
6319	Whipgrass Entangler
6320	Willbender
6321	Windborn Muse
6322	Wingbeat Warrior
6323	Wirewood Channeler
6324	Wirewood Hivemaster
6325	Zombie Brute
6326	Soul Collector
6327	Accelerated Mutation
6328	Ageless Sentinels
6329	Alpha Status
6330	Ambush Commander
6331	Ancient Ooze
6332	Aphetto Runecaster
6333	Ark of Blight
6334	Astral Steel
6335	Aven Farseer
6336	Aven Liberator
6337	Bladewing the Risen
6338	Bladewing's Thrall
6339	Bonethorn Valesk
6340	Brain Freeze
6341	Break Asunder
6342	Cabal Conditioning
6343	Cabal Interrogator
6344	Call to the Grave
6345	Carbonize
6346	Carrion Feeder
6347	Chartooth Cougar
6348	Chill Haunting
6349	Claws of Wirewood
6350	Clutch of Undeath
6351	Coast Watcher
6352	Consumptive Goo
6353	Daru Spiritualist
6354	Daru Warchief
6355	Dawn Elemental
6356	Day of the Dragons
6357	Death's-Head Buzzard
6358	Decree of Annihilation
6359	Decree of Justice
6360	Decree of Pain
6361	Decree of Savagery
6362	Decree of Silence
6363	Dimensional Breach
6364	Dispersal Shield
6365	Divergent Growth
6366	Dragon Breath
6367	Dragon Fangs
6368	Dragon Mage
6369	Dragon Scales
6370	Dragon Shadow
6371	Dragon Tyrant
6372	Dragon Wings
6373	Dragonspeaker Shaman
6374	Dragonstalker
6375	Dragonstorm
6376	Edgewalker
6377	Enrage
6378	Eternal Dragon
6379	Exiled Doomsayer
6380	Extra Arms
6381	Faces of the Past
6382	Fatal Mutation
6383	Fierce Empath
6384	Final Punishment
6385	Force Bubble
6386	Forgotten Ancient
6387	Form of the Dragon
6388	Frontline Strategist
6389	Frozen Solid
6390	Gilded Light
6391	Goblin Brigand
6392	Goblin Psychopath
6393	Goblin Warchief
6394	Grip of Chaos
6395	Guilty Conscience
6396	Hindering Touch
6397	Hunting Pack
6398	Karona's Zealot
6399	Karona, False God
6400	Krosan Drover
6401	Krosan Warchief
6402	Kurgadon
6403	Lethal Vapors
6404	Lingering Death
6405	Long-Term Plans
6406	Mercurial Kite
6407	Metamorphose
6408	Mind's Desire
6409	Mischievous Quanar
6410	Misguided Rage
6411	Mistform Warchief
6412	Nefashu
6413	Noble Templar
6414	One with Nature
6415	Parallel Thoughts
6416	Pemmin's Aura
6417	Primitive Etchings
6418	Proteus Machine
6419	Putrid Raptor
6420	Pyrostatic Pillar
6421	Rain of Blades
6422	Raven Guild Initiate
6423	Raven Guild Master
6424	Reaping the Graves
6425	Recuperate
6426	Reward the Faithful
6427	Riptide Survivor
6428	Rock Jockey
6429	Root Elemental
6430	Rush of Knowledge
6431	Scattershot
6432	Scornful Egotist
6433	Shoreline Ranger
6434	Siege-Gang Commander
6435	Silver Knight
6436	Skirk Volcanist
6437	Skulltap
6438	Sliver Overlord
6439	Spark Spray
6440	Sprouting Vines
6441	Stabilizer
6442	Stifle
6443	Sulfuric Vortex
6444	Temple of the False God
6445	Temporal Fissure
6446	Tendrils of Agony
6447	Thundercloud Elemental
6448	Titanic Bulvox
6449	Torrent of Fire
6450	Trap Digger
6451	Treetop Scout
6452	Twisted Abomination
6453	Unburden
6454	Uncontrolled Infestation
6455	Undead Warchief
6456	Unspeakable Symbol
6457	Upwelling
6458	Vengeful Dead
6459	Wing Shards
6460	Wipe Clean
6461	Wirewood Guardian
6462	Wirewood Symbiote
6463	Woodcloaker
6464	Xantid Swarm
6465	Zealous Inquisitor
6466	Zombie Cutthroat
6467	Sword of Kaldra
6468	Aether Spellbomb
6469	Alpha Myr
6470	Altar of Shadows
6471	Altar's Light
6472	Ancient Den
6473	Arc-Slogger
6474	Assert Authority
6475	Auriok Bladewarden
6476	Auriok Steelshaper
6477	Auriok Transfixer
6478	Awe Strike
6479	Banshee's Blade
6480	Barter in Blood
6481	Battlegrowth
6482	Betrayal of Flesh
6483	Blinding Beam
6484	Blinkmoth Urn
6485	Blinkmoth Well
6486	Bloodscent
6487	Bosh, Iron Golem
6488	Broodstar
6489	Chalice of the Void
6490	Chimney Imp
6491	Chrome Mox
6492	Clockwork Beetle
6493	Clockwork Condor
6494	Clockwork Dragon
6495	Clockwork Vorrac
6496	Cloudpost
6497	Cobalt Golem
6498	Confusion in the Ranks
6499	Consume Spirit
6500	Contaminated Bond
6501	Copper Myr
6502	Copperhoof Vorrac
6503	Crystal Shard
6504	Culling Scales
6505	Damping Matrix
6506	Dead-Iron Sledge
6507	Deconstruct
6508	Disarm
6509	Disciple of the Vault
6510	Domineer
6511	Dream's Grip
6512	Dross Harvester
6513	Dross Prowler
6514	Dross Scorpion
6515	Duplicant
6516	Duskworker
6517	Electrostatic Bolt
6518	Elf Replica
6519	Empyrial Plate
6520	Extraplanar Lens
6521	Fabricate
6522	Fangren Hunter
6523	Farsight Mask
6524	Fatespinner
6525	Fiery Gambit
6526	Fireshrieker
6527	Fists of the Anvil
6528	Flayed Nim
6529	Forge Armor
6530	Fractured Loyalty
6531	Frogmite
6532	Galvanic Key
6533	Gate to the Aether
6534	Gilded Lotus
6535	Glimmervoid
6536	Glissa Sunseeker
6537	Goblin Charbelcher
6538	Goblin Dirigible
6539	Goblin Replica
6540	Goblin Striker
6541	Goblin War Wagon
6542	Gold Myr
6543	Golem-Skin Gauntlets
6544	Grab the Reins
6545	Granite Shard
6546	Great Furnace
6547	Grid Monitor
6548	Grim Reminder
6549	Groffskithur
6550	Heartwood Shard
6551	Hematite Golem
6552	Hum of the Radix
6553	Incite War
6554	Inertia Bubble
6555	Iron Myr
6556	Irradiate
6557	Isochron Scepter
6558	Jinxed Choker
6559	Journey of Discovery
6560	Krark's Thumb
6561	Krark-Clan Grunt
6562	Krark-Clan Shaman
6563	Leaden Myr
6564	Leonin Abunas
6565	Leonin Bladetrap
6566	Leonin Den-Guard
6567	Leonin Elder
6568	Leonin Scimitar
6569	Leonin Skyhunter
6570	Leonin Sun Standard
6571	Leveler
6572	Liar's Pendulum
6573	Lifespark Spellbomb
6574	Lightning Coils
6575	Lightning Greaves
6576	Living Hive
6577	Lodestone Myr
6578	Looming Hoverguard
6579	Loxodon Mender
6580	Loxodon Peacekeeper
6581	Loxodon Punisher
6582	Loxodon Warhammer
6583	Lumengrid Augur
6584	Lumengrid Sentinel
6585	Lumengrid Warden
6586	Luminous Angel
6587	Malachite Golem
6588	March of the Machines
6589	Mask of Memory
6590	Mass Hysteria
6591	Megatog
6592	Mesmeric Orb
6593	Mind's Eye
6594	Mindslaver
6595	Mindstorm Crown
6596	Mirror Golem
6597	Molder Slug
6598	Molten Rain
6599	Moriok Scavenger
6600	Mourner's Shield
6601	Myr Adapter
6602	Myr Enforcer
6603	Myr Incubator
6604	Myr Mindservant
6605	Myr Prototype
6606	Myr Retriever
6607	Necrogen Mists
6608	Necrogen Spellbomb
6609	Needlebug
6610	Neurok Familiar
6611	Neurok Hoversail
6612	Neurok Spy
6613	Nightmare Lash
6614	Nim Devourer
6615	Nim Lasher
6616	Nim Replica
6617	Nim Shambler
6618	Nim Shrieker
6619	Nuisance Engine
6620	Oblivion Stone
6621	Ogre Leadfoot
6622	Omega Myr
6623	One Dozen Eyes
6624	Override
6625	Pearl Shard
6626	Pentavus
6627	Pewter Golem
6628	Plated Slagwurm
6629	Platinum Angel
6630	Power Conduit
6631	Predator's Strike
6632	Promise of Power
6633	Proteus Staff
6634	Psychic Membrane
6635	Psychogenic Probe
6636	Pyrite Spellbomb
6637	Quicksilver Elemental
6638	Quicksilver Fountain
6639	Raise the Alarm
6640	Razor Barrier
6641	Regress
6642	Reiver Demon
6643	Relic Bane
6644	Roar of the Kha
6645	Rule of Law
6646	Rust Elemental
6647	Rustmouth Ogre
6648	Rustspore Ram
6649	Scale of Chiss-Goria
6650	Scrabbling Claws
6651	Sculpting Steel
6652	Scythe of the Wretched
6653	Seat of the Synod
6654	Second Sunrise
6655	Seething Song
6656	Serum Tank
6657	Shared Fate
6658	Shrapnel Blast
6659	Silver Myr
6660	Skeleton Shard
6661	Skyhunter Cub
6662	Skyhunter Patrol
6663	Slagwurm Armor
6664	Slith Ascendant
6665	Slith Bloodletter
6666	Slith Firewalker
6667	Slith Predator
6668	Slith Strider
6669	Solar Tide
6670	Soldier Replica
6671	Solemn Simulacrum
6672	Somber Hoverguard
6673	Soul Foundry
6674	Soul Nova
6675	Spellweaver Helix
6676	Sphere of Purity
6677	Spikeshot Goblin
6678	Spoils of the Vault
6679	Steel Wall
6680	Sun Droplet
6681	Sunbeam Spellbomb
6682	Sylvan Scrying
6683	Synod Sanctum
6684	Taj-Nar Swordsmith
6685	Talisman of Dominance
6686	Talisman of Impulse
6687	Talisman of Indulgence
6688	Talisman of Progress
6689	Talisman of Unity
6690	Tanglebloom
6691	Tangleroot
6692	Tel-Jilad Archers
6693	Tel-Jilad Chosen
6694	Tel-Jilad Exile
6695	Tel-Jilad Stylus
6696	Tempest of Light
6697	Temporal Cascade
6698	Thirst for Knowledge
6699	Thought Prison
6700	Thoughtcast
6701	Timesifter
6702	Titanium Golem
6703	Tooth and Nail
6704	Tooth of Chiss-Goria
6705	Tower of Champions
6706	Tower of Eons
6707	Tower of Fortunes
6708	Tower of Murmurs
6709	Trash for Treasure
6710	Tree of Tales
6711	Troll Ascetic
6712	Trolls of Tel-Jilad
6713	Turn to Dust
6714	Vault of Whispers
6715	Vedalken Archmage
6716	Vermiculos
6717	Viridian Joiner
6718	Viridian Longbow
6719	Viridian Shaman
6720	Vorrac Battlehorns
6721	Vulshok Battlegear
6722	Vulshok Battlemaster
6723	Vulshok Berserker
6724	Vulshok Gauntlets
6725	Wail of the Nim
6726	Wall of Blood
6727	Wanderguard Sentry
6728	War Elemental
6729	Welding Jar
6730	Wizard Replica
6731	Woebearer
6732	Worldslayer
6733	Wrench Mind
6734	Wurmskin Forger
6735	Booster Tutor
6736	Circle of Protection: Art
6737	Darksteel Ingot
6738	Glacial Ray
6739	Goblin Mime
6740	Granny's Payback
6741	Mise
6742	Serum Visions
6743	Shield of Kaldra
6744	Aether Snap
6745	Aether Vial
6746	Ageless Entity
6747	Angel's Feather
6748	Arcane Spyglass
6749	Arcbound Bruiser
6750	Arcbound Crusher
6751	Arcbound Fiend
6752	Arcbound Hybrid
6753	Arcbound Lancer
6754	Arcbound Overseer
6755	Arcbound Ravager
6756	Arcbound Reclaimer
6757	Arcbound Slith
6758	Arcbound Stinger
6759	Arcbound Worker
6760	Auriok Glaivemaster
6761	Auriok Siege Sled
6762	Barbed Lightning
6763	Blinkmoth Nexus
6764	Burden of Greed
6765	Carry Away
6766	Chimeric Egg
6767	Chittering Rats
6768	Chromescale Drake
6769	Coretapper
6770	Crazed Goblin
6771	Darksteel Brute
6772	Darksteel Citadel
6773	Darksteel Colossus
6774	Darksteel Forge
6775	Darksteel Gargoyle
6776	Darksteel Pendant
6777	Darksteel Reactor
6778	Death Cloud
6779	Death-Mask Duplicant
6780	Demon's Horn
6781	Dismantle
6782	Dragon's Claw
6783	Drill-Skimmer
6784	Drooling Ogre
6785	Dross Golem
6786	Eater of Days
6787	Echoing Calm
6788	Echoing Courage
6789	Echoing Decay
6790	Echoing Ruin
6791	Echoing Truth
6792	Emissary of Despair
6793	Emissary of Hope
6794	Essence Drain
6795	Fangren Firstborn
6796	Flamebreak
6797	Furnace Dragon
6798	Gemini Engine
6799	Genesis Chamber
6800	Geth's Grimoire
6801	Goblin Archaeologist
6802	Greater Harvester
6803	Grimclaw Bats
6804	Hallow
6805	Heartseeker
6806	Hoverguard Observer
6807	Hunger of the Nim
6808	Infested Roothold
6809	Karstoderm
6810	Kraken's Eye
6811	Krark-Clan Stoker
6812	Last Word
6813	Leonin Battlemage
6814	Leonin Bola
6815	Leonin Shikari
6816	Lich's Tomb
6817	Loxodon Mystic
6818	Machinate
6819	Magnetic Flux
6820	Memnarch
6821	Mephitic Ooze
6822	Metal Fatigue
6823	Mirrodin's Core
6824	Murderous Spoils
6825	Mycosynth Lattice
6826	Myr Landshaper
6827	Myr Matrix
6828	Myr Moonvessel
6829	Nemesis Mask
6830	Neurok Prodigy
6831	Neurok Transmuter
6832	Nim Abomination
6833	Nourish
6834	Oxidda Golem
6835	Oxidize
6836	Panoptic Mirror
6837	Pristine Angel
6838	Psychic Overload
6839	Pteron Ghost
6840	Pulse of the Dross
6841	Pulse of the Fields
6842	Pulse of the Forge
6843	Pulse of the Grid
6844	Pulse of the Tangle
6845	Purge
6846	Quicksilver Behemoth
6847	Razor Golem
6848	Reap and Sow
6849	Rebuking Ceremony
6850	Reshape
6851	Retract
6852	Ritual of Restoration
6853	Roaring Slagwurm
6854	Savage Beating
6855	Scavenging Scarab
6856	Screams from Within
6857	Scrounge
6858	Second Sight
6859	Serum Powder
6860	Shriveling Rot
6861	Shunt
6862	Skullclamp
6863	Slobad, Goblin Tinkerer
6864	Soulscour
6865	Spawning Pit
6866	Specter's Shroud
6867	Spellbinder
6868	Spincrusher
6869	Spire Golem
6870	Stand Together
6871	Steelshaper Apprentice
6872	Stir the Pride
6873	Sundering Titan
6874	Surestrike Trident
6875	Sword of Fire and Ice
6876	Sword of Light and Shadow
6877	Synod Artificer
6878	Talon of Pain
6879	Tangle Golem
6880	Tangle Spider
6881	Tanglewalker
6882	Tears of Rage
6883	Tel-Jilad Outrider
6884	Tel-Jilad Wolf
6885	Test of Faith
6886	Thought Dissector
6887	Thunderstaff
6888	Trinisphere
6889	Turn the Tables
6890	Unforge
6891	Ur-Golem's Eye
6892	Vedalken Engineer
6893	Vex
6894	Viridian Acolyte
6895	Viridian Zealot
6896	Voltaic Construct
6897	Vulshok Morningstar
6898	Vulshok War Boar
6899	Wand of the Elements
6900	Well of Lost Dreams
6901	Whispersilk Cloak
6902	Wirefly Hive
6903	Wurm's Tooth
6904	Helm of Kaldra
6905	Abuna's Chant
6906	Acquire
6907	Advanced Hoverguard
6908	All Suns' Dawn
6909	Anodet Lurker
6910	Arachnoid
6911	Arcbound Wanderer
6912	Armed Response
6913	Artificer's Intuition
6914	Auriok Champion
6915	Auriok Salvagers
6916	Auriok Windwalker
6917	Avarice Totem
6918	Baton of Courage
6919	Battered Golem
6920	Beacon of Creation
6921	Beacon of Destruction
6922	Beacon of Immortality
6923	Beacon of Tomorrows
6924	Beacon of Unrest
6925	Blasting Station
6926	Blind Creeper
6927	Blinkmoth Infusion
6928	Bringer of the Black Dawn
6929	Bringer of the Blue Dawn
6930	Bringer of the Green Dawn
6931	Bringer of the Red Dawn
6932	Bringer of the White Dawn
6933	Cackling Imp
6934	Channel the Suns
6935	Chimeric Coils
6936	Clearwater Goblet
6937	Clock of Omens
6938	Composite Golem
6939	Condescend
6940	Conjurer's Bauble
6941	Cosmic Larva
6942	Cranial Plating
6943	Crucible of Worlds
6944	Dawn's Reflection
6945	Desecration Elemental
6946	Devour in Shadow
6947	Disruption Aura
6948	Door to Nothingness
6949	Doubling Cube
6950	Dross Crocodile
6951	Early Frost
6952	Ebon Drake
6953	Endless Whispers
6954	Energy Chamber
6955	Engineered Explosives
6956	Ensouled Scimitar
6957	Eon Hub
6958	Etched Oracle
6959	Eternal Witness
6960	Eyes of the Watcher
6961	Fangren Pathcutter
6962	Feedback Bolt
6963	Ferocious Charge
6964	Ferropede
6965	Fill with Fright
6966	Fist of Suns
6967	Fleshgrafter
6968	Fold into Aether
6969	Furnace Whelp
6970	Gemstone Array
6971	Goblin Brawler
6972	Goblin Cannon
6973	Grafted Wargear
6974	Granulate
6975	Grinding Station
6976	Guardian Idol
6977	Healer's Headdress
6978	Heliophial
6979	Horned Helm
6980	Hoverguard Sweepers
6981	Infused Arrows
6982	Into Thin Air
6983	Ion Storm
6984	Iron-Barb Hellion
6985	Joiner Adept
6986	Krark-Clan Engineers
6987	Krark-Clan Ironworks
6988	Krark-Clan Ogre
6989	Lantern of Insight
6990	Leonin Squire
6991	Lose Hope
6992	Loxodon Anchorite
6993	Loxodon Stalwart
6994	Lunar Avenger
6995	Magma Jet
6996	Magnetic Theft
6997	Mana Geyser
6998	Mephidross Vampire
6999	Moriok Rigger
7000	Mycosynth Golem
7001	Myr Quadropod
7002	Myr Servitor
7003	Neurok Stealthsuit
7004	Night's Whisper
7005	Nim Grotesque
7006	Opaline Bracers
7007	Ouphe Vandals
7008	Paradise Mantle
7009	Pentad Prism
7010	Plasma Elemental
7011	Plunge into Darkness
7012	Possessed Portal
7013	Qumulox
7014	Rain of Rust
7015	Raksha Golden Cub
7016	Razorgrass Screen
7017	Razormane Masticore
7018	Relentless Rats
7019	Retaliate
7020	Reversal of Fortune
7021	Rite of Passage
7022	Roar of Reclamation
7023	Rude Awakening
7024	Salvaging Station
7025	Sawtooth Thresher
7026	Screaming Fury
7027	Shattered Dreams
7028	Silent Arbiter
7029	Skullcage
7030	Skyhunter Prowler
7031	Skyhunter Skirmisher
7032	Skyreach Manta
7033	Solarion
7034	Spark Elemental
7035	Sparring Collar
7036	Spectral Shift
7037	Spinal Parasite
7038	Staff of Domination
7039	Stand Firm
7040	Stasis Cocoon
7041	Steelshaper's Gift
7042	Summoner's Egg
7043	Summoning Station
7044	Suncrusher
7045	Suntouched Myr
7046	Sylvok Explorer
7047	Synod Centurion
7048	Tangle Asp
7049	Tel-Jilad Justice
7050	Tel-Jilad Lifebreather
7051	Thermal Navigator
7052	Thought Courier
7053	Tornado Elemental
7054	Trinket Mage
7055	Tyrranax
7056	Vanquish
7057	Vedalken Mastermind
7058	Vedalken Orrery
7059	Vedalken Shackles
7060	Vicious Betrayal
7061	Viridian Lorebearers
7062	Viridian Scout
7063	Vulshok Sorcerer
7064	Wayfarer's Bauble
7065	Ryusei, the Falling Star
7066	Akki Avalanchers
7067	Akki Coalflinger
7068	Akki Lavarunner // Tok-Tok, Volcano Born
7069	Akki Rockspeaker
7070	Akki Underminer
7071	Ashen-Skin Zubera
7072	Aura of Dominion
7073	Azami, Lady of Scrolls
7074	Azusa, Lost but Seeking
7075	Battle-Mad Ronin
7076	Ben-Ben, Akki Hermit
7077	Blessed Breath
7078	Blind with Anger
7079	Blood Rites
7080	Blood Speaker
7081	Bloodthirsty Ogre
7082	Boseiju, Who Shelters All
7083	Brothers Yamazaki
7084	Brutal Deceiver
7085	Budoka Gardener // Dokai, Weaver of Life
7086	Burr Grafter
7087	Bushi Tenderfoot // Kenzo the Hardhearted
7088	Cage of Hands
7089	Call to Glory
7090	Callous Deceiver
7091	Candles' Glow
7092	Cleanfall
7093	Cloudcrest Lake
7094	Commune with Nature
7095	Consuming Vortex
7096	Counsel of the Soratami
7097	Cranial Extraction
7098	Cruel Deceiver
7099	Crushing Pain
7100	Cursed Ronin
7101	Cut the Tethers
7102	Dampen Thought
7103	Dance of Shadows
7104	Deathcurse Ogre
7105	Desperate Ritual
7106	Devoted Retainer
7107	Devouring Greed
7108	Devouring Rage
7109	Distress
7110	Dosan the Falling Leaf
7111	Dripping-Tongue Zubera
7112	Earthshaker
7113	Eerie Procession
7114	Eiganjo Castle
7115	Eight-and-a-Half-Tails
7116	Ember-Fist Zubera
7117	Ethereal Haze
7118	Eye of Nowhere
7119	Feast of Worms
7120	Feral Deceiver
7121	Field of Reality
7122	Floating-Dream Zubera
7123	Forbidden Orchard
7124	Frostwielder
7125	Gale Force
7126	General's Kabuto
7127	Ghostly Prison
7128	Gibbering Kami
7129	Gifts Ungiven
7130	Glimpse of Nature
7131	Godo, Bandit Warlord
7132	Graceful Adept
7133	Guardian of Solitude
7134	Gutwrencher Oni
7135	Hair-Strung Koto
7136	Hall of the Bandit Lord
7137	Hana Kami
7138	Hanabi Blast
7139	Hankyu
7140	Harsh Deceiver
7141	He Who Hungers
7142	Heartbeat of Spring
7143	Hearth Kami
7144	Hideous Laughter
7145	Hikari, Twilight Guardian
7146	Hinder
7147	Hisoka's Defiance
7148	Hisoka's Guard
7149	Hisoka, Minamo Sensei
7150	Hold the Line
7151	Honden of Cleansing Fire
7152	Honden of Infinite Rage
7153	Honden of Life's Web
7154	Honden of Night's Reach
7155	Honden of Seeing Winds
7156	Honor-Worn Shaku
7157	Horizon Seed
7158	Horobi, Death's Wail
7159	Humble Budoka
7160	Hundred-Talon Kami
7161	Imi Statue
7162	Iname, Death Aspect
7163	Iname, Life Aspect
7164	Indomitable Will
7165	Initiate of Blood // Goka the Unjust
7166	Innocence Kami
7167	Isamaru, Hound of Konda
7168	Jade Idol
7169	Journeyer's Kite
7170	Joyous Respite
7171	Jugan, the Rising Star
7172	Jukai Messenger
7173	Junkyo Bell
7174	Jushi Apprentice // Tomoya the Revealer
7175	Kabuto Moth
7176	Kami of Ancient Law
7177	Kami of Fire's Roar
7178	Kami of Lunacy
7179	Kami of Old Stone
7180	Kami of Twisted Reflection
7181	Kami of the Hunt
7182	Kami of the Painted Road
7183	Kami of the Palace Fields
7184	Kami of the Waning Moon
7185	Kashi-Tribe Reaver
7186	Kashi-Tribe Warriors
7187	Keiga, the Tide Star
7188	Kiki-Jiki, Mirror Breaker
7189	Kiku, Night's Flower
7190	Kitsune Blademaster
7191	Kitsune Diviner
7192	Kitsune Healer
7193	Kitsune Mystic // Autumn-Tail, Kitsune Sage
7194	Kitsune Riftwalker
7195	Kodama of the North Tree
7196	Kodama of the South Tree
7197	Kodama's Might
7198	Kodama's Reach
7199	Kokusho, the Evening Star
7200	Konda's Banner
7201	Konda's Hatamoto
7202	Konda, Lord of Eiganjo
7203	Kumano's Pupils
7204	Kumano, Master Yamabushi
7205	Kuro, Pitlord
7206	Kusari-Gama
7207	Lantern Kami
7208	Lantern-Lit Graveyard
7209	Lava Spike
7210	Lifted by Clouds
7211	Long-Forgotten Gohei
7212	Mana Seism
7213	Marrow-Gnawer
7214	Masako the Humorless
7215	Matsu-Tribe Decoy
7216	Meloku the Clouded Mirror
7217	Midnight Covenant
7218	Minamo, School at Water's Edge
7219	Mindblaze
7220	Moonring Mirror
7221	Moss Kami
7222	Mothrider Samurai
7223	Myojin of Cleansing Fire
7224	Myojin of Infinite Rage
7225	Myojin of Life's Web
7226	Myojin of Night's Reach
7227	Myojin of Seeing Winds
7228	Mystic Restraints
7229	Nagao, Bound by Honor
7230	Nature's Will
7231	Nezumi Bone-Reader
7232	Nezumi Cutthroat
7233	Nezumi Graverobber // Nighteyes the Desecrator
7234	Nezumi Ronin
7235	Nezumi Shortfang // Stabwhisker the Odious
7236	Night Dealings
7237	Night of Souls' Betrayal
7238	Nine-Ringed Bo
7239	No-Dachi
7240	Numai Outcast
7241	Oathkeeper, Takeno's Daisho
7242	Okina, Temple to the Grandfathers
7243	Oni Possession
7244	Orbweaver Kumo
7245	Order of the Sacred Bell
7246	Ore Gorger
7247	Orochi Eggwatcher // Shidako, Broodmistress
7248	Orochi Hatchery
7249	Orochi Leafcaller
7250	Orochi Ranger
7251	Orochi Sustainer
7252	Otherworldly Journey
7253	Pain Kami
7254	Painwracker Oni
7255	Part the Veil
7256	Peer Through Depths
7257	Petals of Insight
7258	Pinecrest Ridge
7259	Pious Kitsune
7260	Psychic Puppetry
7261	Pull Under
7262	Quiet Purity
7263	Rag Dealer
7264	Ragged Veins
7265	Reach Through Mists
7266	Reciprocate
7267	Reito Lantern
7268	Rend Flesh
7269	Rend Spirit
7270	Reverse the Sands
7271	Reweave
7272	River Kaijin
7273	Ronin Houndmaster
7274	Rootrunner
7275	Sachi, Daughter of Seshiro
7276	Sakura-Tribe Elder
7277	Samurai Enforcers
7278	Samurai of the Pale Curtain
7279	Scuttling Death
7280	Seizan, Perverter of Truth
7281	Sensei Golden-Tail
7282	Sensei's Divining Top
7283	Serpent Skin
7284	Seshiro the Anointed
7285	Shell of the Last Kappa
7286	Shimatsu the Bloodcloaked
7287	Shinka, the Bloodsoaked Keep
7288	Shisato, Whispering Hunter
7289	Shizo, Death's Storehouse
7290	Sideswipe
7291	Sift Through Sands
7292	Silent-Chant Zubera
7293	Sire of the Storm
7294	Soilshaper
7295	Sokenzan Bruiser
7296	Soratami Cloudskater
7297	Soratami Mirror-Guard
7298	Soratami Mirror-Mage
7299	Soratami Rainshaper
7300	Soratami Savant
7301	Soratami Seer
7302	Sosuke, Son of Seshiro
7303	Soul of Magma
7304	Soulblast
7305	Soulless Revival
7306	Squelch
7307	Strange Inversion
7308	Strength of Cedars
7309	Struggle for Sanity
7310	Student of Elements // Tobita, Master of Winds
7311	Swallowing Plague
7312	Swirl the Mists
7313	Takeno, Samurai General
7314	Tatsumasa, the Dragon's Fang
7315	Teller of Tales
7316	Tenza, Godo's Maul
7317	Terashi's Cry
7318	The Unspeakable
7319	Thief of Hope
7320	Thoughtbind
7321	Thousand-legged Kami
7322	Through the Breach
7323	Tide of War
7324	Time Stop
7325	Time of Need
7326	Tranquil Garden
7327	Uba Mask
7328	Uncontrollable Anger
7329	Unearthly Blizzard
7330	Unnatural Speed
7331	Untaidake, the Cloud Keeper
7332	Uyo, Silent Prophet
7333	Vassal's Duty
7334	Venerable Kumo
7335	Vigilance
7336	Villainous Ogre
7337	Vine Kami
7338	Waking Nightmare
7339	Wandering Ones
7340	Waterveil Cavern
7341	Wear Away
7342	Wicked Akuba
7343	Yamabushi's Flame
7344	Yamabushi's Storm
7345	Yosei, the Morning Star
7346	Zo-Zu the Punisher
7347	Ach! Hans, Run!
7348	AWOL
7349	Aesthetic Consultation
7350	Ambiguity
7351	Artful Looter
7352	Ass Whuppin'
7353	Assquatch
7354	Atinlay Igpay
7355	Avatar of Me
7356	B-I-N-G-O
7357	Bad Ass
7358	Blast from the Past
7359	Bloodletter
7360	Bosom Buddy
7361	Brushstroke Paintermage
7362	Bursting Beebles
7363	Cardpecker
7364	Carnivorous Death-Parrot
7365	Cheap Ass
7366	Cheatyface
7367	City of Ass
7368	Collector Protector
7369	Creature Guy
7370	Curse of the Fire Penguin // Curse of the Fire Penguin Creature
7371	Deal Damage
7372	Double Header
7373	Drawn Together
7374	Duh
7375	Dumb Ass
7376	Elvish House Party
7377	Emcee
7378	Enter the Dungeon
7379	Erase (Not the Urza's Legacy One)
7380	Eye to Eye
7381	Face to Face
7382	Farewell to Arms
7383	Fascist Art Director
7384	Fat Ass
7385	First Come, First Served
7386	Flaccify
7387	Form of the Squirrel
7388	Fraction Jackson
7389	Framed!
7390	Frankie Peanuts
7391	Frazzled Editor
7392	Gleemax
7393	Gluetius Maximus
7394	Goblin S.W.A.T. Team
7395	Goblin Secret Agent
7396	Graphic Violence
7397	Greater Morphling
7398	Head to Head
7399	Infernal Spawn of Infernal Spawn of Evil
7400	Johnny, Combo Player
7401	Keeper of the Sacred Word
7402	Kill! Destroy!
7403	Ladies' Knight
7404	Land Aid '04
7405	Laughing Hyena
7406	Letter Bomb
7407	Little Girl
7408	Look at Me, I'm R&D
7409	Loose Lips
7410	Magical Hacker
7411	Man of Measure
7412	Mana Flair
7413	Mana Screw
7414	Meddling Kids
7415	Moniker Mage
7416	Monkey Monkey Monkey
7417	Mons's Goblin Waiters
7418	Mother of Goons
7419	Mouth to Mouth
7420	Mox Lotus
7421	My First Tome
7422	Name Dropping
7423	Necro-Impotence
7424	Now I Know My ABC's
7425	Number Crunch
7426	Old Fogey
7427	Orcish Paratroopers
7428	Our Market Research Shows That Players Like Really Long Card Names So We Made this Card to Have the Absolute Longest Card Name Ever Elemental
7429	Persecute Artist
7430	Phyrexian Librarian
7431	Pointy Finger of Doom
7432	Punctuate
7433	Pygmy Giant
7434	Question Elemental?
7435	R&D's Secret Lair
7436	Rare-B-Gone
7437	Red-Hot Hottie
7438	Remodel
7439	Richard Garfield, Ph.D.
7440	Rocket-Powered Turbo Slug
7441	Rod of Spanking
7442	S.N.O.T.
7443	Sauté
7444	Save Life
7445	Shoe Tree
7446	Side to Side
7447	Six-y Beast
7448	Smart Ass
7449	Spell Counter
7450	Standing Army
7451	Staying Power
7452	Stone-Cold Basilisk
7453	Stop That
7454	Super Secret Tech
7455	Supersize
7456	Symbol Status
7457	Tainted Monkey
7458	The Fallen Apart
7459	Time Machine
7460	Togglodyte
7461	Topsy Turvy
7462	Touch and Go
7463	Toy Boat
7464	Uktabi Kong
7465	Urza's Hot Tub
7466	Vile Bile
7467	Water Gun Balloon Game
7468	Wet Willie of the Damned
7469	When Fluffy Bunnies Attack
7470	Who // What // When // Where // Why
7471	Wordmail
7472	Working Stiff
7473	World-Bottling Kit
7474	Yet Another Aether Vortex
7475	Zombie Fanboy
7476	Zzzyxas's Abyss
7477	_____
7478	Genju of the Spires
7479	Okina Nightwatch
7480	Skyknight Legionnaire
7481	Ink-Eyes, Servant of Oni
7482	Akki Blizzard-Herder
7483	Akki Raider
7484	Ashen Monstrosity
7485	Aura Barbs
7486	Baku Altar
7487	Bile Urchin
7488	Blademane Baku
7489	Blazing Shoal
7490	Blessing of Leeches
7491	Blinding Powder
7492	Body of Jukai
7493	Budoka Pupil // Ichiga, Who Topples Oaks
7494	Call for Blood
7495	Callow Jushi // Jaraku the Interloper
7496	Child of Thorns
7497	Chisei, Heart of Oceans
7498	Clash of Realities
7499	Crack the Earth
7500	Crawling Filth
7501	Cunning Bandit // Azamuki, Treachery Incarnate
7502	Day of Destiny
7503	Disrupting Shoal
7504	Empty-Shrine Kannushi
7505	Enshrined Memories
7506	Faithful Squire // Kaiso, Memory of Loyalty
7507	Final Judgment
7508	First Volley
7509	Flames of the Blood Hand
7510	Floodbringer
7511	Forked-Branch Garami
7512	Frost Ogre
7513	Frostling
7514	Fumiko the Lowblood
7515	Genju of the Cedars
7516	Genju of the Falls
7517	Genju of the Fens
7518	Genju of the Fields
7519	Genju of the Realm
7520	Gnarled Mass
7521	Goblin Cohort
7522	Gods' Eye, Gate to the Reikai
7523	Goryo's Vengeance
7524	Harbinger of Spring
7525	Heart of Light
7526	Heartless Hidetsugu
7527	Heed the Mists
7528	Hero's Demise
7529	Higure, the Still Wind
7530	Hired Muscle // Scarmaker
7531	Hokori, Dust Drinker
7532	Horobi's Whisper
7533	Hundred-Talon Strike
7534	In the Web of War
7535	Indebted Samurai
7536	Ire of Kaminari
7537	Isao, Enlightened Bushi
7538	Ishi-Ishi, Akki Crackshot
7539	Iwamori of the Open Fist
7540	Jetting Glasskite
7541	Kaijin of the Vanishing Touch
7542	Kami of False Hope
7543	Kami of Tattered Shoji
7544	Kami of the Honored Dead
7545	Kentaro, the Smiling Cat
7546	Kira, Great Glass-Spinner
7547	Kitsune Palliator
7548	Kodama of the Center Tree
7549	Kumano's Blessing
7550	Kyoki, Sanity's Eclipse
7551	Lifegift
7552	Lifespinner
7553	Loam Dweller
7554	Mannichi, the Fevered Dream
7555	Mark of Sakiko
7556	Mark of the Oni
7557	Matsu-Tribe Sniper
7558	Mending Hands
7559	Minamo Sightbender
7560	Minamo's Meddling
7561	Mirror Gallery
7562	Mistblade Shinobi
7563	Moonlit Strider
7564	Neko-Te
7565	Nezumi Shadow-Watcher
7566	Ninja of the Deep Hours
7567	Nourishing Shoal
7568	Ogre Marauder
7569	Ogre Recluse
7570	Okiba-Gang Shinobi
7571	Opal-Eye, Konda's Yojimbo
7572	Orb of Dreams
7573	Ornate Kanzashi
7574	Overblaze
7575	Oyobi, Who Split the Heavens
7576	Patron of the Akki
7577	Patron of the Kitsune
7578	Patron of the Moon
7579	Patron of the Nezumi
7580	Patron of the Orochi
7581	Petalmane Baku
7582	Psychic Spear
7583	Pus Kami
7584	Quillmane Baku
7585	Reduce to Dreams
7586	Ribbons of the Reikai
7587	Roar of Jukai
7588	Ronin Cliffrider
7589	Ronin Warclub
7590	Sakiko, Mother of Summer
7591	Sakura-Tribe Springcaller
7592	Scaled Hulk
7593	Scourge of Numai
7594	Shimmering Glasskite
7595	Shining Shoal
7596	Shinka Gatekeeper
7597	Shirei, Shizo's Caretaker
7598	Shizuko, Caller of Autumn
7599	Shuko
7600	Shuriken
7601	Sickening Shoal
7602	Silverstorm Samurai
7603	Skullmane Baku
7604	Skullsnatcher
7605	Slumbering Tora
7606	Soratami Mindsweeper
7607	Sosuke's Summons
7608	Split-Tail Miko
7609	Stir the Grave
7610	Stream of Consciousness
7611	Sway of the Stars
7612	Takeno's Cavalry
7613	Takenuma Bleeder
7614	Tallowisp
7615	Teardrop Kami
7616	Tendo Ice Bridge
7617	Terashi's Grasp
7618	Terashi's Verdict
7619	That Which Was Taken
7620	Threads of Disloyalty
7621	Three Tragedies
7622	Throat Slitter
7623	Toils of Night and Day
7624	Tomorrow, Azami's Familiar
7625	Torrent of Stone
7626	Toshiro Umezawa
7627	Traproot Kami
7628	Twist Allegiance
7629	Umezawa's Jitte
7630	Unchecked Growth
7631	Uproot
7632	Veil of Secrecy
7633	Vital Surge
7634	Walker of Secret Ways
7635	Ward of Piety
7636	Waxmane Baku
7637	Yomiji, Who Bars the Way
7638	Yukora, the Prisoner
7639	Kiyomaro, First to Stand
7640	Ghost-Lit Raider
7641	Adamaro, First to Desire
7642	Aether Shockwave
7643	Akki Drillmaster
7644	Akki Underling
7645	Akuta, Born of Ash
7646	Araba Mothrider
7647	Arashi, the Sky Asunder
7648	Ashes of the Fallen
7649	Ayumi, the Last Visitor
7650	Barrel Down Sokenzan
7651	Blood Clock
7652	Bounteous Kirin
7653	Briarknit Kami
7654	Burning-Eye Zubera
7655	Captive Flame
7656	Celestial Kirin
7657	Charge Across the Araba
7658	Choice of Damnations
7659	Cloudhoof Kirin
7660	Cowed by Wisdom
7661	Curtain of Light
7662	Cut the Earthly Bond
7663	Death Denied
7664	Death of a Thousand Stings
7665	Deathknell Kami
7666	Deathmask Nezumi
7667	Dense Canopy
7668	Descendant of Kiyomaro
7669	Descendant of Masumaro
7670	Descendant of Soramaro
7671	Dosan's Oldest Chant
7672	Dreamcatcher
7673	Ebony Owl Netsuke
7674	Eiganjo Free-Riders
7675	Elder Pine of Jukai
7676	Endless Swarm
7677	Enduring Ideal
7678	Erayo, Soratami Ascendant // Erayo's Essence
7679	Eternal Dominion
7680	Evermind
7681	Exile into Darkness
7682	Feral Lightning
7683	Fiddlehead Kami
7684	Footsteps of the Goryo
7685	Freed from the Real
7686	Gaze of Adamaro
7687	Ghost-Lit Nourisher
7688	Ghost-Lit Redeemer
7689	Ghost-Lit Stalker
7690	Ghost-Lit Warder
7691	Glitterfang
7692	Gnat Miser
7693	Godo's Irregulars
7694	Hail of Arrows
7695	Hand of Cruelty
7696	Hand of Honor
7697	Haru-Onna
7698	Hidetsugu's Second Rite
7699	Homura, Human Ascendant // Homura's Essence
7700	Ideas Unbound
7701	Iizuka the Ruthless
7702	Iname as One
7703	Infernal Kirin
7704	Inner Calm, Outer Strength
7705	Inner Fire
7706	Inner-Chamber Guard
7707	Into the Fray
7708	Ivory Crane Netsuke
7709	Jiwari, the Earth Aflame
7710	Kagemaro's Clutch
7711	Kagemaro, First to Suffer
7712	Kaho, Minamo Historian
7713	Kami of Empty Graves
7714	Kami of the Crescent Moon
7715	Kami of the Tended Garden
7716	Kashi-Tribe Elite
7717	Kataki, War's Wage
7718	Kemuri-Onna
7719	Kiku's Shadow
7720	Kiri-Onna
7721	Kitsune Bonesetter
7722	Kitsune Dawnblade
7723	Kitsune Loreweaver
7724	Kuon, Ogre Ascendant // Kuon's Essence
7725	Kuro's Taken
7726	Locust Miser
7727	Maga, Traitor to Mortals
7728	Manriki-Gusari
7729	Masumaro, First to Live
7730	Matsu-Tribe Birdstalker
7731	Measure of Wickedness
7732	Meishin, the Mind Cage
7733	Michiko Konda, Truth Seeker
7734	Mikokoro, Center of the Sea
7735	Minamo Scrollkeeper
7736	Miren, the Moaning Well
7737	Molting Skin
7738	Moonbow Illusionist
7739	Moonwing Moth
7740	Murmurs from Beyond
7741	Neverending Torment
7742	Nightsoil Kami
7743	Nikko-Onna
7744	O-Naginata
7745	Oboro Breezecaller
7746	Oboro Envoy
7747	Oboro, Palace in the Clouds
7748	One with Nothing
7749	Oni of Wild Places
7750	Oppressive Will
7751	Overwhelming Intellect
7752	Pain's Reward
7753	Path of Anger's Flame
7754	Pithing Needle
7755	Plow Through Reito
7756	Presence of the Wise
7757	Promise of Bunrei
7758	Promised Kannushi
7759	Pure Intentions
7760	Rally the Horde
7761	Raving Oni-Slave
7762	Razorjaw Oni
7763	Reki, the History of Kamigawa
7764	Rending Vines
7765	Reverence
7766	Ronin Cavekeeper
7767	Rune-Tail, Kitsune Ascendant // Rune-Tail's Essence
7768	Rushing-Tide Zubera
7769	Sakashima the Impostor
7770	Sakura-Tribe Scout
7771	Sasaya, Orochi Ascendant // Sasaya's Essence
7772	Scroll of Origins
7773	Secretkeeper
7774	Seed the Land
7775	Seek the Horizon
7776	Sekki, Seasons' Guide
7777	Shape Stealer
7778	Shifting Borders
7779	Shinen of Fear's Chill
7780	Shinen of Flight's Wings
7781	Shinen of Fury's Fire
7782	Shinen of Life's Roar
7783	Shinen of Stars' Light
7784	Sink into Takenuma
7785	Skull Collector
7786	Skyfire Kirin
7787	Sokenzan Renegade
7788	Sokenzan Spellblade
7789	Soramaro, First to Dream
7790	Soratami Cloud Chariot
7791	Spiraling Embers
7792	Spiritual Visit
7793	Stampeding Serow
7794	Sunder from Within
7795	Thoughts of Ruin
7796	Tomb of Urami
7797	Torii Watchward
7798	Trusted Advisor
7799	Twincast
7800	Undying Flames
7801	Wine of Blood and Iron
7802	Yuki-Onna
7803	Arctic Nishoba
7804	Auratouched Mage
7805	Balduvian Rage
7806	Belltower Sphinx
7807	Bramble Elemental
7808	Burning-Tree Bloodscale
7809	Carrion Howler
7810	Clutch of the Undercity
7811	Detainment Spell
7812	Dimir Guildmage
7813	Dimir Infiltrator
7814	Fertile Imagination
7815	Flight of Fancy
7816	Freewind Equenaut
7817	Frenzied Goblin
7818	Ghor-Clan Savage
7819	Goblin Fire Fiend
7820	Golgari Guildmage
7821	Grifter's Blade
7822	Gruul Nodorog
7823	Gruul Scrapper
7824	Guardian's Magemark
7825	Helldozer
7826	Herd Gnarr
7827	Indrik Stomphowler
7828	Infiltrator's Magemark
7829	Jedit Ojanen of Efrava
7830	Jedit's Dragoons
7831	Juniper Order Ranger
7832	Karplusan Wolverine
7833	Keening Banshee
7834	Leyline of the Meek
7835	Lovisa Coldeyes
7836	Martyr of Frost
7837	Nacatl War-Pride
7838	Necromantic Thirst
7839	Nightguard Patrol
7840	Nullmage Shepherd
7841	Overwhelm
7842	Plagued Rusalka
7843	Plumes of Peace
7844	Primal Forcemage
7845	Saltblast
7846	Sandsower
7847	Sanguine Praetor
7848	Savage Thallid
7849	Scab-Clan Mauler
7850	Scatter the Seeds
7851	Seed Spark
7852	Seht's Tiger
7853	Selesnya Evangel
7854	Selesnya Guildmage
7855	Selesnya Sanctuary
7856	Selesnya Signet
7857	Sinstriker's Will
7858	Skarrg, the Rage Pits
7859	Skyrider Trainee
7860	Soulsworn Jury
7861	Sporesower Thallid
7862	Sprout
7863	Stalking Vengeance
7864	Strength in Numbers
7865	Supply // Demand
7866	Terramorphic Expanse
7867	Terrarion
7868	Thallid Germinator
7869	Thallid Shell-Dweller
7870	Thelonite Hermit
7871	Three Dreams
7872	Tolsimir Wolfblood
7873	Twilight Drover
7874	Undying Rage
7875	Ursapine
7876	Vacuumelt
7877	Vedalken Dismisser
7878	Vedalken Entrancer
7879	Vesper Ghoul
7880	Whitemane Lion
7881	Wojek Apothecary
7882	Gleancrawler
7883	Agrus Kos, Wojek Veteran
7884	Autochthon Wurm
7885	Barbarian Riftcutter
7886	Bathe in Light
7887	Benevolent Ancestor
7888	Blazing Archon
7889	Blockbuster
7890	Blood Funnel
7891	Bloodbond March
7892	Bloodletter Quill
7893	Boros Fury-Shield
7894	Boros Garrison
7895	Boros Guildmage
7896	Boros Recruit
7897	Boros Signet
7898	Boros Swiftblade
7899	Bottled Cloister
7900	Brainspoil
7901	Breath of Fury
7902	Brightflame
7903	Caregiver
7904	Carven Caryatid
7905	Centaur Safeguard
7906	Cerulean Sphinx
7907	Chant of Vitu-Ghazi
7908	Char
7909	Chord of Calling
7910	Chorus of the Conclave
7911	Circu, Dimir Lobotomist
7912	Civic Wayfinder
7913	Cleansing Beam
7914	Clinging Darkness
7915	Cloudstone Curio
7916	Coalhauler Swine
7917	Compulsive Research
7918	Concerted Effort
7919	Conclave Equenaut
7920	Conclave Phalanx
7921	Conclave's Blessing
7922	Congregation at Dawn
7923	Consult the Necrosages
7924	Convolute
7925	Copy Enchantment
7926	Courier Hawk
7927	Crown of Convergence
7928	Cyclopean Snare
7929	Dark Confidant
7930	Darkblast
7931	Devouring Light
7932	Dimir Aqueduct
7933	Dimir Cutpurse
7934	Dimir Doppelganger
7935	Dimir House Guard
7936	Dimir Machinations
7937	Dimir Signet
7938	Disembowel
7939	Divebomber Griffin
7940	Dizzy Spell
7941	Dogpile
7942	Doubling Season
7943	Dowsing Shaman
7944	Drake Familiar
7945	Dream Leash
7946	Drift of Phantasms
7947	Dromad Purebred
7948	Drooling Groodion
7949	Dryad's Caress
7950	Duskmantle, House of Shadow
7951	Elvish Skysweeper
7952	Empty the Catacombs
7953	Ethereal Usher
7954	Excruciator
7955	Eye of the Storm
7956	Faith's Fetters
7957	Farseek
7958	Festival of the Guildpact
7959	Fiery Conclusion
7960	Firemane Angel
7961	Fists of Ironwood
7962	Flame Fusillade
7963	Flame-Kin Zealot
7964	Flash Conscription
7965	Flickerform
7966	Flow of Ideas
7967	Followed Footsteps
7968	Galvanic Arc
7969	Gate Hound
7970	Gather Courage
7971	Gaze of the Gorgon
7972	Ghosts of the Innocent
7973	Glare of Subdual
7974	Glass Golem
7975	Glimpse the Unthinkable
7976	Golgari Brownscale
7977	Golgari Germination
7978	Golgari Grave-Troll
7979	Golgari Rot Farm
7980	Golgari Rotwurm
7981	Golgari Signet
7982	Golgari Thug
7983	Goliath Spider
7984	Grave-Shell Scarab
7985	Grayscaled Gharial
7986	Greater Forgeling
7987	Greater Mossdog
7988	Grozoth
7989	Guardian of Vitu-Ghazi
7990	Halcyon Glaze
7991	Hammerfist Giant
7992	Hex
7993	Hour of Reckoning
7994	Hunted Dragon
7995	Hunted Horror
7996	Hunted Lammasu
7997	Hunted Phantasm
7998	Hunted Troll
7999	Incite Hysteria
8000	Indentured Oaf
8001	Induce Paranoia
8002	Infectious Host
8003	Instill Furor
8004	Ivy Dancer
8005	Junktroller
8006	Last Gasp
8007	Leashling
8008	Leave No Trace
8009	Life from the Loam
8010	Light of Sanction
8011	Lightning Helix
8012	Lore Broker
8013	Loxodon Gatekeeper
8014	Loxodon Hierarch
8015	Lurking Informant
8016	Mark of Eviction
8017	Master Warcraft
8018	Mausoleum Turnkey
8019	Mindleech Mass
8020	Mindmoil
8021	Mnemonic Nexus
8022	Moldervine Cloak
8023	Molten Sentry
8024	Moonlight Bargain
8025	Moroii
8026	Mortipede
8027	Muddle the Mixture
8028	Necroplasm
8029	Netherborn Phalanx
8030	Nightmare Void
8031	Nullstone Gargoyle
8032	Oathsworn Giant
8033	Ordruun Commando
8034	Overgrown Tomb
8035	Pariah's Shield
8036	Peel from Reality
8037	Peregrine Mask
8038	Perilous Forays
8039	Perplex
8040	Phytohydra
8041	Plague Boiler
8042	Pollenbright Wings
8043	Primordial Sage
8044	Privileged Position
8045	Psychic Drain
8046	Putrefy
8047	Quickchange
8048	Rain of Embers
8049	Rally the Righteous
8050	Razia's Purification
8051	Razia, Boros Archangel
8052	Recollect
8053	Remand
8054	Reroute
8055	Ribbons of Night
8056	Rolling Spoil
8057	Roofstalker Wight
8058	Root-Kin Ally
8059	Sabertooth Alley Cat
8060	Sacred Foundry
8061	Sadistic Augermage
8062	Savra, Queen of the Golgari
8063	Scion of the Wild
8064	Screeching Griffin
8065	Searing Meditation
8066	Seeds of Strength
8067	Seismic Spike
8068	Selesnya Sagittars
8069	Sell-Sword Brute
8070	Sewerdreg
8071	Shadow of Doubt
8072	Shambling Shell
8073	Shred Memory
8074	Siege Wurm
8075	Sins of the Past
8076	Sisters of Stone Death
8077	Sparkmage Apprentice
8078	Spawnbroker
8079	Spectral Searchlight
8080	Stasis Cell
8081	Stinkweed Imp
8082	Stone-Seeder Hierophant
8083	Stoneshaker Shaman
8084	Strands of Undeath
8085	Sundering Vitae
8086	Sunforger
8087	Sunhome Enforcer
8088	Sunhome, Fortress of the Legion
8089	Suppression Field
8090	Surge of Zeal
8091	Surveilling Sprite
8092	Svogthos, the Restless Tomb
8093	Szadek, Lord of Secrets
8094	Tattered Drake
8095	Telling Time
8096	Temple Garden
8097	Terraformer
8098	Thoughtpicker Witch
8099	Thundersong Trumpeter
8100	Tidewater Minion
8101	Torpid Moloch
8102	Transluminant
8103	Trophy Hunter
8104	Tunnel Vision
8105	Twisted Justice
8106	Undercity Shade
8107	Veteran Armorer
8108	Viashino Fangtail
8109	Viashino Slasher
8110	Vigor Mortis
8111	Vindictive Mob
8112	Vinelasher Kudzu
8113	Vitu-Ghazi, the City-Tree
8114	Votary of the Conclave
8115	Voyager Staff
8116	Vulturous Zombie
8117	War-Torch Goblin
8118	Warp World
8119	Watchwolf
8120	Watery Grave
8121	Wizened Snitches
8122	Woebringer Demon
8123	Wojek Embermage
8124	Wojek Siren
8125	Woodwraith Corrupter
8126	Woodwraith Strangler
8127	Zephyr Spirit
8128	Castigate
8129	Coiling Oracle
8130	Surging Flame
8131	Wee Dragonauts
8132	Djinn Illuminatus
8133	Absolver Thrull
8134	Abyssal Nocturnus
8135	Aetherplasm
8136	Agent of Masks
8137	Angel of Despair
8138	Battering Wurm
8139	Beastmaster's Magemark
8140	Belfry Spirit
8141	Benediction of Moons
8142	Bioplasm
8143	Blind Hunter
8144	Bloodscale Prowler
8145	Borborygmos
8146	Burning-Tree Shaman
8147	Caustic Rain
8148	Cerebral Vortex
8149	Conjurer's Ban
8150	Crash Landing
8151	Cry of Contrition
8152	Cryptwailing
8153	Crystal Seer
8154	Culling Sun
8155	Daggerclaw Imp
8156	Debtors' Knell
8157	Douse in Gloom
8158	Droning Bureaucrats
8159	Drowned Rusalka
8160	Dryad Sophisticate
8161	Dune-Brood Nephilim
8162	Earth Surge
8163	Electrolyze
8164	Exhumer Thrull
8165	Fencer's Magemark
8166	Feral Animist
8167	Frazzle
8168	Gatherer of Graces
8169	Gelectrode
8170	Ghor-Clan Bloodscale
8171	Ghost Council of Orzhova
8172	Ghost Warden
8173	Ghostway
8174	Giant Solifuge
8175	Gigadrowse
8176	Glint-Eye Nephilim
8177	Goblin Flectomancer
8178	Godless Shrine
8179	Graven Dominator
8180	Gristleback
8181	Gruul Guildmage
8182	Gruul Signet
8183	Gruul Turf
8184	Gruul War Plow
8185	Harrier Griffin
8186	Hatching Plans
8187	Hissing Miasma
8188	Hypervolt Grasp
8189	Ink-Treader Nephilim
8190	Invoke the Firemind
8191	Izzet Boilerworks
8192	Izzet Chronarch
8193	Izzet Guildmage
8194	Izzet Signet
8195	Killer Instinct
8196	Leap of Flame
8197	Leyline of Lifeforce
8198	Leyline of Lightning
8199	Leyline of Singularity
8200	Leyline of the Void
8201	Lionheart Maverick
8202	Living Inferno
8203	Martyred Rusalka
8204	Mimeofacture
8205	Mizzium Transreliquat
8206	Moratorium Stone
8207	Mortify
8208	Mourning Thrull
8209	Necromancer's Magemark
8210	Niv-Mizzet, the Firemind
8211	Nivix, Aerie of the Firemind
8212	Ogre Savant
8213	Order of the Stars
8214	Orzhov Basilica
8215	Orzhov Euthanist
8216	Orzhov Guildmage
8217	Orzhov Pontiff
8218	Orzhov Signet
8219	Orzhova, the Church of Deals
8220	Ostiary Thrull
8221	Parallectric Feedback
8222	Petrahydrox
8223	Petrified Wood-Kin
8224	Pillory of the Sleepless
8225	Poisonbelly Ogre
8226	Predatory Focus
8227	Primeval Light
8228	Pyromatics
8229	Quicken
8230	Rabble-Rouser
8231	Repeal
8232	Restless Bones
8233	Revenant Patriarch
8234	Rumbling Slum
8235	Runeboggle
8236	Schismotivate
8237	Scorched Rusalka
8238	Seize the Soul
8239	Shadow Lance
8240	Shattering Spree
8241	Shrieking Grotesque
8242	Siege of Towers
8243	Silhana Ledgewalker
8244	Silhana Starfletcher
8245	Skarrgan Firebird
8246	Skarrgan Pit-Skulk
8247	Skarrgan Skybreaker
8248	Skeletal Vampire
8249	Sky Swallower
8250	Smogsteed Rider
8251	Souls of the Faultless
8252	Spelltithe Enforcer
8253	Starved Rusalka
8254	Steam Vents
8255	Steamcore Weird
8256	Stitch in Time
8257	Stomping Ground
8258	Storm Herd
8259	Stratozeppelid
8260	Streetbreaker Wurm
8261	Sword of the Paruns
8262	Teysa, Orzhov Scion
8263	Thunderheads
8264	Tibor and Lumia
8265	Tin Street Hooligan
8266	To Arms!
8267	Torch Drake
8268	Train of Thought
8269	Ulasht, the Hate Seed
8270	Vedalken Plotter
8271	Vertigo Spawn
8272	Wild Cantor
8273	Wildsize
8274	Witch-Maw Nephilim
8275	Withstand
8276	Wreak Havoc
8277	Wurmweaver Coil
8278	Yore-Tiller Nephilim
8279	Avatar of Discord
8280	Aethermage's Touch
8281	Anthem of Rakdos
8282	Aquastrand Spider
8283	Assault Zeppelid
8284	Aurora Eidolon
8285	Azorius Aethermage
8286	Azorius Chancery
8287	Azorius First-Wing
8288	Azorius Guildmage
8289	Azorius Herald
8290	Azorius Ploy
8291	Azorius Signet
8292	Beacon Hawk
8293	Biomantic Mastery
8294	Blessing of the Nephilim
8295	Blood Crypt
8296	Bond of Agony
8297	Bound // Determined
8298	Brace for Impact
8299	Brain Pry
8300	Breeding Pool
8301	Bronze Bombshell
8302	Cackling Flames
8303	Carom
8304	Celestial Ancient
8305	Condemn
8306	Court Hussar
8307	Crime // Punishment
8308	Crypt Champion
8309	Cytoplast Manipulator
8310	Cytoplast Root-Kin
8311	Cytoshape
8312	Cytospawn Shambler
8313	Delirium Skeins
8314	Demon's Jester
8315	Demonfire
8316	Dovescape
8317	Dread Slag
8318	Drekavac
8319	Elemental Resonance
8320	Enemy of the Guildpact
8321	Enigma Eidolon
8322	Entropic Eidolon
8323	Evolution Vat
8324	Experiment Kraj
8325	Flame-Kin War Scout
8326	Flaring Flame-Kin
8327	Flash Foliage
8328	Ghost Quarter
8329	Gnat Alley Creeper
8330	Gobhobbler Rats
8331	Govern the Guildless
8332	Grand Arbiter Augustin IV
8333	Guardian of the Guildpact
8334	Haazda Exonerator
8335	Haazda Shield Mate
8336	Hallowed Fountain
8337	Helium Squirter
8338	Hellhole Rats
8339	Hide // Seek
8340	Hit // Run
8341	Ignorant Bliss
8342	Infernal Tutor
8343	Isperia the Inscrutable
8344	Jagged Poppet
8345	Kill-Suit Cultist
8346	Kindle the Carnage
8347	Leafdrake Roost
8348	Loaming Shaman
8349	Lyzolda, the Blood Witch
8350	Macabre Waltz
8351	Magewright's Stone
8352	Might of the Nephilim
8353	Minister of Impediments
8354	Mistral Charger
8355	Momir Vig, Simic Visionary
8356	Muse Vessel
8357	Nettling Curse
8358	Nightcreep
8359	Nihilistic Glee
8360	Novijen Sages
8361	Novijen, Heart of Progress
8362	Ocular Halo
8363	Odds // Ends
8364	Ogre Gatecrasher
8365	Omnibian
8366	Overrule
8367	Pain Magnification
8368	Paladin of Prahv
8369	Palliation Accord
8370	Patagia Viper
8371	Pillar of the Paruns
8372	Plaxcaster Frogling
8373	Plaxmanta
8374	Prahv, Spires of Order
8375	Pride of the Clouds
8376	Proclamation of Rebirth
8377	Proper Burial
8378	Protean Hulk
8379	Psychic Possession
8380	Psychotic Fury
8381	Pure // Simple
8382	Ragamuffyn
8383	Rain of Gore
8384	Rakdos Augermage
8385	Rakdos Carnarium
8386	Rakdos Guildmage
8387	Rakdos Ickspitter
8388	Rakdos Pit Dragon
8389	Rakdos Riteknife
8390	Rakdos Signet
8391	Rakdos the Defiler
8392	Ratcatcher
8393	Research // Development
8394	Riot Spikes
8395	Rise // Fall
8396	Rix Maadi, Dungeon Palace
8397	Sandstorm Eidolon
8398	Shielding Plax
8399	Silkwing Scout
8400	Simic Basilisk
8401	Simic Growth Chamber
8402	Simic Guildmage
8403	Simic Initiate
8404	Simic Ragworm
8405	Simic Signet
8406	Simic Sky Swallower
8407	Skullmead Cauldron
8408	Sky Hussar
8409	Skyscribing
8410	Slaughterhouse Bouncer
8411	Slithering Shade
8412	Spell Snare
8413	Sporeback Troll
8414	Sprouting Phytohydra
8415	Squealing Devil
8416	Steeling Stance
8417	Stoic Ephemera
8418	Stomp and Howl
8419	Stormscale Anarch
8420	Street Savvy
8421	Swift Silence
8422	Taste for Mayhem
8423	Tidespout Tyrant
8424	Transguild Courier
8425	Trial // Error
8426	Trygon Predator
8427	Twinstrike
8428	Unliving Psychopath
8429	Utopia Sprawl
8430	Utvara Scalper
8431	Valor Made Real
8432	Verdant Eidolon
8433	Vigean Graftmage
8434	Vigean Hydropon
8435	Vigean Intuition
8436	Vision Skeins
8437	Voidslime
8438	Wakestone Gargoyle
8439	Walking Archive
8440	War's Toll
8441	Weight of Spires
8442	Whiptail Moloch
8443	Windreaver
8444	Wit's End
8445	Wrecking Ball
8446	Writ of Passage
8447	Allosaurus Rider
8448	Adarkar Valkyrie
8449	Adarkar Windform
8450	Arctic Flats
8451	Arcum Dagsson
8452	Aurochs Herd
8453	Balduvian Fallen
8454	Balduvian Frostwaker
8455	Balduvian Warlord
8456	Blizzard Specter
8457	Boreal Centaur
8458	Boreal Druid
8459	Boreal Griffin
8460	Boreal Shelf
8461	Braid of Fire
8462	Brooding Saurian
8463	Bull Aurochs
8464	Chill to the Bone
8465	Chilling Shade
8466	Coldsteel Heart
8467	Commandeer
8468	Controvert
8469	Counterbalance
8470	Cover of Winter
8471	Cryoclasm
8472	Darien, King of Kjeldor
8473	Dark Depths
8474	Deathmark
8475	Deepfire Elemental
8476	Diamond Faerie
8477	Disciple of Tevesh Szat
8478	Drelnoch
8479	Earthen Goo
8480	Feast of Flesh
8481	Field Marshal
8482	Flashfreeze
8483	Freyalise's Radiance
8484	Frost Marsh
8485	Frost Raptor
8486	Frostweb Spider
8487	Fury of the Horde
8488	Garza Zol, Plague Queen
8489	Garza's Assassin
8490	Gelid Shackles
8491	Glacial Plating
8492	Goblin Furrier
8493	Goblin Rimerunner
8494	Greater Stone Spirit
8495	Grim Harvest
8496	Gristle Grinner
8497	Gutless Ghoul
8498	Haakon, Stromgald Scourge
8499	Heidar, Rimewind Master
8500	Herald of Leshrac
8501	Hibernation's End
8502	Highland Weald
8503	Icefall
8504	Into the North
8505	Jester's Scepter
8506	Jokulmorder
8507	Jötun Grunt
8508	Jötun Owl Keeper
8509	Karplusan Minotaur
8510	Karplusan Strider
8511	Kjeldoran Gargoyle
8512	Kjeldoran Javelineer
8513	Kjeldoran Outrider
8514	Kjeldoran War Cry
8515	Krovikan Mist
8516	Krovikan Rot
8517	Krovikan Scoundrel
8518	Krovikan Whispers
8519	Lightning Serpent
8520	Lightning Storm
8521	Luminesce
8522	Magmatic Core
8523	Martyr of Ashes
8524	Martyr of Bones
8525	Martyr of Sands
8526	Martyr of Spores
8527	Mishra's Bauble
8528	Mouth of Ronom
8529	Mystic Melting
8530	Ohran Viper
8531	Ohran Yeti
8532	Orcish Bloodpainter
8533	Panglacial Wurm
8534	Perilous Research
8535	Phobian Phantasm
8536	Phyrexian Etchings
8537	Phyrexian Ironfoot
8538	Phyrexian Snowcrusher
8539	Phyrexian Soulgorger
8540	Resize
8541	Rime Transfusion
8542	Rimebound Dead
8543	Rimefeather Owl
8544	Rimehorn Aurochs
8545	Rimescale Dragon
8546	Rimewind Cryomancer
8547	Rimewind Taskmage
8548	Rite of Flame
8549	Ronom Hulk
8550	Ronom Serpent
8551	Ronom Unicorn
8552	Rune Snag
8553	Scrying Sheets
8554	Sek'Kuar, Deathkeeper
8555	Shape of the Wiitigo
8556	Sheltering Ancient
8557	Simian Brawler
8558	Skred
8559	Soul Spike
8560	Sound the Call
8561	Squall Drifter
8562	Stalking Yeti
8563	Steam Spitter
8564	Stromgald Crusader
8565	Sun's Bounty
8566	Sunscour
8567	Surging Aether
8568	Surging Dementia
8569	Surging Might
8570	Surging Sentinels
8571	Survivor of the Unseen
8572	Swift Maneuver
8573	Tamanoa
8574	Thermal Flux
8575	Thermopod
8576	Thrumming Stone
8577	Tresserhorn Sinks
8578	Tresserhorn Skyknight
8579	Ursine Fylgja
8580	Vanish into Memory
8581	Vexing Sphinx
8582	Void Maw
8583	Wall of Shards
8584	White Shield Crusader
8585	Wilderness Elemental
8586	Woolly Razorback
8587	Zombie Musher
8588	Zur the Enchanter
8589	Lotus Bloom
8590	Sudden Shock
8591	Academy Ruins
8592	Aether Web
8593	Aetherflame Wall
8594	Amrou Scout
8595	Amrou Seekers
8596	Ancestral Vision
8597	Ancient Grudge
8598	Angel's Grace
8599	Ashcoat Bear
8600	Aspect of Mongoose
8601	Assassinate
8602	Assembly-Worker
8603	Barbed Shocker
8604	Basal Sliver
8605	Basalt Gargoyle
8606	Benalish Cavalry
8607	Bewilder
8608	Blazing Blade Askari
8609	Bogardan Hellkite
8610	Bogardan Rager
8611	Bonesplitter Sliver
8612	Brass Gnat
8613	Brine Elemental
8614	Calciform Pools
8615	Call to the Netherworld
8616	Cancel
8617	Candles of Leng
8618	Careful Consideration
8619	Castle Raptors
8620	Cavalry Master
8621	Celestial Crusader
8622	Chameleon Blur
8623	Children of Korlis
8624	Chromatic Star
8625	Chronatog Totem
8626	Chronosavant
8627	Clockspinning
8628	Clockwork Hydra
8629	Cloudchaser Kestrel
8630	Coal Stoker
8631	Conflagrate
8632	Coral Trickster
8633	Corpulent Corpse
8634	Crookclaw Transmuter
8635	Curse of the Cabal
8636	Cyclopean Giant
8637	D'Avenant Healer
8638	Dark Withering
8639	Deathspore Thallid
8640	Deep-Sea Kraken
8641	Dementia Sliver
8642	Demonic Collusion
8643	Divine Congregation
8644	Draining Whelk
8645	Dralnu, Lich Lord
8646	Dread Return
8647	Dreadship Reef
8648	Dream Stalker
8649	Drifter il-Dal
8650	Drudge Reavers
8651	Durkwood Baloth
8652	Durkwood Tracker
8653	Duskrider Peregrine
8654	Empty the Warrens
8655	Endrek Sahr, Master Breeder
8656	Errant Doomsayers
8657	Errant Ephemeron
8658	Eternity Snare
8659	Evangelize
8660	Evil Eye of Urborg
8661	Faceless Devourer
8662	Fallen Ideal
8663	Fathom Seer
8664	Feebleness
8665	Firemaw Kavu
8666	Firewake Sliver
8667	Flagstones of Trokair
8668	Flamecore Elemental
8669	Fledgling Mawcor
8670	Flickering Spirit
8671	Flowstone Channeler
8672	Fool's Demise
8673	Foriysian Interceptor
8674	Foriysian Totem
8675	Fortify
8676	Fortune Thief
8677	Fungal Reaches
8678	Fungus Sliver
8679	Fury Sliver
8680	Gauntlet of Power
8681	Gaze of Justice
8682	Gemhide Sliver
8683	Gemstone Caverns
8684	Ghitu Firebreathing
8685	Ghostflame Sliver
8686	Glass Asp
8687	Goblin Skycutter
8688	Gorgon Recluse
8689	Grapeshot
8690	Greater Gargadon
8691	Greenseeker
8692	Griffin Guide
8693	Ground Rift
8694	Gustcloak Cavalier
8695	Harmonic Sliver
8696	Haunting Hymn
8697	Havenwood Wurm
8698	Hivestone
8699	Hypergenesis
8700	Ib Halfheart, Goblin Tactician
8701	Icatian Crier
8702	Ignite Memories
8703	Ironclaw Buzzardiers
8704	Ith, High Arcanist
8705	Ivory Giant
8706	Ixidron
8707	Jaya Ballard, Task Mage
8708	Jhoira's Timebug
8709	Kaervek the Merciless
8710	Keldon Halberdier
8711	Kher Keep
8712	Knight of the Holy Nimbus
8713	Krosan Grip
8714	Liege of the Pit
8715	Lightning Axe
8716	Lim-Dûl the Necromancer
8717	Living End
8718	Locket of Yesterdays
8719	Looter il-Kor
8720	Magus of the Candelabra
8721	Magus of the Disk
8722	Magus of the Jar
8723	Magus of the Mirror
8724	Magus of the Scroll
8725	Mana Skimmer
8726	Mangara of Corondor
8727	Might Sliver
8728	Might of Old Krosa
8729	Mindlash Sliver
8730	Mindstab
8731	Mishra, Artificer Prodigy
8732	Mogg War Marshal
8733	Molder
8734	Molten Slagheap
8735	Momentary Blink
8736	Moonlace
8737	Mwonvuli Acid-Moss
8738	Mystical Teachings
8739	Nantuko Shaman
8740	Nether Traitor
8741	Nightshade Assassin
8742	Norin the Wary
8743	Opal Guardian
8744	Opaline Sliver
8745	Ophidian Eye
8746	Orcish Cannonade
8747	Outrider en-Kor
8748	Paradise Plume
8749	Paradox Haze
8750	Pardic Dragon
8751	Pendelhaven Elder
8752	Pentarch Paladin
8753	Pentarch Ward
8754	Penumbra Spider
8755	Phantom Wurm
8756	Phthisis
8757	Phyrexian Totem
8758	Pit Keeper
8759	Plague Sliver
8760	Plated Pegasus
8761	Plunder
8762	Premature Burial
8763	Prismatic Lens
8764	Psionic Sliver
8765	Psychotic Episode
8766	Pull from Eternity
8767	Pulmonic Sliver
8768	Quilled Sliver
8769	Reiterate
8770	Restore Balance
8771	Return to Dust
8772	Rift Bolt
8773	Riftwing Cloudskate
8774	Saffi Eriksdotter
8775	Sage of Epityr
8776	Saltcrusted Steppe
8777	Sangrophage
8778	Sarpadian Empires, Vol. VII
8779	Scarwood Treefolk
8780	Scion of the Ur-Dragon
8781	Screeching Sliver
8782	Scryb Ranger
8783	Search for Tomorrow
8784	Sedge Sliver
8785	Sengir Nosferatu
8786	Serra Avenger
8787	Shadow Sliver
8788	Sidewinder Sliver
8789	Skittering Monstrosity
8790	Skulking Knight
8791	Slipstream Serpent
8792	Smallpox
8793	Snapback
8794	Spectral Force
8795	Spell Burst
8796	Spike Tiller
8797	Spiketail Drakeling
8798	Spinneret Sliver
8799	Spirit Loop
8800	Sprite Noble
8801	Squall Line
8802	Stonebrow, Krosan Hero
8803	Stonewood Invocation
8804	Stormcloud Djinn
8805	Strangling Soot
8806	Stronghold Overseer
8807	Stuffy Doll
8808	Subterranean Shambler
8809	Sudden Death
8810	Sudden Spoiling
8811	Sulfurous Blast
8812	Swarmyard
8813	Tectonic Fiend
8814	Teferi, Mage of Zhalfir
8815	Telekinetic Sliver
8816	Temporal Eddy
8817	Temporal Isolation
8818	Tendrils of Corruption
8819	Thelon of Havenwood
8820	Thick-Skinned Goblin
8821	Think Twice
8822	Thrill of the Hunt
8823	Thunder Totem
8824	Tivadar of Thorn
8825	Tolarian Sentinel
8826	Traitor's Clutch
8827	Trespasser il-Vec
8828	Trickbind
8829	Triskelavus
8830	Tromp the Domains
8831	Truth or Tale
8832	Two-Headed Sliver
8833	Unyaro Bees
8834	Urborg Syphon-Mage
8835	Urza's Factory
8836	Vampiric Sliver
8837	Venser's Sliver
8838	Verdant Embrace
8839	Vesuva
8840	Vesuvan Shapeshifter
8841	Viashino Bladescout
8842	Viscerid Deepwalker
8843	Viscid Lemures
8844	Voidmage Husher
8845	Volcanic Awakening
8846	Walk the Aeons
8847	Watcher Sliver
8848	Weathered Bodyguards
8849	Weatherseed Totem
8850	Wheel of Fate
8851	Wipe Away
8852	Word of Seizing
8853	Wormwood Dryad
8854	Wurmcalling
8855	Yavimaya Dryad
8856	Zealot il-Vec
8857	Fruitcake Elemental
8858	Oros, the Avenger
8859	Aeon Chronicler
8860	Aether Membrane
8861	Akroma, Angel of Fury
8862	Ana Battlemage
8863	Aquamorph Entity
8864	Auramancer's Guise
8865	Aven Riftwatcher
8866	Battering Sliver
8867	Benalish Commander
8868	Big Game Hunter
8869	Blightspeaker
8870	Blood Knight
8871	Body Double
8872	Bog Serpent
8873	Boom // Bust
8874	Braids, Conjurer Adept
8875	Brain Gorgers
8876	Brute Force
8877	Calciderm
8878	Cautery Sliver
8879	Chronozoa
8880	Circle of Affliction
8881	Citanul Woodreaders
8882	Cradle to Grave
8883	Crovax, Ascendant Hero
8884	Damnation
8885	Darkheart Sliver
8886	Dash Hopes
8887	Dawn Charm
8888	Dead // Gone
8889	Deadly Grub
8890	Deadwood Treefolk
8891	Detritivore
8892	Dichotomancy
8893	Dismal Failure
8894	Dormant Sliver
8895	Dreamscape Artist
8896	Dunerider Outlaw
8897	Dust Corona
8898	Dust Elemental
8899	Enslave
8900	Erratic Mutation
8901	Essence Warden
8902	Evolution Charm
8903	Extirpate
8904	Fa'adiyah Seer
8905	Fatal Frenzy
8906	Firefright Mage
8907	Frenetic Sliver
8908	Frozen Aether
8909	Fungal Behemoth
8910	Fury Charm
8911	Gaea's Anthem
8912	Ghost Tactician
8913	Giant Dustwasp
8914	Gossamer Phantasm
8915	Groundbreaker
8916	Hammerheim Deadeye
8917	Harmonize
8918	Healing Leaves
8919	Hedge Troll
8920	Heroes Remembered
8921	Hunting Wilds
8922	Imp's Mischief
8923	Intet, the Dreamer
8924	Jodah's Avenger
8925	Kavu Predator
8926	Keen Sense
8927	Keldon Marauders
8928	Kor Dirge
8929	Lavacore Elemental
8930	Life and Limb
8931	Magus of the Arena
8932	Magus of the Bazaar
8933	Magus of the Coffers
8934	Magus of the Library
8935	Magus of the Tabernacle
8936	Malach of the Dawn
8937	Mana Tithe
8938	Mantle of Leadership
8939	Melancholy
8940	Merfolk Thaumaturgist
8941	Mesa Enchantress
8942	Midnight Charm
8943	Mire Boa
8944	Mirri the Cursed
8945	Molten Firebird
8946	Muck Drubb
8947	Mycologist
8948	Necrotic Sliver
8949	Needlepeak Spider
8950	Null Profusion
8951	Numot, the Devastator
8952	Ovinize
8953	Pallid Mycoderm
8954	Phantasmagorian
8955	Piracy Charm
8956	Pongify
8957	Porphyry Nodes
8958	Poultice Sliver
8959	Pouncing Wurm
8960	Primal Plasma
8961	Prodigal Pyromancer
8962	Psychotrope Thallid
8963	Pyrohemia
8964	Radha, Heir to Keld
8965	Rathi Trapper
8966	Reality Acid
8967	Rebuff the Wicked
8968	Reckless Wurm
8969	Reflex Sliver
8970	Retether
8971	Revered Dead
8972	Ridged Kusite
8973	Riftmarked Knight
8974	Riptide Pilferer
8975	Roiling Horror
8976	Rough // Tumble
8977	Saltfield Recluse
8978	Seal of Primordium
8979	Serendib Sorcerer
8980	Serra Sphinx
8981	Serra's Boon
8982	Shade of Trokair
8983	Shaper Parasite
8984	Shivan Meteor
8985	Shivan Wumpus
8986	Shrouded Lore
8987	Simian Spirit Guide
8988	Sinew Sliver
8989	Skirk Shaman
8990	Sophic Centaur
8991	Spellshift
8992	Spitting Sliver
8993	Stingscourger
8994	Stonecloaker
8995	Stormfront Riders
8996	Sulfur Elemental
8997	Sunlance
8998	Synchronous Sliver
8999	Temporal Extortion
9000	Teneb, the Harvester
9001	Tidewalker
9002	Timbermare
9003	Timebender
9004	Timecrafting
9005	Torchling
9006	Treacherous Urge
9007	Uktabi Drake
9008	Urborg, Tomb of Yawgmoth
9009	Utopia Vow
9010	Vampiric Link
9011	Veiling Oddity
9012	Venarian Glimmer
9013	Vitaspore Thallid
9014	Voidstone Gargoyle
9015	Volcano Hellion
9016	Vorosh, the Hunter
9017	Waning Wurm
9018	Wild Pair
9019	Wistful Thinking
9020	Korlash, Heir to Blackblade
9021	Akroma's Memorial
9022	Angel of Salvation
9023	Arc Blade
9024	Arcanum Wings
9025	Augur il-Vec
9026	Augur of Skulls
9027	Aven Augur
9028	Aven Mindcensor
9029	Barren Glory
9030	Baru, Fist of Krosa
9031	Bitter Ordeal
9032	Blade of the Sixth Pride
9033	Blind Phantasm
9034	Bloodshot Trainee
9035	Bogardan Lancer
9036	Boldwyr Intimidator
9037	Bonded Fetch
9038	Bound in Silence
9039	Bridge from Below
9040	Centaur Omenreader
9041	Char-Rumbler
9042	Chronomantic Escape
9043	Cloud Key
9044	Cloudseeder
9045	Coalition Relic
9046	Cryptic Annelid
9047	Cutthroat il-Dal
9048	Cyclical Evolution
9049	Dakmor Salvage
9050	Darksteel Garrison
9051	Daybreak Coronet
9052	Death Rattle
9053	Deepcavern Imp
9054	Delay
9055	Dryad Arbor
9056	Dust of Moments
9057	Edge of Autumn
9058	Emberwilde Augur
9059	Emblem of the Warmind
9060	Epochrasite
9061	Even the Odds
9062	Fatal Attraction
9063	Festering March
9064	Fleshwrither
9065	Flowstone Embrace
9066	Fomori Nomad
9067	Force of Savagery
9068	Foresee
9069	Frenzy Sliver
9070	Gathan Raiders
9071	Ghostfire
9072	Gibbering Descent
9073	Gift of Granite
9074	Glittering Wish
9075	Goldmeadow Lookout
9076	Grave Peril
9077	Grave Scrabbler
9078	Graven Cairns
9079	Grinning Ignus
9080	Grove of the Burnwillows
9081	Haze of Rage
9082	Heartwood Storyteller
9083	Henchfiend of Ukor
9084	Homing Sliver
9085	Horizon Canopy
9086	Ichor Slick
9087	Imperial Mask
9088	Imperiosaur
9089	Infiltrator il-Kor
9090	Intervention Pact
9091	Jhoira of the Ghitu
9092	Judge Unworthy
9093	Kavu Primarch
9094	Keldon Megaliths
9095	Knight of Sursi
9096	Leaden Fists
9097	Linessa, Zephyr Mage
9098	Llanowar Augur
9099	Llanowar Empath
9100	Llanowar Mentor
9101	Llanowar Reborn
9102	Logic Knot
9103	Lost Auramancers
9104	Lost Hours
9105	Lucent Liminid
9106	Lumithread Field
9107	Lymph Sliver
9108	Maelstrom Djinn
9109	Magus of the Abyss
9110	Magus of the Future
9111	Magus of the Moat
9112	Magus of the Moon
9113	Magus of the Vineyard
9114	Marshaling Cry
9115	Mass of Ghouls
9116	Mesmeric Sliver
9117	Minions' Murmurs
9118	Mistmeadow Skulk
9119	Molten Disaster
9120	Muraganda Petroglyphs
9121	Mystic Speculation
9122	Narcomoeba
9123	Nessian Courser
9124	New Benalia
9125	Nihilith
9126	Nimbus Maze
9127	Nix
9128	Oblivion Crown
9129	Oriss, Samite Guardian
9130	Pact of Negation
9131	Pact of the Titan
9132	Patrician's Scorn
9133	Petrified Plating
9134	Phosphorescent Feast
9135	Pooling Venom
9136	Putrid Cyclops
9137	Pyromancer's Swath
9138	Quagnoth
9139	Quiet Disrepair
9140	Ramosian Revivalist
9141	Ravaging Riftwurm
9142	Reality Strobe
9143	Riddle of Lightning
9144	Rift Elemental
9145	Riftsweeper
9146	Rites of Flourishing
9147	River of Tears
9148	Saltskitter
9149	Samite Censer-Bearer
9150	Sarcomite Myr
9151	Scourge of Kher Ridges
9152	Scout's Warning
9153	Second Wind
9154	Shah of Naar Isle
9155	Shapeshifter's Marrow
9156	Shimian Specter
9157	Shivan Sand-Mage
9158	Skirk Ridge Exhumer
9159	Skizzik Surger
9160	Slaughter Pact
9161	Sliver Legion
9162	Sliversmith
9163	Snake Cult Initiation
9164	Soultether Golem
9165	Sparkspitter
9166	Spellweaver Volute
9167	Spellwild Ouphe
9168	Spin into Myth
9169	Spirit en-Dal
9170	Sporoloth Ancient
9171	Sprout Swarm
9172	Steamflogger Boss
9173	Storm Entity
9174	Street Wraith
9175	Stronghold Rats
9176	Summoner's Pact
9177	Sword of the Meek
9178	Take Possession
9179	Tarmogoyf
9180	Tarox Bladewing
9181	Thornweald Archer
9182	Thunderblade Charge
9183	Tolaria West
9184	Tombstalker
9185	Unblinking Bleb
9186	Utopia Mycon
9187	Vedalken Aethermage
9188	Veilstone Amulet
9189	Venser's Diffusion
9190	Venser, Shaper Savant
9191	Virulent Sliver
9192	Whetwheel
9193	Whip-Spine Drake
9194	Witch's Mist
9195	Wrap in Vigor
9196	Yixlid Jailer
9197	Zoetic Cavern
9198	Wren's Run Packmaster
9199	Adder-Staff Boggart
9200	Aethersnipe
9201	Ajani Goldmane
9202	Amoeboid Changeling
9203	Ancient Amphitheater
9204	Aquitect's Will
9205	Arbiter of Knollridge
9206	Ashling the Pilgrim
9207	Ashling's Prerogative
9208	Auntie's Hovel
9209	Austere Command
9210	Avian Changeling
9211	Axegrinder Giant
9212	Battle Mastery
9213	Battlewand Oak
9214	Benthicore
9215	Black Poplar Shaman
9216	Blades of Velis Vel
9217	Blind-Spot Giant
9218	Bog Hoodlums
9219	Bog-Strider Ash
9220	Boggart Birth Rite
9221	Boggart Forager
9222	Boggart Harbinger
9223	Boggart Loggers
9224	Boggart Mob
9225	Boggart Shenanigans
9226	Boggart Sprite-Chaser
9227	Briarhorn
9228	Brigid, Hero of Kinsbaile
9229	Brion Stoutarm
9230	Broken Ambitions
9231	Burrenton Forge-Tender
9232	Cairn Wanderer
9233	Captivating Glance
9234	Caterwauling Boggart
9235	Ceaseless Searblades
9236	Cenn's Heir
9237	Chandra Nalaar
9238	Changeling Berserker
9239	Changeling Hero
9240	Changeling Titan
9241	Cloudcrown Oak
9242	Cloudgoat Ranger
9243	Cloudthresher
9244	Colfenor's Plans
9245	Colfenor's Urn
9246	Consuming Bonfire
9247	Crib Swap
9248	Crush Underfoot
9249	Cryptic Command
9250	Dauntless Dourbark
9251	Dawnfluke
9252	Deathrender
9253	Deeptread Merrow
9254	Dolmen Gate
9255	Doran, the Siege Tower
9256	Dread
9257	Dreamspoiler Witches
9258	Drowner of Secrets
9259	Ego Erasure
9260	Elvish Branchbender
9261	Elvish Eulogist
9262	Elvish Handservant
9263	Elvish Harbinger
9264	Elvish Promenade
9265	Entangling Trap
9266	Epic Proportions
9267	Ethereal Whiskergill
9268	Exiled Boggart
9269	Eyeblight's Ending
9270	Eyes of the Wisent
9271	Facevaulter
9272	Faerie Harbinger
9273	Faerie Tauntings
9274	Faerie Trickery
9275	Fallowsage
9276	Familiar's Ruse
9277	Fathom Trawl
9278	Faultgrinder
9279	Favor of the Mighty
9280	Final Revels
9281	Fire-Belly Changeling
9282	Fistful of Force
9283	Flamekin Bladewhirl
9284	Flamekin Brawler
9285	Flamekin Harbinger
9286	Flamekin Spitfire
9287	Fodder Launch
9288	Footbottom Feast
9289	Forced Fruition
9290	Gaddock Teeg
9291	Galepowder Mage
9292	Garruk Wildspeaker
9293	Ghostly Changeling
9294	Giant Harbinger
9295	Giant's Ire
9296	Gilt-Leaf Ambush
9297	Gilt-Leaf Palace
9298	Gilt-Leaf Seer
9299	Glarewielder
9300	Glen Elendra Pranksters
9301	Glimmerdust Nap
9302	Goatnapper
9303	Goldmeadow Dodger
9304	Goldmeadow Harrier
9305	Goldmeadow Stalwart
9306	Guardian of Cloverdell
9307	Guile
9308	Hamletback Goliath
9309	Harpoon Sniper
9310	Heal the Scars
9311	Hearthcage Giant
9312	Heat Shimmer
9313	Herbal Poultice
9314	Hillcomber Giant
9315	Hoarder's Greed
9316	Hoofprints of the Stag
9317	Horde of Notions
9318	Hornet Harasser
9319	Hostility
9320	Howltooth Hollow
9321	Hunt Down
9322	Hunter of Eyeblights
9323	Hurly-Burly
9324	Immaculate Magistrate
9325	Imperious Perfect
9326	Incandescent Soulstoke
9327	Incendiary Command
9328	Incremental Growth
9329	Ingot Chewer
9330	Inkfathom Divers
9331	Inner-Flame Acolyte
9332	Inner-Flame Igniter
9333	Jace Beleren
9334	Jagged-Scar Archers
9335	Judge of Currents
9336	Kinsbaile Balloonist
9337	Kinsbaile Skirmisher
9338	Kithkin Daggerdare
9339	Kithkin Greatheart
9340	Kithkin Harbinger
9341	Kithkin Healer
9342	Kithkin Mourncaller
9343	Knight of Meadowgrain
9344	Knucklebone Witch
9345	Lace with Moonglove
9346	Lairwatch Giant
9347	Lammastide Weave
9348	Lash Out
9349	Leaf Gilder
9350	Lignify
9351	Liliana Vess
9352	Lowland Oaf
9353	Lys Alana Huntmaster
9354	Lys Alana Scarblade
9355	Mad Auntie
9356	Makeshift Mannequin
9357	Marsh Flitter
9358	Masked Admirers
9359	Merrow Commerce
9360	Merrow Harbinger
9361	Merrow Reejerey
9362	Militia's Pride
9363	Mirror Entity
9364	Mistbind Clique
9365	Moonglove Extract
9366	Moonglove Winnower
9367	Mosswort Bridge
9368	Mournwhelk
9369	Mudbutton Torchrunner
9370	Mulldrifter
9371	Nameless Inversion
9372	Nath of the Gilt-Leaf
9373	Nath's Buffoon
9374	Nath's Elite
9375	Neck Snap
9376	Nectar Faerie
9377	Needle Drop
9378	Nettlevine Blight
9379	Nightshade Stinger
9380	Nova Chaser
9381	Oaken Brawler
9382	Oakgnarl Warrior
9383	Oblivion Ring
9384	Oona's Prowler
9385	Paperfin Rascal
9386	Peppersmoke
9387	Pestermite
9388	Plover Knights
9389	Pollen Lullaby
9390	Ponder
9391	Primal Command
9392	Profane Command
9393	Protective Bubble
9394	Prowess of the Fair
9395	Purity
9396	Quill-Slinger Boggart
9397	Rebellion of the Flamekin
9398	Rings of Brighthearth
9399	Ringskipper
9400	Rootgrapple
9401	Runed Stalactite
9402	Scarred Vinebreeder
9403	Scattering Stroke
9404	Scion of Oona
9405	Secluded Glen
9406	Seedguide Ash
9407	Sentinels of Glen Elendra
9408	Sentry Oak
9409	Shapesharer
9410	Shelldock Isle
9411	Shields of Velis Vel
9412	Shimmering Grotto
9413	Shriekmaw
9414	Silvergill Adept
9415	Silvergill Douser
9416	Skeletal Changeling
9417	Smokebraider
9418	Soaring Hope
9419	Soulbright Flamekin
9420	Sower of Temptation
9421	Spellstutter Sprite
9422	Spiderwig Boggart
9423	Spinerock Knoll
9424	Spring Cleaning
9425	Springjack Knight
9426	Springleaf Drum
9427	Squeaking Pie Sneak
9428	Stinkdrinker Daredevil
9429	Stonybrook Angler
9430	Streambed Aquitects
9431	Summon the School
9432	Sunrise Sovereign
9433	Surge of Thoughtweft
9434	Surgespanner
9435	Sygg, River Guide
9436	Sylvan Echoes
9437	Tar Pitcher
9438	Tarfire
9439	Thieving Sprite
9440	Thorn of Amethyst
9441	Thorntooth Witch
9442	Thoughtseize
9443	Thoughtweft Trio
9444	Thousand-Year Elixir
9445	Thundercloud Shaman
9446	Tideshaper Mystic
9447	Timber Protector
9448	Treefolk Harbinger
9449	Triclopean Sight
9450	Turtleshell Changeling
9451	Twinning Glass
9452	Veteran of the Depths
9453	Vigor
9454	Vivid Crag
9455	Vivid Creek
9456	Vivid Grove
9457	Vivid Marsh
9458	Vivid Meadow
9459	Wanderer's Twig
9460	Wanderwine Hub
9461	Wanderwine Prophets
9462	Warren Pilferers
9463	Warren-Scourge Elf
9464	Weed Strangle
9465	Wellgabber Apothecary
9466	Whirlpool Whelm
9467	Wild Ricochet
9468	Windbrisk Heights
9469	Wings of Velis Vel
9470	Wispmare
9471	Wizened Cenn
9472	Woodland Changeling
9473	Woodland Guidance
9474	Wort, Boggart Auntie
9475	Wren's Run Vanquisher
9476	Wydwen, the Biting Gale
9477	Zephyr Net
9478	Gifts Given
9479	Door of Destinies
9480	Ambassador Oak
9481	Auntie's Snitch
9482	Ballyrush Banneret
9483	Battletide Alchemist
9484	Bitterblossom
9485	Blightsoil Druid
9486	Boldwyr Heavyweights
9487	Borderland Behemoth
9488	Bosk Banneret
9489	Bramblewood Paragon
9490	Brighthearth Banneret
9491	Burrenton Bombardier
9492	Burrenton Shield-Bearers
9493	Cenn's Tactician
9494	Chameleon Colossus
9495	Changeling Sentinel
9496	Cloak and Dagger
9497	Coordinated Barrage
9498	Countryside Crusher
9499	Cream of the Crop
9500	Daily Regimen
9501	Declaration of Naught
9502	Deglamer
9503	Dewdrop Spy
9504	Disperse
9505	Distant Melody
9506	Diviner's Wand
9507	Earthbrawn
9508	Earwig Squad
9509	Everbark Shaman
9510	Fencer Clique
9511	Fendeep Summoner
9512	Fertilid
9513	Festercreep
9514	Feudkiller's Verdict
9515	Final-Sting Faerie
9516	Fire Juggler
9517	Floodchaser
9518	Forfend
9519	Frogtosser Banneret
9520	Game-Trail Changeling
9521	Gilt-Leaf Archdruid
9522	Graceful Reprieve
9523	Greatbow Doyen
9524	Grimoire Thief
9525	Heritage Druid
9526	Hostile Realm
9527	Hunting Triad
9528	Idyllic Tutor
9529	Indomitable Ancients
9530	Ink Dissolver
9531	Inspired Sprite
9532	Kindled Fury
9533	Kinsbaile Borderguard
9534	Kinsbaile Cavalier
9535	Kithkin Zephyrnaut
9536	Knowledge Exploitation
9537	Latchkey Faerie
9538	Leaf-Crowned Elder
9539	Lightning Crafter
9540	Luminescent Rain
9541	Lunk Errant
9542	Lys Alana Bowmaster
9543	Maralen of the Mornsong
9544	Meadowboon
9545	Merrow Witsniper
9546	Mind Shatter
9547	Mind Spring
9548	Moonglove Changeling
9549	Morsel Theft
9550	Mosquito Guard
9551	Mothdust Changeling
9552	Mudbutton Clanger
9553	Murmuring Bosk
9554	Mutavault
9555	Negate
9556	Nevermaker
9557	Nightshade Schemers
9558	Noggin Whack
9559	Notorious Throng
9560	Obsidian Battle-Axe
9561	Offalsnout
9562	Oona's Blackguard
9563	Orchard Warden
9564	Order of the Golden Cricket
9565	Pack's Disdain
9566	Preeminent Captain
9567	Prickly Boggart
9568	Primal Beyond
9569	Pulling Teeth
9570	Pyroclast Consul
9571	Rage Forger
9572	Reach of Branches
9573	Recross the Paths
9574	Redeem the Lost
9575	Reins of the Vinesteed
9576	Release the Ants
9577	Research the Deep
9578	Reveillark
9579	Revive the Fallen
9580	Rhys the Exiled
9581	Rivals' Duel
9582	Roar of the Crowd
9583	Rustic Clachan
9584	Sage of Fables
9585	Sage's Dousing
9586	Scapeshift
9587	Scarblade Elite
9588	Seething Pathblazer
9589	Sensation Gorger
9590	Shard Volley
9591	Shared Animosity
9592	Shinewend
9593	Sigil Tracer
9594	Slithermuse
9595	Spitebellows
9596	Squeaking Pie Grubfellows
9597	Stenchskipper
9598	Stingmoggie
9599	Stinkdrinker Bandit
9600	Stomping Slabs
9601	Stonehewer Giant
9602	Stonybrook Banneret
9603	Stonybrook Schoolmaster
9604	Stream of Unconsciousness
9605	Sunflare Shaman
9606	Supreme Exemplar
9607	Swell of Courage
9608	Taurean Mauler
9609	Thieves' Fortune
9610	Thornbite Staff
9611	Titan's Revenge
9612	Unstoppable Ash
9613	Vendilion Clique
9614	Vengeful Firebrand
9615	Veteran's Armaments
9616	Violet Pall
9617	Walker of the Grove
9618	Wandering Graybeard
9619	War-Spike Changeling
9620	Warren Weirding
9621	Waterspout Weavers
9622	Weed-Pruner Poplar
9623	Weight of Conscience
9624	Weirding Shaman
9625	Winnower Patrol
9626	Wolf-Skull Shaman
9627	Demigod of Revenge
9628	Vexing Shusher
9629	Advice from the Fae
9630	Aethertow
9631	Aphotic Wisps
9632	Apothecary Initiate
9633	Armored Ascension
9634	Ashenmoor Cohort
9635	Ashenmoor Gouger
9636	Ashenmoor Liege
9637	Augury Adept
9638	Ballynock Cohort
9639	Barkshell Blessing
9640	Barrenton Cragtreads
9641	Barrenton Medic
9642	Beseech the Queen
9643	Biting Tether
9644	Blazethorn Scarecrow
9645	Blight Sickle
9646	Blistering Dieflyn
9647	Bloodmark Mentor
9648	Bloodshed Fever
9649	Blowfly Infestation
9650	Boartusk Liege
9651	Boggart Arsonists
9652	Boggart Ram-Gang
9653	Boon Reflection
9654	Briarberry Cohort
9655	Burn Trail
9656	Cauldron of Souls
9657	Cemetery Puca
9658	Cerulean Wisps
9659	Chainbreaker
9660	Cinderbones
9661	Cinderhaze Wretch
9662	Consign to Dream
9663	Corrosive Mentor
9664	Counterbore
9665	Crabapple Cohort
9666	Cragganwick Cremator
9667	Crimson Wisps
9668	Crowd of Cinders
9669	Cultbrand Cinder
9670	Curse of Chains
9671	Cursecatcher
9672	Dawnglow Infusion
9673	Deep-Slumber Titan
9674	Deepchannel Mentor
9675	Deus of Calamity
9676	Devoted Druid
9677	Din of the Fireherd
9678	Dire Undercurrents
9679	Disturbing Plot
9680	Dramatic Entrance
9681	Dream Salvage
9682	Drove of Elves
9683	Drowner Initiate
9684	Dusk Urchins
9685	Elemental Mastery
9686	Elsewhere Flask
9687	Elvish Hexhunter
9688	Ember Gale
9689	Emberstrike Duo
9690	Enchanted Evening
9691	Everlasting Torment
9692	Faerie Macabre
9693	Faerie Swarm
9694	Farhaven Elf
9695	Fate Transfer
9696	Fire-Lit Thicket
9697	Firespout
9698	Fists of the Demigod
9699	Flame Javelin
9700	Flourishing Defenses
9701	Fossil Find
9702	Foxfire Oak
9703	Fracturing Gust
9704	Fulminator Mage
9705	Furystoke Giant
9706	Ghastlord of Fugue
9707	Ghastly Discovery
9708	Giantbaiting
9709	Glamer Spinners
9710	Gleeful Sabotage
9711	Glen Elendra Liege
9712	Gloomlance
9713	Gloomwidow
9714	Gloomwidow's Feast
9715	Gnarled Effigy
9716	Godhead of Awe
9717	Goldenglow Moth
9718	Gravelgill Axeshark
9719	Gravelgill Duo
9720	Greater Auramancy
9721	Grief Tyrant
9722	Grim Poppet
9723	Guttural Response
9724	Heap Doll
9725	Heartmender
9726	Helm of the Ghastlord
9727	Hollowborn Barghest
9728	Hollowsage
9729	Horde of Boggarts
9730	Howl of the Night Pack
9731	Hungry Spriggan
9732	Illuminated Folio
9733	Impromptu Raid
9734	Incremental Blight
9735	Inescapable Brute
9736	Inkfathom Infiltrator
9737	Inkfathom Witch
9738	Inquisitor's Snare
9739	Intimidator Initiate
9740	Isleback Spawn
9741	Jaws of Stone
9742	Juvenile Gloomwidow
9743	Kinscaer Harpoonist
9744	Kitchen Finks
9745	Kithkin Rabble
9746	Kithkin Shielddare
9747	Knacksaw Clique
9748	Knollspine Dragon
9749	Knollspine Invocation
9750	Kulrath Knight
9751	Leech Bonder
9752	Leechridden Swamp
9753	Loamdragger Giant
9754	Loch Korrigan
9755	Lockjaw Snapper
9756	Lurebound Scarecrow
9757	Madblind Mountain
9758	Mana Reflection
9759	Manaforge Cinder
9760	Manamorphose
9761	Mass Calcify
9762	Medicine Runner
9763	Memory Plunder
9764	Memory Sluice
9765	Mercy Killing
9766	Merrow Grimeblotter
9767	Merrow Wavebreakers
9768	Midnight Banshee
9769	Mine Excavation
9770	Mirrorweave
9771	Mistmeadow Witch
9772	Mistveil Plains
9773	Moonring Island
9774	Morselhoarder
9775	Mossbridge Troll
9776	Mudbrawler Cohort
9777	Mudbrawler Raiders
9778	Murderous Redcap
9779	Mystic Gate
9780	Niveous Wisps
9781	Nurturer Initiate
9782	Old Ghastbark
9783	Oona's Gatewarden
9784	Oona, Queen of the Fae
9785	Oracle of Nectars
9786	Order of Whiteclay
9787	Oversoul of Dusk
9788	Painter's Servant
9789	Pale Wayfarer
9790	Parapet Watchers
9791	Pili-Pala
9792	Plague of Vermin
9793	Plumeveil
9794	Poison the Well
9795	Polluted Bonds
9796	Power of Fire
9797	Presence of Gond
9798	Prismatic Omen
9799	Prismwake Merrow
9800	Prison Term
9801	Puca's Mischief
9802	Puncture Bolt
9803	Puppeteer Clique
9804	Puresight Merrow
9805	Put Away
9806	Pyre Charger
9807	Rage Reflection
9808	Raking Canopy
9809	Rattleblaze Scarecrow
9810	Raven's Run Dragoon
9811	Reaper King
9812	Reknit
9813	Repel Intruders
9814	Resplendent Mentor
9815	Revelsong Horn
9816	Rhys the Redeemed
9817	Rite of Consumption
9818	River Kelpie
9819	River's Grasp
9820	Rosheen Meanderer
9821	Roughshod Mentor
9822	Rune-Cervin Rider
9823	Runed Halo
9824	Runes of the Deus
9825	Rustrazor Butcher
9826	Safehold Duo
9827	Safehold Elite
9828	Safehold Sentry
9829	Safewright Quest
9830	Sapseep Forest
9831	Savor the Moment
9832	Scar
9833	Scarscale Ritual
9834	Scrapbasket
9835	Scuttlemutt
9836	Scuzzback Marauders
9837	Scuzzback Scrapper
9838	Seedcradle Witch
9839	Shield of the Oversoul
9840	Sickle Ripper
9841	Silkbind Faerie
9842	Sinking Feeling
9843	Slinking Giant
9844	Smash to Smithereens
9845	Smolder Initiate
9846	Somnomancer
9847	Sootstoke Kindler
9848	Sootwalkers
9849	Spawnwrithe
9850	Spectral Procession
9851	Spell Syphon
9852	Spiteflame Witch
9853	Spiteful Visions
9854	Splitting Headache
9855	Steel of the Godhead
9856	Strip Bare
9857	Sunken Ruins
9858	Swans of Bryn Argoll
9859	Sygg, River Cutthroat
9860	Tatterkite
9861	Tattermunge Duo
9862	Tattermunge Maniac
9863	Tattermunge Witch
9864	Thistledown Duo
9865	Thistledown Liege
9866	Thornwatch Scarecrow
9867	Thought Reflection
9868	Thoughtweft Gambit
9869	Toil to Renown
9870	Torpor Dust
9871	Torrent of Souls
9872	Tower Above
9873	Traitor's Roar
9874	Trip Noose
9875	Turn to Mist
9876	Twilight Shepherd
9877	Tyrannize
9878	Umbral Mantle
9879	Valleymaker
9880	Viridescent Wisps
9881	Wanderbrine Rootcutters
9882	Wasp Lancer
9883	Watchwing Scarecrow
9884	Wheel of Sun and Moon
9885	Whimwader
9886	Wicker Warcrawler
9887	Wild Swing
9888	Wildslayer Elves
9889	Wilt-Leaf Cavaliers
9890	Wilt-Leaf Liege
9891	Windbrisk Raptor
9892	Wingrattle Scarecrow
9893	Witherscale Wurm
9894	Woeleecher
9895	Wooded Bastion
9896	Woodfall Primus
9897	Worldpurge
9898	Wort, the Raidmother
9899	Wound Reflection
9900	Zealous Guardian
9901	Overbeing of Myth
9902	Aerie Ouphes
9903	Altar Golem
9904	Antler Skulkin
9905	Archon of Justice
9906	Ashling, the Extinguisher
9907	Balefire Liege
9908	Ballynock Trapper
9909	Banishing Knack
9910	Battlegate Mimic
9911	Batwing Brume
9912	Beckon Apparition
9913	Belligerent Hatchling
9914	Bloodied Ghost
9915	Bloom Tender
9916	Cache Raiders
9917	Call the Skybreaker
9918	Canker Abomination
9919	Cankerous Thirst
9920	Cascade Bluffs
9921	Cauldron Haze
9922	Cenn's Enlistment
9923	Chaotic Backlash
9924	Cinder Pyromancer
9925	Clout of the Dominus
9926	Cold-Eyed Selkie
9927	Crackleburr
9928	Crag Puca
9929	Creakwood Ghoul
9930	Creakwood Liege
9931	Crumbling Ashes
9932	Deathbringer Liege
9933	Deity of Scars
9934	Desecrator Hag
9935	Divinity of Pride
9936	Dominus of Fealty
9937	Doomgape
9938	Double Cleave
9939	Drain the Well
9940	Dream Fracture
9941	Dream Thief
9942	Duergar Assailant
9943	Duergar Cave-Guard
9944	Duergar Hedge-Mage
9945	Duergar Mine-Captain
9946	Duskdale Wurm
9947	Edge of the Divinity
9948	Endless Horizons
9949	Endure
9950	Evershrike
9951	Fable of Wolf and Owl
9952	Fang Skulkin
9953	Favor of the Overbeing
9954	Fetid Heath
9955	Fiery Bombardment
9956	Figure of Destiny
9957	Fire at Will
9958	Flame Jab
9959	Flickerwisp
9960	Flooded Grove
9961	Gift of the Deity
9962	Gilder Bairn
9963	Glamerdye
9964	Glen Elendra Archmage
9965	Grazing Kelpie
9966	Groundling Pouncer
9967	Gwyllion Hedge-Mage
9968	Hag Hedge-Mage
9969	Hallowed Burial
9970	Harvest Gwyllion
9971	Hatchet Bully
9972	Hateflayer
9973	Hearthfire Hobgoblin
9974	Heartlash Cinder
9975	Helix Pinnacle
9976	Hobgoblin Dragoon
9977	Hoof Skulkin
9978	Hotheaded Giant
9979	Idle Thoughts
9980	Impelled Giant
9981	Indigo Faerie
9982	Inside Out
9983	Inundate
9984	Invert the Skies
9985	Jawbone Skulkin
9986	Kithkin Spellduster
9987	Kithkin Zealot
9988	Leering Emblem
9989	Light from Within
9990	Lingering Tormentor
9991	Loyal Gyrfalcon
9992	Marshdrinker Giant
9993	Merrow Bonegnawer
9994	Merrow Levitator
9995	Mindwrack Liege
9996	Mirror Sheen
9997	Monstrify
9998	Moonhold
9999	Murkfiend Liege
10000	Necroskitter
10001	Needle Specter
10002	Nettle Sentinel
10003	Nightmare Incursion
10004	Nightsky Mimic
10005	Nip Gwyllion
10006	Nobilis of War
10007	Noggle Bandit
10008	Noggle Bridgebreaker
10009	Noggle Hedge-Mage
10010	Noggle Ransacker
10011	Noxious Hatchling
10012	Nucklavee
10013	Odious Trow
10014	Oona's Grace
10015	Outrage Shaman
10016	Patrol Signaler
10017	Primalcrux
10018	Puncture Blast
10019	Pyrrhic Revival
10020	Quillspike
10021	Raven's Crime
10022	Razorfin Abolisher
10023	Recumbent Bliss
10024	Regal Force
10025	Rekindled Flame
10026	Rendclaw Trow
10027	Restless Apparition
10028	Rise of the Hobgoblins
10029	Riverfall Mimic
10030	Rugged Prairie
10031	Sanity Grinding
10032	Sapling of Colfenor
10033	Savage Conception
10034	Scarecrone
10035	Scourge of the Nobilis
10036	Selkie Hedge-Mage
10037	Shell Skulkin
10038	Shorecrasher Mimic
10039	Shrewd Hatchling
10040	Slippery Bogle
10041	Smoldering Butcher
10042	Snakeform
10043	Soot Imp
10044	Soul Reap
10045	Soul Snuffers
10046	Spirit of the Hearth
10047	Spitemare
10048	Spitting Image
10049	Springjack Pasture
10050	Springjack Shepherd
10051	Stalker Hag
10052	Stigma Lasher
10053	Stillmoon Cavalier
10054	Stream Hopper
10055	Sturdy Hatchling
10056	Suture Spirit
10057	Swirling Spriggan
10058	Syphon Life
10059	Talara's Bane
10060	Talara's Battalion
10061	Talonrend
10062	Thunderblust
10063	Tilling Treefolk
10064	Trapjaw Kelpie
10065	Twilight Mire
10066	Twinblade Slasher
10067	Umbra Stalker
10068	Unmake
10069	Unnerving Assault
10070	Unwilling Recruit
10071	Voracious Hatchling
10072	Wake Thrasher
10073	Ward of Bones
10074	Waves of Aggression
10075	Wickerbough Elder
10076	Wilderness Hypnotist
10077	Wistful Selkie
10078	Woodlurker Mimic
10079	Worm Harvest
10080	Hellkite Overlord
10081	Ad Nauseam
10082	Agony Warp
10083	Ajani Vengeant
10084	Akrasan Squire
10085	Algae Gharial
10086	Angel's Herald
10087	Angelic Benediction
10088	Angelsong
10089	Arcane Sanctum
10090	Archdemon of Unx
10091	Banewasp Affliction
10092	Bant Battlemage
10093	Bant Charm
10094	Bant Panorama
10095	Battlegrace Angel
10096	Behemoth's Herald
10097	Blightning
10098	Blister Beetle
10099	Blood Cultist
10100	Bloodpyre Elemental
10101	Bloodthorn Taunter
10102	Bone Splinters
10103	Branching Bolt
10104	Brilliant Ultimatum
10105	Broodmate Dragon
10106	Bull Cerodon
10107	Caldera Hellion
10108	Call to Heel
10109	Carrion Thrash
10110	Cathartic Adept
10111	Cavern Thoctar
10112	Clarion Ultimatum
10113	Cloudheath Drake
10114	Coma Veil
10115	Corpse Connoisseur
10116	Courier's Capsule
10117	Court Archers
10118	Covenant of Minds
10119	Cradle of Vitality
10120	Crucible of Fire
10121	Cruel Ultimatum
10122	Crumbling Necropolis
10123	Cunning Lethemancer
10124	Cylian Elf
10125	Dawnray Archer
10126	Death Baron
10127	Deathgreeter
10128	Deft Duelist
10129	Demon's Herald
10130	Dispeller's Capsule
10131	Dragon Fodder
10132	Dragon's Herald
10133	Dreg Reaver
10134	Dregscape Zombie
10135	Druid of the Anima
10136	Drumhunter
10137	Elspeth, Knight-Errant
10138	Elvish Visionary
10139	Empyrial Archangel
10140	Esper Battlemage
10141	Esper Charm
10142	Esper Panorama
10143	Etherium Astrolabe
10144	Etherium Sculptor
10145	Ethersworn Canonist
10146	Excommunicate
10147	Executioner's Capsule
10148	Exuberant Firestoker
10149	Fatestitcher
10150	Feral Hydra
10151	Filigree Sages
10152	Fire-Field Ogre
10153	Flameblast Dragon
10154	Fleshbag Marauder
10155	Gather Specimens
10156	Gift of the Gargantuan
10157	Glaze Fiend
10158	Goblin Assault
10159	Goblin Deathraiders
10160	Godsire
10161	Godtoucher
10162	Grixis Battlemage
10163	Grixis Charm
10164	Grixis Panorama
10165	Guardians of Akrasa
10166	Gustrider Exuberant
10167	Hell's Thunder
10168	Hindering Light
10169	Hissing Iguanar
10170	Immortal Coil
10171	Incurable Ogre
10172	Invincible Hymn
10173	Jhessian Infiltrator
10174	Jhessian Lookout
10175	Jund Battlemage
10176	Jund Charm
10177	Jund Panorama
10178	Jungle Shrine
10179	Jungle Weaver
10180	Kathari Screecher
10181	Kederekt Creeper
10182	Kederekt Leviathan
10183	Keeper of Progenitus
10184	Kiss of the Amesha
10185	Knight of the Skyward Eye
10186	Knight of the White Orchid
10187	Knight-Captain of Eos
10188	Kresh the Bloodbraided
10189	Lich's Mirror
10190	Lightning Talons
10191	Lush Growth
10192	Magma Spray
10193	Manaplasm
10194	Marble Chalice
10195	Master of Etherium
10196	Mayael the Anima
10197	Memory Erosion
10198	Metallurgeon
10199	Mighty Emergence
10200	Mindlock Orb
10201	Minion Reflector
10202	Mosstodon
10203	Mycoloth
10204	Naya Battlemage
10205	Naya Charm
10206	Naya Panorama
10207	Necrogenesis
10208	Obelisk of Bant
10209	Obelisk of Esper
10210	Obelisk of Grixis
10211	Obelisk of Jund
10212	Obelisk of Naya
10213	Onyx Goblet
10214	Ooze Garden
10215	Outrider of Jhess
10216	Predator Dragon
10217	Prince of Thralls
10218	Protomatter Powder
10219	Punish Ignorance
10220	Puppet Conjurer
10221	Qasali Ambusher
10222	Quietus Spike
10223	Rafiq of the Many
10224	Rakeclaw Gargantuan
10225	Ranger of Eos
10226	Realm Razer
10227	Relic of Progenitus
10228	Resounding Roar
10229	Resounding Scream
10230	Resounding Silence
10231	Resounding Thunder
10232	Resounding Wave
10233	Rhox Charger
10234	Rhox War Monk
10235	Ridge Rannet
10236	Rip-Clan Crasher
10237	Rockcaster Platoon
10238	Rockslide Elemental
10239	Sacellum Godspeaker
10240	Salvage Titan
10241	Sanctum Gargoyle
10242	Sangrite Surge
10243	Sarkhan Vol
10244	Savage Hunger
10245	Savage Lands
10246	Scavenger Drake
10247	Scourge Devil
10248	Scourglass
10249	Seaside Citadel
10250	Sedraxis Specter
10251	Sedris, the Traitor King
10252	Shadowfeed
10253	Sharding Sphinx
10254	Sharuum the Hegemon
10255	Shore Snapper
10256	Sighted-Caste Sorcerer
10257	Sigil Blessing
10258	Sigil of Distinction
10259	Sigiled Paladin
10260	Skeletal Kathari
10261	Skeletonize
10262	Skill Borrower
10263	Skullmulcher
10264	Soul's Fire
10265	Soul's Grace
10266	Soul's Might
10267	Spearbreaker Behemoth
10268	Spell Snip
10269	Sphinx Sovereign
10270	Sphinx's Herald
10271	Sprouting Thrinax
10272	Steelclad Serpent
10273	Steward of Valeron
10274	Stoic Angel
10275	Sunseed Nurturer
10276	Swerve
10277	Tar Fiend
10278	Tezzeret the Seeker
10279	Thorn-Thrash Viashino
10280	Thoughtcutter Agent
10281	Thunder-Thrash Elder
10282	Tidehollow Sculler
10283	Tidehollow Strix
10284	Titanic Ultimatum
10285	Topan Ascetic
10286	Tortoise Formation
10287	Tower Gargoyle
10288	Undead Leotau
10289	Vectis Silencers
10290	Vein Drinker
10291	Viashino Skeleton
10292	Vicious Shadows
10293	Violent Ultimatum
10294	Viscera Dragger
10295	Vithian Stinger
10296	Volcanic Submersion
10297	Waveskimmer Aven
10298	Welkin Guide
10299	Where Ancients Tread
10300	Wild Nacatl
10301	Windwright Mage
10302	Woolly Thoctar
10303	Yoked Plowbeast
10304	Evil Presents
10305	Malfegor
10306	Absorb Vis
10307	Aerie Mystics
10308	Ancient Ziggurat
10309	Apocalypse Hydra
10310	Armillary Sphere
10311	Asha's Favor
10312	Aven Squire
10313	Aven Trailblazer
10314	Banefire
10315	Beacon Behemoth
10316	Blood Tyrant
10317	Bloodhall Ooze
10318	Bone Saw
10319	Brackwater Elemental
10320	Canyon Minotaur
10321	Celestial Purge
10322	Charnelhoard Wurm
10323	Child of Alara
10324	Cliffrunner Behemoth
10325	Conflux
10326	Constricting Tendrils
10327	Controlled Instincts
10328	Corrupted Roots
10329	Countersquall
10330	Court Homunculus
10331	Cumber Stone
10332	Cylian Sunsinger
10333	Dark Temper
10334	Darklit Gargoyle
10335	Drag Down
10336	Dragonsoul Knight
10337	Dreadwing
10338	Elder Mastery
10339	Ember Weaver
10340	Esper Cormorants
10341	Esperzoa
10342	Ethersworn Adjudicator
10343	Exotic Orchard
10344	Exploding Borders
10345	Extractor Demon
10346	Faerie Mechanist
10347	Fiery Fall
10348	Filigree Fracture
10349	Fleshformer
10350	Font of Mythos
10351	Frontline Sage
10352	Fusion Elemental
10353	Giltspire Avenger
10354	Gleam of Resistance
10355	Gluttonous Slime
10356	Goblin Outlander
10357	Goblin Razerunners
10358	Grixis Illusionist
10359	Grixis Slavedriver
10360	Gwafa Hazid, Profiteer
10361	Hellkite Hatchling
10362	Hellspark Elemental
10363	Ignite Disorder
10364	Infectious Horror
10365	Inkwell Leviathan
10366	Jhessian Balmgiver
10367	Kaleidostone
10368	Kederekt Parasite
10369	Knight of the Reliquary
10370	Knotvine Mystic
10371	Kranioceros
10372	Lapse of Certainty
10373	Maelstrom Archangel
10374	Magister Sphinx
10375	Manaforce Mace
10376	Mark of Asylum
10377	Martial Coup
10378	Master Transmuter
10379	Matca Rioters
10380	Meglonoth
10381	Might of Alara
10382	Mirror-Sigil Sergeant
10383	Molten Frame
10384	Nacatl Hunt-Pride
10385	Nacatl Outlander
10386	Nacatl Savage
10387	Nicol Bolas, Planeswalker
10388	Noble Hierarch
10389	Nyxathid
10390	Obelisk of Alara
10391	Paleoloth
10392	Paragon of the Amesha
10393	Parasitic Strix
10394	Path to Exile
10395	Pestilent Kathari
10396	Progenitus
10397	Quenchable Fire
10398	Rakka Mar
10399	Reliquary Tower
10400	Rhox Bodyguard
10401	Rhox Meditant
10402	Rotting Rats
10403	Rupture Spire
10404	Sacellum Archers
10405	Salvage Slasher
10406	Scarland Thrinax
10407	Scattershot Archer
10408	Scepter of Dominance
10409	Scepter of Fugue
10410	Scepter of Insight
10411	Scornful Aether-Lich
10412	Sedraxis Alchemist
10413	Shambling Remains
10414	Shard Convergence
10415	Sigil of the Empty Throne
10416	Skyward Eye Prophets
10417	Sludge Strider
10418	Soul's Majesty
10419	Sphinx Summoner
10420	Spore Burst
10421	Suicidal Charge
10422	Sylvan Bounty
10423	Telemin Performance
10424	Thornling
10425	Toxic Iguanar
10426	Traumatic Visions
10427	Tukatongue Thallid
10428	Unstable Frontier
10429	Vagrant Plowbeasts
10430	Valeron Outlander
10431	Valiant Guard
10432	Vectis Agents
10433	Vedalken Outlander
10434	Viashino Slaughtermaster
10435	View from Above
10436	Voices from the Void
10437	Volcanic Fallout
10438	Voracious Dragon
10439	Wall of Reverence
10440	Wandering Goblins
10441	Wild Leotau
10442	Worldheart Phoenix
10443	Wretched Banquet
10444	Yoke of the Damned
10445	Zombie Outlander
10446	Dragon Broodmother
10447	Anathemancer
10448	Architects of Will
10449	Ardent Plea
10450	Arsenal Thresher
10451	Aven Mimeomancer
10452	Bant Sojourners
10453	Bant Sureblade
10454	Behemoth Sledge
10455	Bituminous Blast
10456	Blitz Hellion
10457	Bloodbraid Elf
10458	Brainbite
10459	Breath of Malfegor
10460	Captured Sunlight
10461	Cerodon Yearling
10462	Cloven Casting
10463	Colossal Might
10464	Crystallization
10465	Dauntless Escort
10466	Deadshot Minotaur
10467	Deathbringer Thoctar
10468	Defiler of Souls
10469	Demonic Dread
10470	Demonspine Whip
10471	Deny Reality
10472	Double Negative
10473	Dragon Appeasement
10474	Drastic Revelation
10475	Enigma Sphinx
10476	Enlisted Wurm
10477	Esper Sojourners
10478	Esper Stormblade
10479	Ethercaste Knight
10480	Etherium Abomination
10481	Ethersworn Shieldmage
10482	Etherwrought Page
10483	Fieldmist Borderpost
10484	Fight to the Death
10485	Filigree Angel
10486	Finest Hour
10487	Firewild Borderpost
10488	Flurry of Wings
10489	Giant Ambush Beetle
10490	Glassdust Hulk
10491	Glory of Warfare
10492	Gloryscale Viashino
10493	Godtracker of Jund
10494	Gorger Wurm
10495	Grixis Grimblade
10496	Grixis Sojourners
10497	Grizzled Leotau
10498	Identity Crisis
10499	Igneous Pouncer
10500	Illusory Demon
10501	Intimidation Bolt
10502	Jenara, Asura of War
10503	Jhessian Zombies
10504	Jund Hackblade
10505	Jund Sojourners
10506	Karrthus, Tyrant of Jund
10507	Kathari Bomber
10508	Kathari Remnant
10509	Knight of New Alara
10510	Knotvine Paladin
10511	Lavalanche
10512	Leonin Armorguard
10513	Lich Lord of Unx
10514	Lightning Reaver
10515	Lord of Extinction
10516	Lorescale Coatl
10517	Madrush Cyclops
10518	Maelstrom Nexus
10519	Maelstrom Pulse
10520	Mage Slayer
10521	Magefire Wings
10522	Marisi's Twinclaws
10523	Marrow Chomper
10524	Mask of Riddles
10525	Mayael's Aria
10526	Messenger Falcons
10527	Mind Funeral
10528	Mistvein Borderpost
10529	Monstrous Carabid
10530	Morbid Bloom
10531	Mycoid Shepherd
10532	Naya Hushblade
10533	Naya Sojourners
10534	Necromancer's Covenant
10535	Nemesis of Reason
10536	Nulltread Gargantuan
10537	Offering to Asha
10538	Pale Recluse
10539	Predatory Advantage
10540	Putrid Leech
10541	Qasali Pridemage
10542	Reborn Hope
10543	Retaliator Griffin
10544	Rhox Brute
10545	Sages of the Anima
10546	Sanctum Plowbeast
10547	Sangrite Backlash
10548	Sanity Gnawers
10549	Sen Triplets
10550	Sewn-Eye Drake
10551	Shield of the Righteous
10552	Sigil Captain
10553	Sigil of the Nayan Gods
10554	Sigiled Behemoth
10555	Singe-Mind Ogre
10556	Skyclaw Thrash
10557	Slave of Bolas
10558	Soul Manipulation
10559	Soulquake
10560	Sovereigns of Lost Alara
10561	Spellbound Dragon
10562	Spellbreaker Behemoth
10563	Sphinx of the Steel Wind
10564	Stormcaller's Boon
10565	Stun Sniper
10566	Tainted Sigil
10567	Talon Trooper
10568	Thopter Foundry
10569	Thought Hemorrhage
10570	Thraximundar
10571	Time Sieve
10572	Trace of Abundance
10573	Unbender Tine
10574	Unscythe, Killer of Kings
10575	Uril, the Miststalker
10576	Valley Rannet
10577	Vectis Dominator
10578	Vedalken Ghoul
10579	Vedalken Heretic
10580	Veinfire Borderpost
10581	Vengeful Rebirth
10582	Violent Outburst
10583	Vithian Renegades
10584	Wall of Denial
10585	Wargate
10586	Wildfield Borderpost
10587	Winged Coatl
10588	Zealous Persecution
10589	Ant Queen
10590	Honor of the Pure
10591	Vampire Nocturnus
10592	Acidic Slime
10593	Acolyte of Xathrid
10594	Act of Treason
10595	Alluring Siren
10596	Angel's Mercy
10597	Awakener Druid
10598	Baneslayer Angel
10599	Berserkers of Blood Ridge
10600	Blinding Mage
10601	Borderland Ranger
10602	Bountiful Harvest
10603	Bramble Creeper
10604	Burning Inquiry
10605	Burst of Speed
10606	Capricious Efreet
10607	Captain of the Watch
10608	Cemetery Reaper
10609	Centaur Courser
10610	Child of Night
10611	Convincing Mirage
10612	Cudgel Troll
10613	Deadly Recluse
10614	Disentomb
10615	Disorient
10616	Divination
10617	Divine Verdict
10618	Djinn of Wishes
10619	Doom Blade
10620	Dragonskull Summit
10621	Dread Warlock
10622	Drowned Catacomb
10623	Elite Vanguard
10624	Elvish Archdruid
10625	Emerald Oryx
10626	Entangling Vines
10627	Essence Scatter
10628	Fiery Hellhound
10629	Gargoyle Castle
10630	Glacial Fortress
10631	Glorious Charge
10632	Goblin Artillery
10633	Goblin Chieftain
10634	Gorgon Flail
10635	Great Sable Stag
10636	Griffin Sentinel
10637	Guardian Seraph
10638	Harm's Way
10639	Hive Mind
10640	Howling Banshee
10641	Ice Cage
10642	Illusionary Servant
10643	Indestructibility
10644	Inferno Elemental
10645	Jackal Familiar
10646	Kalonian Behemoth
10647	Kelinore Bat
10648	Lifelink
10649	Lightwielder Paladin
10650	Lurking Predators
10651	Magebane Armor
10652	Magma Phoenix
10653	Master of the Wild Hunt
10654	Merfolk Sovereign
10655	Mind Control
10656	Mirror of Fate
10657	Mist Leopard
10658	Mold Adder
10659	Nature's Spiral
10660	Oakenform
10661	Open the Vaults
10662	Palace Guard
10663	Planar Cleansing
10664	Prized Unicorn
10665	Protean Hydra
10666	Regenerate
10667	Rhox Pikemaster
10668	Rise from the Grave
10669	Rootbound Crag
10670	Runeclaw Bear
10671	Safe Passage
10672	Sanguine Bond
10673	Seismic Strike
10674	Serpent of the Endless Sea
10675	Siege Mastodon
10676	Sign in Blood
10677	Silence
10678	Silvercoat Lion
10679	Sleep
10680	Solemn Offering
10681	Soul Bleed
10682	Sphinx Ambassador
10683	Stampeding Rhino
10684	Stormfront Pegasus
10685	Sunpetal Grove
10686	Tome Scour
10687	Undead Slayer
10688	Vampire Aristocrat
10689	Veteran Armorsmith
10690	Veteran Swordsmith
10691	Viashino Spearhunter
10692	Wall of Faith
10693	Wall of Frost
10694	Warpath Ghoul
10695	Windstorm
10696	Xathrid Demon
10697	Yawning Fissure
10698	Zephyr Sprite
10699	Zombie Goliath
10700	Beast Hunt
10701	Hideous End
10702	Kor Sanctifiers
10703	Whiplash Trap
10704	Academy at Tolaria West
10705	Agyrem
10706	Bant
10707	Cliffside Market
10708	Eloren Wilds
10709	Feeding Grounds
10710	Fields of Summer
10711	Glimmervoid Basin
10712	Goldmeadow
10713	Grixis
10714	Immersturm
10715	Isle of Vesuva
10716	Izzet Steam Maze
10717	Krosa
10718	Lethe Lake
10719	Llanowar
10720	Minamo
10721	Murasa
10722	Naar Isle
10723	Naya
10724	Otaria
10725	Panopticon
10726	Pools of Becoming
10727	Raven's Run
10728	Sanctum of Serra
10729	Sea of Sand
10730	Shiv
10731	Skybreen
10732	Sokenzan
10733	Stronghold Furnace
10734	The Aether Flues
10735	The Dark Barony
10736	The Eon Fog
10737	The Fourth Sphere
10738	The Great Forest
10739	The Hippodrome
10740	The Maelstrom
10741	Turri Island
10742	Undercity Reaches
10743	Velis Vel
10744	Celestine Reef
10745	Horizon Boughs
10746	Mirrored Depths
10747	Tazeem
10748	Tember City
10749	Rampaging Baloths
10750	Day of Judgment
10751	Valakut, the Molten Pinnacle
10752	Adventuring Gear
10753	Aether Figment
10754	Akoum Refuge
10755	Archive Trap
10756	Archmage Ascension
10757	Arid Mesa
10758	Armament Master
10759	Arrow Volley Trap
10760	Bala Ged Thief
10761	Baloth Cage Trap
10762	Baloth Woodcrasher
10763	Beastmaster Ascension
10764	Blade of the Bloodchief
10765	Bladetusk Boar
10766	Blazing Torch
10767	Blood Seeker
10768	Blood Tribute
10769	Bloodchief Ascension
10770	Bloodghast
10771	Bog Tatters
10772	Bold Defense
10773	Brave the Elements
10774	Burst Lightning
10775	Caller of Gales
10776	Caravan Hurda
10777	Carnage Altar
10778	Celestial Mantle
10779	Chandra Ablaze
10780	Cliff Threader
10781	Cobra Trap
10782	Conqueror's Pledge
10783	Cosi's Trickster
10784	Crypt Ripper
10785	Crypt of Agadeem
10786	Desecrated Earth
10787	Devout Lightcaster
10788	Disfigure
10789	Eldrazi Monument
10790	Electropotence
10791	Elemental Appeal
10792	Emeria Angel
10793	Emeria, the Sky Ruin
10794	Eternity Vessel
10795	Expedition Map
10796	Explorer's Scope
10797	Feast of Blood
10798	Felidar Sovereign
10799	Frontier Guide
10800	Gatekeeper of Malakir
10801	Geyser Glider
10802	Giant Scorpion
10803	Gigantiform
10804	Goblin Bushwhacker
10805	Goblin Guide
10806	Goblin Ruinblaster
10807	Goblin Shortcutter
10808	Goblin War Paint
10809	Gomazoa
10810	Grappling Hook
10811	Graypelt Refuge
10812	Grazing Gladehart
10813	Greenweaver Druid
10814	Grim Discovery
10815	Guul Draz Specter
10816	Guul Draz Vampire
10817	Hagra Crocodile
10818	Hagra Diabolist
10819	Halo Hunter
10820	Heartstabber Mosquito
10821	Hedron Crab
10822	Hedron Scrabbler
10823	Hellfire Mongrel
10824	Hellkite Charger
10825	Highland Berserker
10826	Inferno Trap
10827	Into the Roil
10828	Iona, Shield of Emeria
10829	Ior Ruin Expedition
10830	Joraga Bard
10831	Journey to Nowhere
10832	Jwar Isle Refuge
10833	Kabira Crossroads
10834	Kabira Evangel
10835	Kalitas, Bloodchief of Ghet
10836	Kazandu Blademaster
10837	Kazandu Refuge
10838	Kazuul Warlord
10839	Khalni Gem
10840	Khalni Heart Expedition
10841	Kor Aeronaut
10842	Kor Cartographer
10843	Kor Duelist
10844	Kor Hookmaster
10845	Kor Outfitter
10846	Kor Skyfisher
10847	Kraken Hatchling
10848	Landbind Ritual
10849	Lavaball Trap
10850	Lethargy Trap
10851	Living Tsunami
10852	Lorthos, the Tidemaker
10853	Lotus Cobra
10854	Lullmage Mentor
10855	Luminarch Ascension
10856	Magma Rift
10857	Magosi, the Waterveil
10858	Makindi Shieldmate
10859	Malakir Bloodwitch
10860	Mark of Mutiny
10861	Marsh Casualties
10862	Marsh Flats
10863	Merfolk Seastalkers
10864	Merfolk Wayfinder
10865	Mindbreak Trap
10866	Mindless Null
10867	Mire Blight
10868	Misty Rainforest
10869	Mold Shambler
10870	Molten Ravager
10871	Murasa Pyromancer
10872	Narrow Escape
10873	Needlebite Trap
10874	Nimana Sell-Sword
10875	Nimbus Wings
10876	Nissa Revane
10877	Nissa's Chosen
10878	Noble Vestige
10879	Ob Nixilis, the Fallen
10880	Obsidian Fireheart
10881	Ondu Cleric
10882	Oracle of Mul Daya
10883	Oran-Rief Recluse
10884	Oran-Rief Survivalist
10885	Oran-Rief, the Vastwood
10886	Paralyzing Grasp
10887	Pillarfield Ox
10888	Piranha Marsh
10889	Pitfall Trap
10890	Plated Geopede
10891	Predatory Urge
10892	Primal Bellow
10893	Punishing Fire
10894	Pyromancer Ascension
10895	Quest for Ancient Secrets
10896	Quest for Pure Flame
10897	Quest for the Gemblades
10898	Quest for the Gravelord
10899	Quest for the Holy Relic
10900	Ravenous Trap
10901	Reckless Scholar
10902	Relic Crush
10903	Rite of Replication
10904	Roil Elemental
10905	Ruinous Minotaur
10906	Runeflare Trap
10907	Sadistic Sacrament
10908	Savage Silhouette
10909	Scalding Tarn
10910	Scute Mob
10911	Scythe Tiger
10912	Sea Gate Loremaster
10913	Seascape Aerialist
10914	Seismic Shudder
10915	Sejiri Refuge
10916	Shatterskull Giant
10917	Shepherd of the Lost
10918	Shieldmate's Blessing
10919	Shoal Serpent
10920	Sky Ruin Drake
10921	Slaughter Cry
10922	Soaring Seacliff
10923	Sorin Markov
10924	Soul Stair Expedition
10925	Spell Pierce
10926	Sphinx of Jwar Isle
10927	Sphinx of Lost Truths
10928	Spidersilk Net
10929	Spire Barrage
10930	Spreading Seas
10931	Steppe Lynx
10932	Stonework Puma
10933	Summoner's Bane
10934	Summoning Trap
10935	Sunspring Expedition
10936	Surrakar Marauder
10937	Tajuru Archer
10938	Tanglesap
10939	Teetering Peaks
10940	Tempest Owl
10941	Terra Stomper
10942	Territorial Baloth
10943	Timbermaw Larva
10944	Torch Slinger
10945	Trailblazer's Boots
10946	Trapfinder's Trick
10947	Trapmaker's Snare
10948	Trusty Machete
10949	Tuktuk Grunts
10950	Turntimber Basilisk
10951	Turntimber Grove
10952	Turntimber Ranger
10953	Umara Raptor
10954	Unstable Footing
10955	Vampire Hexmage
10956	Vampire Lacerator
10957	Vampire Nighthawk
10958	Vampire's Bite
10959	Vastwood Gorger
10960	Verdant Catacombs
10961	Vines of Vastwood
10962	Warren Instigator
10963	Welkin Tern
10964	Windborne Charge
10965	Windrider Eel
10966	World Queller
10967	Zektar Shrine Expedition
10968	Zendikar Farguide
10969	Season's Beatings
10970	Comet Storm
10971	Celestial Colonnade
10972	Joraga Warcaller
10973	Abyssal Persecutor
10974	Admonition Angel
10975	Aether Tradewinds
10976	Agadeem Occultist
10977	Akoum Battlesinger
10978	Amulet of Vigor
10979	Anowon, the Ruin Sage
10980	Apex Hawks
10981	Arbor Elf
10982	Archon of Redemption
10983	Avenger of Zendikar
10984	Basilisk Collar
10985	Battle Hurda
10986	Bazaar Trader
10987	Bestial Menace
10988	Bloodhusk Ritualist
10989	Bojuka Bog
10990	Bojuka Brigand
10991	Brink of Disaster
10992	Bull Rush
10993	Butcher of Malakir
10994	Calcite Snapper
10995	Canopy Cover
10996	Caustic Crawler
10997	Chain Reaction
10998	Claws of Valakut
10999	Corrupted Zendikon
11000	Cosi's Ravager
11001	Creeping Tar Pit
11002	Crusher Zendikon
11003	Cunning Sparkmage
11004	Dead Reckoning
11005	Death's Shadow
11006	Deathforge Shaman
11007	Dispel
11008	Dragonmaster Outcast
11009	Dread Statuary
11010	Enclave Elite
11011	Everflowing Chalice
11012	Explore
11013	Eye of Ugin
11014	Feral Contest
11015	Fledgling Griffin
11016	Gnarlid Pack
11017	Goblin Roughrider
11018	Goliath Sphinx
11019	Grappler Spider
11020	Graypelt Hunter
11021	Grotag Thrasher
11022	Groundswell
11023	Guardian Zendikon
11024	Hada Freeblade
11025	Halimar Depths
11026	Halimar Excavator
11027	Hammer of Ruin
11028	Harabaz Druid
11029	Hedron Rover
11030	Horizon Drake
11031	Iona's Judgment
11032	Jace, the Mind Sculptor
11033	Jagwasp Swarm
11034	Join the Ranks
11035	Jwari Shapeshifter
11036	Kalastria Highborn
11037	Kazuul, Tyrant of the Cliffs
11038	Khalni Garden
11039	Kitesail
11040	Kitesail Apprentice
11041	Kor Firewalker
11042	Lavaclaw Reaches
11043	Leatherback Baloth
11044	Lightkeeper of Emeria
11045	Loam Lion
11046	Lodestone Golem
11047	Marsh Threader
11048	Marshal's Anthem
11049	Mire's Toll
11050	Mordant Dragon
11051	Mysteries of the Deep
11052	Nature's Claim
11053	Nemesis Trap
11054	Novablast Wurm
11055	Omnath, Locus of Mana
11056	Perimeter Captain
11057	Permafrost Trap
11058	Pilgrim's Eye
11059	Pulse Tracker
11060	Quag Vampires
11061	Quest for Renewal
11062	Quest for Ula's Temple
11063	Quest for the Goblin Lord
11064	Quest for the Nihil Stone
11065	Raging Ravine
11066	Razor Boomerang
11067	Refraction Trap
11068	Rest for the Weary
11069	Ricochet Trap
11070	Roiling Terrain
11071	Ruin Ghost
11072	Rumbling Aftershocks
11073	Ruthless Cullblade
11074	Scrib Nibblers
11075	Searing Blaze
11076	Seer's Sundial
11077	Sejiri Merfolk
11078	Sejiri Steppe
11079	Selective Memory
11080	Shoreline Salvager
11081	Skitter of Lizards
11082	Slavering Nulls
11083	Slingbow Trap
11084	Smoldering Spires
11085	Snapping Creeper
11086	Spell Contortion
11087	Stirring Wildwood
11088	Stone Idol Trap
11089	Stoneforge Mystic
11090	Strength of the Tajuru
11091	Summit Apes
11092	Surrakar Banisher
11093	Talus Paladin
11094	Tectonic Edge
11095	Terastodon
11096	Terra Eternal
11097	Thada Adel, Acquisitor
11098	Tideforce Elemental
11099	Tomb Hex
11100	Treasure Hunt
11101	Tuktuk Scrapper
11102	Urge to Feed
11103	Vapor Snare
11104	Vastwood Animist
11105	Vastwood Zendikon
11106	Veteran's Reflexes
11107	Voyager Drake
11108	Walking Atlas
11109	Wind Zendikon
11110	Wolfbriar Elemental
11111	Wrexial, the Risen Deep
11112	Robot Chicken
11113	Emrakul, the Aeons Torn
11114	Guul Draz Assassin
11115	Lord of Shatterskull Pass
11116	Affa Guard Hound
11117	Akoum Boulderfoot
11118	All Is Dust
11119	Ancient Stirrings
11120	Angelheart Vial
11121	Arrogant Bloodlord
11122	Artisan of Kozilek
11123	Aura Finesse
11124	Aura Gnarlid
11125	Awakening Zone
11126	Bala Ged Scorpion
11127	Baneful Omen
11128	Battle-Rattle Shaman
11129	Bear Umbra
11130	Beastbreaker of Bala Ged
11131	Bloodrite Invoker
11132	Bloodthrone Vampire
11133	Boar Umbra
11134	Bramblesnap
11135	Brimstone Mage
11136	Brood Birthing
11137	Broodwarden
11138	Cadaver Imp
11139	Caravan Escort
11140	Cast Through Time
11141	Champion's Drake
11142	Conquering Manticore
11143	Consume the Meek
11144	Consuming Vapors
11145	Contaminated Ground
11146	Coralhelm Commander
11147	Corpsehatch
11148	Crab Umbra
11149	Curse of Wizardry
11150	Daggerback Basilisk
11151	Dawnglare Invoker
11152	Death Cultist
11153	Deathless Angel
11154	Demonic Appetite
11155	Deprive
11156	Devastating Summons
11157	Disaster Radius
11158	Distortion Strike
11159	Domestication
11160	Dormant Gomazoa
11161	Drake Umbra
11162	Drana, Kalastria Bloodchief
11163	Dread Drone
11164	Dreamstone Hedron
11165	Echo Mage
11166	Eel Umbra
11167	Eland Umbra
11168	Eldrazi Conscription
11169	Eldrazi Temple
11170	Emerge Unscathed
11171	Emrakul's Hatcher
11172	Enatu Golem
11173	Enclave Cryptologist
11174	Escaped Null
11175	Essence Feed
11176	Evolving Wilds
11177	Explosive Revelation
11178	Fissure Vent
11179	Flame Slash
11180	Fleeting Distraction
11181	Forked Bolt
11182	Frostwind Invoker
11183	Gelatinous Genesis
11184	Gideon Jura
11185	Gigantomancer
11186	Gloomhunter
11187	Goblin Arsonist
11188	Goblin Tunneler
11189	Gravitational Shift
11190	Gravity Well
11191	Grotag Siege-Runner
11192	Growth Spasm
11193	Guard Duty
11194	Guard Gomazoa
11195	Hada Spy Patrol
11196	Halimar Wavewatch
11197	Hand of Emrakul
11198	Harmless Assault
11199	Haze Frog
11200	Hedron Matrix
11201	Hedron-Field Purists
11202	Hellcarver Demon
11203	Hellion Eruption
11204	Hyena Umbra
11205	Ikiral Outrider
11206	Induce Despair
11207	Inquisition of Kozilek
11208	Irresistible Prey
11209	It That Betrays
11210	Jaddi Lifestrider
11211	Joraga Treespeaker
11212	Jwari Scuttler
11213	Kabira Vindicator
11214	Kargan Dragonlord
11215	Kazandu Tuskcaller
11216	Keening Stone
11217	Khalni Hydra
11218	Kiln Fiend
11219	Knight of Cliffhaven
11220	Kor Line-Slinger
11221	Kor Spiritdancer
11222	Kozilek's Predator
11223	Kozilek, Butcher of Truth
11224	Lagac Lizard
11225	Last Kiss
11226	Lavafume Invoker
11227	Lay Bare
11228	Leaf Arrow
11229	Lighthouse Chronologist
11230	Lightmine Field
11231	Linvala, Keeper of Silence
11232	Living Destiny
11233	Lone Missionary
11234	Luminous Wake
11235	Lust for War
11236	Magmaw
11237	Makindi Griffin
11238	Mammoth Umbra
11239	Merfolk Observer
11240	Merfolk Skyscout
11241	Might of the Masses
11242	Mnemonic Wall
11243	Momentous Fall
11244	Mortician Beetle
11245	Mul Daya Channelers
11246	Narcolepsy
11247	Near-Death Experience
11248	Nema Siltlurker
11249	Nest Invader
11250	Nighthaze
11251	Nirkana Cutthroat
11252	Nirkana Revenant
11253	Nomads' Assembly
11254	Not of This World
11255	Null Champion
11256	Ogre Sentry
11257	Ogre's Cleaver
11258	Ondu Giant
11259	Oust
11260	Overgrown Battlement
11261	Pathrazer of Ulamog
11262	Pawn of Ulamog
11263	Pelakka Wurm
11264	Pennon Blade
11265	Perish the Thought
11266	Pestilence Demon
11267	Phantasmal Abomination
11268	Prey's Vengeance
11269	Prophetic Prism
11270	Puncturing Light
11271	Rage Nimbus
11272	Raid Bombardment
11273	Rapacious One
11274	Reality Spasm
11275	Realms Uncharted
11276	Recurring Insight
11277	Reinforced Bulwark
11278	Renegade Doppelganger
11279	Repay in Kind
11280	Repel the Darkness
11281	Runed Servitor
11282	Sarkhan the Mad
11283	Sea Gate Oracle
11284	See Beyond
11285	Shared Discovery
11286	Shrivel
11287	Skeletal Wurm
11288	Skittering Invasion
11289	Skywatcher Adept
11290	Snake Umbra
11291	Soul's Attendant
11292	Soulbound Guardians
11293	Soulsurge Elemental
11294	Spawning Breath
11295	Spawnsire of Ulamog
11296	Sphinx of Magosi
11297	Sphinx-Bone Wand
11298	Spider Umbra
11299	Splinter Twin
11300	Sporecap Spider
11301	Staggershock
11302	Stalwart Shield-Bearers
11303	Stomper Cub
11304	Student of Warfare
11305	Suffer the Past
11306	Surrakar Spellblade
11307	Surreal Memoir
11308	Survival Cache
11309	Tajuru Preserver
11310	Thought Gorger
11311	Time of Heroes
11312	Totem-Guide Hartebeest
11313	Training Grounds
11314	Traitorous Instinct
11315	Transcendent Master
11316	Tuktuk the Explorer
11317	Ulamog's Crusher
11318	Ulamog, the Infinite Gyre
11319	Umbra Mystic
11320	Unified Will
11321	Valakut Fireboar
11322	Venerated Teacher
11323	Vengevine
11324	Vent Sentinel
11325	Virulent Swipe
11326	Wall of Omens
11327	Warmonger's Chariot
11328	Wildheart Invoker
11329	World at War
11330	Wrap in Flames
11331	Zof Shade
11332	Zulaport Enforcer
11333	Chandra's Outrage
11334	Plummet
11335	Reassembling Skeleton
11336	Sorcerer's Strongbox
11337	A Display of My Dark Power
11338	All Shall Smolder in My Wake
11339	All in Good Time
11340	Approach My Molten Realm
11341	Behold the Power of Destruction
11342	Choose Your Champion
11343	Dance, Pathetic Marionette
11344	Embrace My Diabolical Vision
11345	Every Hope Shall Vanish
11346	Every Last Vestige Shall Rot
11347	Evil Comes to Fruition
11348	Feed the Machine
11349	I Bask in Your Silent Awe
11350	I Call on the Ancient Magics
11351	I Delight in Your Convulsions
11352	I Know All, I See All
11353	Ignite the Cloneforge!
11354	Into the Earthen Maw
11355	Introductions Are in Order
11356	Know Naught but Fire
11357	Look Skyward and Despair
11358	May Civilization Collapse
11359	Mortal Flesh Is Weak
11360	My Crushing Masterstroke
11361	My Genius Knows No Bounds
11362	My Undead Horde Awakens
11363	My Wish Is Your Command
11364	Nature Demands an Offering
11365	Nature Shields Its Own
11366	Nothing Can Stop Me Now
11367	Only Blood Ends Your Nightmares
11368	Realms Befitting My Majesty
11369	Roots of All Evil
11370	Rotted Ones, Lay Siege
11371	Surrender Your Thoughts
11372	The Dead Shall Serve
11373	The Fate of the Flammable
11374	The Iron Guardian Stirs
11375	The Pieces Are Coming Together
11376	The Very Soil Shall Shake
11377	Tooth, Claw, and Tail
11378	Which of You Burns Brightest?
11379	Your Fate Is Thrice Sealed
11380	Your Puny Minds Cannot Fathom
11381	Your Will Is Not Your Own
11382	Ancient Hellkite
11383	Sun Titan
11384	Aether Adept
11385	Air Servant
11386	Ajani's Mantra
11387	Ajani's Pridemate
11388	Angelic Arbiter
11389	Arc Runner
11390	Armored Cancrix
11391	Assault Griffin
11392	Augury Owl
11393	Autumn's Veil
11394	Back to Nature
11395	Barony Vampire
11396	Blood Tithe
11397	Bloodcrazed Goblin
11398	Brindle Boar
11399	Brittle Effigy
11400	Call to Mind
11401	Captivating Vampire
11402	Chandra's Spitfire
11403	Cloud Crusader
11404	Combust
11405	Conundrum Sphinx
11406	Crystal Ball
11407	Cultivate
11408	Cyclops Gladiator
11409	Dark Tutelage
11410	Demon of Death's Gate
11411	Destructive Force
11412	Diminish
11413	Dryad's Favor
11414	Earth Servant
11415	Elixir of Immortality
11416	Ember Hauler
11417	Fauna Shaman
11418	Fire Servant
11419	Frost Titan
11420	Gaea's Revenge
11421	Gargoyle Sentinel
11422	Garruk's Companion
11423	Garruk's Packleader
11424	Grave Titan
11425	Greater Basilisk
11426	Harbor Serpent
11427	Hoarding Dragon
11428	Hornet Sting
11429	Hunters' Feast
11430	Incite
11431	Inferno Titan
11432	Inspired Charge
11433	Jace's Erasure
11434	Jace's Ingenuity
11435	Knight Exemplar
11436	Leyline of Anticipation
11437	Leyline of Punishment
11438	Leyline of Sanctity
11439	Leyline of Vitality
11440	Liliana's Caress
11441	Liliana's Specter
11442	Manic Vandal
11443	Maritime Guard
11444	Mass Polymorph
11445	Merfolk Spy
11446	Mighty Leap
11447	Mitotic Slime
11448	Mystifying Maze
11449	Necrotic Plague
11450	Nether Horror
11451	Nightwing Shade
11452	Obstinate Baloth
11453	Overwhelming Stampede
11454	Phantom Beast
11455	Phylactery Lich
11456	Preordain
11457	Primal Cocoon
11458	Primeval Titan
11459	Pyretic Ritual
11460	Quag Sickness
11461	Redirect
11462	Reverberate
11463	Roc Egg
11464	Rotting Legion
11465	Sacred Wolf
11466	Scroll Thief
11467	Serra Ascendant
11468	Squadron Hawk
11469	Stabbing Pain
11470	Steel Overseer
11471	Stone Golem
11472	Stormtide Leviathan
11473	Sword of Vengeance
11474	Sylvan Ranger
11475	Temple Bell
11476	Thunder Strike
11477	Time Reversal
11478	Tireless Missionaries
11479	Vengeful Archon
11480	Viscera Seer
11481	Volcanic Strength
11482	Wall of Vines
11483	War Priest of Thune
11484	Warlord's Axe
11485	Water Servant
11486	Wild Evocation
11487	Sword of Body and Mind
11488	Contagion Clasp
11489	Kemba's Skyguard
11490	Drench the Soil in Their Blood
11491	Imprison This Insolent Wretch
11492	Perhaps You've Met My Cohort
11493	Plots That Span Centuries
11494	Your Inescapable Doom
11495	Memoricide
11496	Steel Hellkite
11497	Wurmcoil Engine
11498	Abuna Acolyte
11499	Accorder's Shield
11500	Acid Web Spider
11501	Alpha Tyrranax
11502	Arc Trail
11503	Argent Sphinx
11504	Argentum Armor
11505	Asceticism
11506	Assault Strobe
11507	Auriok Edgewright
11508	Auriok Replica
11509	Auriok Sunchaser
11510	Barbed Battlegear
11511	Barrage Ogre
11512	Bellowing Tanglewurm
11513	Blackcleave Cliffs
11514	Blackcleave Goblin
11515	Blade-Tribe Berserkers
11516	Bladed Pinions
11517	Bleak Coven Vampires
11518	Blight Mamba
11519	Blistergrub
11520	Blunt the Assault
11521	Bonds of Quicksilver
11522	Carapace Forger
11523	Carnifex Demon
11524	Carrion Call
11525	Cerebral Eruption
11526	Chimeric Mass
11527	Chrome Steed
11528	Clone Shell
11529	Contagion Engine
11530	Contagious Nim
11531	Copperhorn Scout
11532	Copperline Gorge
11533	Corpse Cur
11534	Corrupted Harvester
11535	Culling Dais
11536	Cystbearer
11537	Darkslick Drake
11538	Darkslick Shores
11539	Darksteel Axe
11540	Darksteel Juggernaut
11541	Darksteel Myr
11542	Darksteel Sentinel
11543	Dispense Justice
11544	Dissipation Field
11545	Dross Hopper
11546	Echo Circlet
11547	Elspeth Tirel
11548	Embersmith
11549	Engulfing Slagwurm
11550	Etched Champion
11551	Exsanguinate
11552	Ezuri's Archers
11553	Ezuri's Brigade
11554	Ezuri, Renegade Leader
11555	Ferrovore
11556	Flameborn Hellion
11557	Flesh Allergy
11558	Flight Spellbomb
11559	Fulgent Distraction
11560	Fume Spitter
11561	Furnace Celebration
11562	Galvanic Blast
11563	Genesis Wave
11564	Geth, Lord of the Vault
11565	Ghalma's Warden
11566	Glimmerpoint Stag
11567	Glimmerpost
11568	Glint Hawk
11569	Glint Hawk Idol
11570	Goblin Gaveleer
11571	Golden Urn
11572	Golem Artisan
11573	Golem Foundry
11574	Golem's Heart
11575	Grafted Exoskeleton
11576	Grand Architect
11577	Grasp of Darkness
11578	Grindclock
11579	Halt Order
11580	Hand of the Praetors
11581	Heavy Arbalest
11582	Hoard-Smelter Dragon
11583	Horizon Spellbomb
11584	Ichor Rats
11585	Ichorclaw Myr
11586	Indomitable Archangel
11587	Inexorable Tide
11588	Infiltration Lens
11589	Instill Infection
11590	Kemba, Kha Regent
11591	Koth of the Hammer
11592	Kuldotha Forgemaster
11593	Kuldotha Phoenix
11594	Kuldotha Rebirth
11595	Leonin Arbiter
11596	Liege of the Tangle
11597	Lifesmith
11598	Liquimetal Coating
11599	Livewire Lash
11600	Loxodon Wayfarer
11601	Lumengrid Drake
11602	Lux Cannon
11603	Melt Terrain
11604	Memnite
11605	Mimic Vat
11606	Molder Beast
11607	Molten Psyche
11608	Molten-Tail Masticore
11609	Moriok Reaver
11610	Moriok Replica
11611	Mox Opal
11612	Myr Battlesphere
11613	Myr Galvanizer
11614	Myr Propagator
11615	Myr Reservoir
11616	Myrsmith
11617	Necrogen Censer
11618	Necrogen Scudder
11619	Necropede
11620	Necrotic Ooze
11621	Neurok Invisimancer
11622	Neurok Replica
11623	Nihil Spellbomb
11624	Nim Deathmantle
11625	Ogre Geargrabber
11626	Origin Spellbomb
11627	Oxidda Daredevil
11628	Oxidda Scrapmelter
11629	Painful Quandary
11630	Painsmith
11631	Palladium Myr
11632	Panic Spellbomb
11633	Perilous Myr
11634	Plague Stinger
11635	Plated Seastrider
11636	Platinum Emperion
11637	Precursor Golem
11638	Prototype Portal
11639	Psychic Miasma
11640	Putrefax
11641	Quicksilver Gargantuan
11642	Ratchet Bomb
11643	Razor Hippogriff
11644	Razorfield Thresher
11645	Razorverge Thicket
11646	Relic Putrescence
11647	Revoke Existence
11648	Riddlesmith
11649	Rust Tick
11650	Rusted Relic
11651	Saberclaw Golem
11652	Salvage Scout
11653	Scoria Elemental
11654	Scrapdiver Serpent
11655	Screeching Silcaw
11656	Seachrome Coast
11657	Seize the Initiative
11658	Semblance Anvil
11659	Shape Anew
11660	Skinrender
11661	Skithiryx, the Blight Dragon
11662	Sky-Eel School
11663	Slice in Twain
11664	Snapsail Glider
11665	Soliton
11666	Soul Parry
11667	Spikeshot Elder
11668	Steady Progress
11669	Stoic Rebuttal
11670	Strata Scythe
11671	Strider Harness
11672	Sunblast Angel
11673	Sunspear Shikari
11674	Sylvok Lifestaff
11675	Sylvok Replica
11676	Tainted Strike
11677	Tangle Angler
11678	Tel-Jilad Defiance
11679	Tel-Jilad Fallen
11680	Tempered Steel
11681	Throne of Geth
11682	Thrummingbird
11683	Tower of Calamities
11684	Trigon of Corruption
11685	Trigon of Infestation
11686	Trigon of Mending
11687	Trigon of Rage
11688	Trigon of Thought
11689	True Conviction
11690	Tumble Magnet
11691	Tunnel Ignus
11692	Turn Aside
11693	Turn to Slag
11694	Twisted Image
11695	Untamed Might
11696	Vault Skyward
11697	Vector Asp
11698	Vedalken Certarch
11699	Venser's Journal
11700	Venser, the Sojourner
11701	Vigil for the Lost
11702	Viridian Revel
11703	Volition Reins
11704	Vulshok Heartstoker
11705	Vulshok Replica
11706	Wall of Tanglecord
11707	Whitesun's Passage
11708	Wing Puncture
11709	Withstand Death
11710	Poison Counter
11711	Gleemox
11712	Snow Mercy
11713	Go for the Throat
11714	Glissa, the Traitor
11715	Hero of Bladehold
11716	Mirran Crusader
11717	Thopter Assembly
11718	Accorder Paladin
11719	Ardent Recruit
11720	Banishment Decree
11721	Black Sun's Zenith
11722	Bladed Sentinel
11723	Blightsteel Colossus
11724	Blightwidow
11725	Blisterstick Shaman
11726	Blue Sun's Zenith
11727	Bonehoard
11728	Brass Squire
11729	Burn the Impure
11730	Caustic Hound
11731	Choking Fumes
11732	Concussive Bolt
11733	Consecrated Sphinx
11734	Contested War Zone
11735	Copper Carapace
11736	Core Prowler
11737	Corrupted Conscience
11738	Creeping Corrosion
11739	Crush
11740	Cryptoplasm
11741	Darksteel Plate
11742	Decimator Web
11743	Distant Memories
11744	Dross Ripper
11745	Fangren Marauder
11746	Flayer Husk
11747	Flensermite
11748	Flesh-Eater Imp
11749	Frantic Salvage
11750	Fuel for the Cause
11751	Galvanoth
11752	Glissa's Courier
11753	Gnathosaur
11754	Goblin Wardriver
11755	Gore Vassal
11756	Green Sun's Zenith
11757	Gruesome Encore
11758	Gust-Skimmer
11759	Hellkite Igniter
11760	Hero of Oxid Ridge
11761	Hexplate Golem
11762	Horrifying Revelation
11763	Ichor Wellspring
11764	Inkmoth Nexus
11765	Into the Core
11766	Kemba's Legion
11767	Knowledge Pool
11768	Koth's Courier
11769	Kuldotha Flamefiend
11770	Kuldotha Ringleader
11771	Lead the Stampede
11772	Leonin Relic-Warder
11773	Loxodon Partisan
11774	Lumengrid Gargoyle
11775	Magnetic Mine
11776	Massacre Wurm
11777	Master's Call
11778	Melira's Keepers
11779	Metallic Mastery
11780	Mirran Mettle
11781	Mirran Spy
11782	Mirrorworks
11783	Mitotic Manipulation
11784	Morbid Plunder
11785	Mortarpod
11786	Myr Sire
11787	Myr Turbine
11788	Myr Welder
11789	Nested Ghoul
11790	Neurok Commando
11791	Oculus
11792	Ogre Resister
11793	Peace Strider
11794	Phyresis
11795	Phyrexian Crusader
11796	Phyrexian Digester
11797	Phyrexian Hydra
11798	Phyrexian Juggernaut
11799	Phyrexian Rebirth
11800	Phyrexian Revoker
11801	Phyrexian Vatmother
11802	Pierce Strider
11803	Piston Sledge
11804	Pistus Strike
11805	Plague Myr
11806	Plaguemaw Beast
11807	Praetor's Counsel
11808	Priests of Norn
11809	Psychosis Crawler
11810	Quicksilver Geyser
11811	Quilled Slagwurm
11812	Rally the Forces
11813	Razorfield Rhino
11814	Red Sun's Zenith
11815	Rot Wolf
11816	Rusted Slasher
11817	Sangromancer
11818	Scourge Servant
11819	Septic Rats
11820	Serum Raker
11821	Shimmer Myr
11822	Shriekhorn
11823	Signal Pest
11824	Silverskin Armor
11825	Skinwing
11826	Slagstorm
11827	Sphere of the Suns
11828	Spin Engine
11829	Spine of Ish Sah
11830	Spiraling Duelist
11831	Spire Serpent
11832	Spread the Sickness
11833	Steel Sabotage
11834	Strandwalker
11835	Sword of Feast and Famine
11836	Tangle Hulk
11837	Tangle Mantis
11838	Tezzeret, Agent of Bolas
11839	Thrun, the Last Troll
11840	Tine Shrike
11841	Titan Forge
11842	Training Drone
11843	Treasure Mage
11844	Turn the Tide
11845	Unnatural Predation
11846	Vedalken Anatomist
11847	Vedalken Infuser
11848	Victory's Herald
11849	Viridian Claw
11850	Viridian Corrupter
11851	Viridian Emissary
11852	Virulent Wound
11853	Vivisection
11854	White Sun's Zenith
11855	Phyrexian Metamorph
11856	Pristine Talisman
11857	Sheoldred, Whispering One
11858	Surgical Extraction
11859	Act of Aggression
11860	Alloy Myr
11861	Apostle's Blessing
11862	Argent Mutation
11863	Arm with Aether
11864	Artillerize
11865	Auriok Survivors
11866	Batterskull
11867	Beast Within
11868	Birthing Pod
11869	Blade Splicer
11870	Blighted Agent
11871	Blind Zealot
11872	Blinding Souleater
11873	Bludgeon Brawl
11874	Brutalizer Exarch
11875	Caged Sun
11876	Caress of Phyrexia
11877	Cathedral Membrane
11878	Chained Throatseeker
11879	Chancellor of the Annex
11880	Chancellor of the Dross
11881	Chancellor of the Forge
11882	Chancellor of the Spires
11883	Chancellor of the Tangle
11884	Conversion Chamber
11885	Corrosive Gale
11886	Corrupted Resolve
11887	Darksteel Relic
11888	Death-Hood Cobra
11889	Deceiver Exarch
11890	Defensive Stance
11891	Dementia Bat
11892	Despise
11893	Dismember
11894	Dispatch
11895	Due Respect
11896	Elesh Norn, Grand Cenobite
11897	Entomber Exarch
11898	Etched Monstrosity
11899	Exclusion Ritual
11900	Fallen Ferromancer
11901	Flameborn Viron
11902	Forced Worship
11903	Fresh Meat
11904	Furnace Scamp
11905	Geosurge
11906	Geth's Verdict
11907	Gitaxian Probe
11908	Glissa's Scorn
11909	Glistener Elf
11910	Glistening Oil
11911	Greenhilt Trainee
11912	Gremlin Mine
11913	Grim Affliction
11914	Gut Shot
11915	Hex Parasite
11916	Hovermyr
11917	Ichor Explosion
11918	Immolating Souleater
11919	Impaler Shrike
11920	Inquisitor Exarch
11921	Insatiable Souleater
11922	Invader Parasite
11923	Isolation Cell
11924	Jin-Gitaxias, Core Augur
11925	Jor Kadeen, the Prevailer
11926	Karn Liberated
11927	Kiln Walker
11928	Lashwrithe
11929	Leeching Bite
11930	Life's Finale
11931	Lost Leonin
11932	Loxodon Convert
11933	Marrow Shards
11934	Master Splicer
11935	Maul Splicer
11936	Melira, Sylvok Outcast
11937	Mental Misstep
11938	Mindcrank
11939	Mindculling
11940	Moltensteel Dragon
11941	Mortis Dogs
11942	Mutagenic Growth
11943	Mycosynth Fiend
11944	Mycosynth Wellspring
11945	Myr Superion
11946	Necropouncer
11947	Norn's Annex
11948	Noxious Revival
11949	Numbing Dose
11950	Ogre Menial
11951	Omen Machine
11952	Parasitic Implant
11953	Pestilent Souleater
11954	Phyrexia's Core
11955	Phyrexian Ingester
11956	Phyrexian Obliterator
11957	Phyrexian Swarmlord
11958	Phyrexian Unlife
11959	Pith Driller
11960	Porcelain Legionnaire
11961	Postmortem Lunge
11962	Praetor's Grasp
11963	Priest of Urabrask
11964	Psychic Barrier
11965	Psychic Surgery
11966	Puresteel Paladin
11967	Rage Extractor
11968	Razor Swine
11969	Reaper of Sheoldred
11970	Remember the Fallen
11971	Rotted Hystrix
11972	Ruthless Invasion
11973	Scrapyard Salvo
11974	Sensor Splicer
11975	Shattered Angel
11976	Shriek Raptor
11977	Shrine of Boundless Growth
11978	Shrine of Burning Rage
11979	Shrine of Limitless Power
11980	Shrine of Loyal Legions
11981	Shrine of Piercing Vision
11982	Sickleslicer
11983	Slag Fiend
11984	Slash Panther
11985	Soul Conduit
11986	Spellskite
11987	Spinebiter
11988	Spined Thopter
11989	Spire Monitor
11990	Surge Node
11991	Suture Priest
11992	Sword of War and Peace
11993	Tezzeret's Gambit
11994	Thundering Tanadon
11995	Tormentor Exarch
11996	Torpor Orb
11997	Toxic Nim
11998	Trespassing Souleater
11999	Triumph of the Hordes
12000	Unwinding Clock
12001	Urabrask the Hidden
12002	Vapor Snag
12003	Vault Skirge
12004	Victorious Destruction
12005	Viral Drake
12006	Viridian Betrayers
12007	Viridian Harvest
12008	Vital Splicer
12009	Volt Charge
12010	Vorinclex, Voice of Hunger
12011	Vulshok Refugee
12012	War Report
12013	Whipflare
12014	Whispering Specter
12015	Wing Splicer
12016	Xenograft
12017	Acorn Catapult
12018	Alliance of Arms
12019	Animar, Soul of Elements
12020	Archangel of Strife
12021	Avatar of Slaughter
12022	Basandra, Battle Seraph
12023	Celestial Force
12024	Champion's Helm
12025	Chaos Warp
12026	Collective Voyage
12027	Command Tower
12028	Crescendo of War
12029	Damia, Sage of Stone
12030	Death by Dragons
12031	Dread Cacodemon
12032	Edric, Spymaster of Trest
12033	Flusterstorm
12034	Ghave, Guru of Spores
12035	Homeward Path
12036	Hornet Queen
12037	Hydra Omnivore
12038	Kaalia of the Vast
12039	Karador, Ghost Chieftain
12040	Magmatic Force
12041	Mana-Charged Dragon
12042	Martyr's Bond
12043	Minds Aglow
12044	Nin, the Pain Artist
12045	Riddlekeeper
12046	Riku of Two Reflections
12047	Ruhan of the Fomori
12048	Scavenging Ooze
12049	Scythe Specter
12050	Sewer Nemesis
12051	Shared Trauma
12052	Skullbriar, the Walking Grave
12053	Soul Snare
12054	Spell Crumple
12055	Stranglehold
12056	Syphon Flesh
12057	Tariel, Reckoner of Souls
12058	The Mimeoplasm
12059	Trench Gorger
12060	Tribute to the Wild
12061	Vish Kal, Blood Arbiter
12062	Vow of Duty
12063	Vow of Flight
12064	Vow of Lightning
12065	Vow of Malice
12066	Vow of Wildness
12067	Zedruu the Greathearted
12068	Phantasmal Dragon
12069	Bloodlord of Vaasgoth
12070	Chandra's Phoenix
12071	Garruk's Horde
12072	Tormented Soul
12073	Adaptive Automaton
12074	Aegis Angel
12075	Alabaster Mage
12076	Amphin Cutthroat
12077	Angelic Destiny
12078	Arachnus Spinner
12079	Arachnus Web
12080	Arbalest Elite
12081	Armored Warhorse
12082	Aven Fleetwing
12083	Azure Mage
12084	Benalish Veteran
12085	Blood Ogre
12086	Bloodrage Vampire
12087	Bonebreaker Giant
12088	Buried Ruin
12089	Carnage Wurm
12090	Chandra, the Firebrand
12091	Chasm Drake
12092	Circle of Flame
12093	Crimson Mage
12094	Crown of Empires
12095	Crumbling Colossus
12096	Dark Favor
12097	Devouring Swarm
12098	Divine Favor
12099	Doubling Chant
12100	Drifting Shade
12101	Druidic Satchel
12102	Dungrove Elder
12103	Duskhunter Bat
12104	Frost Breath
12105	Furyborn Hellkite
12106	Garruk, Primal Hunter
12107	Gideon's Avenger
12108	Gideon's Lawkeeper
12109	Gladecover Scout
12110	Goblin Bangchuckers
12111	Goblin Fireslinger
12112	Gorehorn Minotaurs
12113	Grand Abolisher
12114	Greatsword
12115	Griffin Rider
12116	Guardians' Pledge
12117	Hideous Visage
12118	Hunter's Insight
12119	Jace's Archivist
12120	Jace, Memory Adept
12121	Jade Mage
12122	Kite Shield
12123	Lord of the Unreal
12124	Lurking Crocodile
12125	Manalith
12126	Master Thief
12127	Merfolk Mesmerist
12128	Mind Unbound
12129	Monomania
12130	Onyx Mage
12131	Peregrine Griffin
12132	Personal Sanctuary
12133	Phantasmal Bear
12134	Phantasmal Image
12135	Pride Guardian
12136	Primordial Hydra
12137	Rune-Scarred Demon
12138	Rusted Sentinel
12139	Scepter of Empires
12140	Scrambleverse
12141	Skinshifter
12142	Skywinder Drake
12143	Sorin's Thirst
12144	Sorin's Vengeance
12145	Sphinx of Uthuun
12146	Spirit Mantle
12147	Stave Off
12148	Stingerfling Spider
12149	Stonehorn Dignitary
12150	Stormblood Berserker
12151	Sundial of the Infinite
12152	Swiftfoot Boots
12153	Taste of Blood
12154	Tectonic Rift
12155	Throne of Empires
12156	Timely Reinforcements
12157	Titanic Growth
12158	Trollhide
12159	Turn to Frog
12160	Vampire Outcasts
12161	Vengeful Pharaoh
12162	Visions of Beyond
12163	Wall of Torches
12164	Warstorm Surge
12165	Wring Flesh
12166	Mikaeus, the Lunarch
12167	Devil's Play
12168	Diregraf Ghoul
12169	Elite Inquisitor
12170	Ludevic's Test Subject // Ludevic's Abomination
12171	Mayor of Avabruck // Howlpack Alpha
12172	Abattoir Ghoul
12173	Abbey Griffin
12174	Altar's Reap
12175	Ambush Viper
12176	Angel of Flight Alabaster
12177	Angelic Overseer
12178	Armored Skaab
12179	Army of the Damned
12180	Ashmouth Hound
12181	Avacyn's Pilgrim
12182	Avacynian Priest
12183	Back from the Brink
12184	Balefire Dragon
12185	Battleground Geist
12186	Bitterheart Witch
12187	Blasphemous Act
12188	Bloodcrazed Neonate
12189	Bloodgift Demon
12190	Bloodline Keeper // Lord of Lineage
12191	Bonds of Faith
12192	Boneyard Wurm
12193	Brain Weevil
12194	Bramblecrush
12195	Brimstone Volley
12196	Bump in the Night
12197	Burning Vengeance
12198	Butcher's Cleaver
12199	Cackling Counterpart
12200	Caravan Vigil
12201	Cellar Door
12202	Champion of the Parish
12203	Chapel Geist
12204	Charmbreaker Devils
12205	Civilized Scholar // Homicidal Brute
12206	Claustrophobia
12207	Clifftop Retreat
12208	Cloistered Youth // Unholy Fiend
12209	Cobbled Wings
12210	Corpse Lunge
12211	Creeping Renaissance
12212	Creepy Doll
12213	Crossway Vampire
12214	Curse of Death's Hold
12215	Curse of Oblivion
12216	Curse of Stalked Prey
12217	Curse of the Bloody Tome
12218	Curse of the Nightly Hunt
12219	Curse of the Pierced Heart
12220	Darkthicket Wolf
12221	Daybreak Ranger // Nightfall Predator
12222	Dead Weight
12223	Dearly Departed
12224	Delver of Secrets // Insectile Aberration
12225	Demonmail Hauberk
12226	Deranged Assistant
12227	Desperate Ravings
12228	Disciple of Griselbrand
12229	Divine Reckoning
12230	Doomed Traveler
12231	Dream Twist
12232	Elder Cathar
12233	Elder of Laurels
12234	Endless Ranks of the Dead
12235	Essence of the Wild
12236	Evil Twin
12237	Falkenrath Marauders
12238	Falkenrath Noble
12239	Feeling of Dread
12240	Feral Ridgewolf
12241	Festerhide Boar
12242	Fiend Hunter
12243	Forbidden Alchemy
12244	Fortress Crab
12245	Frightful Delusion
12246	Full Moon's Rise
12247	Furor of the Bitten
12248	Gallows Warden
12249	Galvanic Juggernaut
12250	Garruk Relentless // Garruk, the Veil-Cursed
12251	Gatstaf Shepherd // Gatstaf Howler
12252	Gavony Township
12253	Geist of Saint Traft
12254	Geist-Honored Monk
12255	Geistcatcher's Rig
12256	Geistflame
12257	Ghostly Possession
12258	Ghoulcaller's Bell
12259	Ghoulcaller's Chant
12260	Ghoulraiser
12261	Gnaw to the Bone
12262	Grasp of Phantoms
12263	Grave Bramble
12264	Graveyard Shovel
12265	Grimgrin, Corpse-Born
12266	Grimoire of the Dead
12267	Grizzled Outcasts // Krallenhorde Wantons
12268	Gruesome Deformity
12269	Gutter Grime
12270	Hamlet Captain
12271	Hanweir Watchkeep // Bane of Hanweir
12272	Harvest Pyre
12273	Heartless Summoning
12274	Heretic's Punishment
12275	Hinterland Harbor
12276	Hollowhenge Scavenger
12277	Hysterical Blindness
12278	Infernal Plunge
12279	Inquisitor's Flail
12280	Instigator Gang // Wildblood Pack
12281	Intangible Virtue
12282	Into the Maw of Hell
12283	Invisible Stalker
12284	Isolated Chapel
12285	Kessig Cagebreakers
12286	Kessig Wolf
12287	Kessig Wolf Run
12288	Kindercatch
12289	Kruin Outlaw // Terror of Kruin Pass
12290	Laboratory Maniac
12291	Lantern Spirit
12292	Liliana of the Veil
12293	Lost in the Mist
12294	Lumberknot
12295	Make a Wish
12296	Makeshift Mauler
12297	Manor Gargoyle
12298	Manor Skeleton
12299	Markov Patrician
12300	Mask of Avacyn
12301	Mausoleum Guard
12302	Maw of the Mire
12303	Memory's Journey
12304	Mentor of the Meek
12305	Midnight Haunting
12306	Mindshrieker
12307	Mirror-Mad Phantasm
12308	Moan of the Unhallowed
12309	Moldgraf Monstrosity
12310	Moment of Heroism
12311	Moon Heron
12312	Moonmist
12313	Moorland Haunt
12314	Morkrut Banshee
12315	Murder of Crows
12316	Nephalia Drownyard
12317	Nevermore
12318	Night Revelers
12319	Night Terrors
12320	Nightbird's Clutches
12321	Olivia Voldaren
12322	One-Eyed Scarecrow
12323	Orchard Spirit
12324	Parallel Lives
12325	Paraselene
12326	Past in Flames
12327	Pitchburn Devils
12328	Prey Upon
12329	Purify the Grave
12330	Rage Thrower
12331	Rakish Heir
12332	Rally the Peasants
12333	Ranger's Guile
12334	Reaper from the Abyss
12335	Rebuke
12336	Reckless Waif // Merciless Predator
12337	Riot Devils
12338	Rolling Temblor
12339	Rooftop Storm
12340	Rotting Fensnake
12341	Runechanter's Pike
12342	Runic Repetition
12343	Scourge of Geier Reach
12344	Screeching Bat // Stalking Vampire
12345	Selfless Cathar
12346	Selhoff Occultist
12347	Sensory Deprivation
12348	Sever the Bloodline
12349	Sharpened Pitchfork
12350	Silent Departure
12351	Silver-Inlaid Dagger
12352	Silverchase Fox
12353	Skaab Goliath
12354	Skaab Ruinator
12355	Skeletal Grimace
12356	Skirsdag Cultist
12357	Skirsdag High Priest
12358	Slayer of the Wicked
12359	Smite the Monstrous
12360	Snapcaster Mage
12361	Somberwald Spider
12362	Spare from Evil
12363	Spectral Flight
12364	Spectral Rider
12365	Spider Spawning
12366	Spidery Grasp
12367	Splinterfright
12368	Stensia Bloodhall
12369	Stitched Drake
12370	Stitcher's Apprentice
12371	Stony Silence
12372	Stromkirk Noble
12373	Stromkirk Patrol
12374	Sturmgeist
12375	Sulfur Falls
12376	Thraben Purebloods
12377	Thraben Sentry // Thraben Militia
12378	Tormented Pariah // Rampaging Werewolf
12379	Traitorous Blood
12380	Travel Preparations
12381	Traveler's Amulet
12382	Tree of Redemption
12383	Trepanation Blade
12384	Tribute to Hunger
12385	Typhoid Rats
12386	Ulvenwald Mystics // Ulvenwald Primordials
12387	Unbreathing Horde
12388	Unburial Rites
12389	Undead Alchemist
12390	Unruly Mob
12391	Urgent Exorcism
12392	Vampire Interloper
12393	Vampiric Fury
12394	Victim of Night
12395	Village Bell-Ringer
12396	Village Cannibals
12397	Village Ironsmith // Ironfang
12398	Villagers of Estwald // Howlpack of Estwald
12399	Voiceless Spirit
12400	Walking Corpse
12401	Witchbane Orb
12402	Wooden Stake
12403	Woodland Cemetery
12404	Woodland Sleuth
12405	Wreath of Geists
12406	Yule Ooze
12407	Lingering Souls
12408	Pillar of Flame
12409	Curse of Thirst
12410	Gather the Townsfolk
12411	Nearheath Stalker
12412	Gravecrawler
12413	Mondronen Shaman // Tovolar's Magehunter
12414	Ravenous Demon // Archdemon of Greed
12415	Strangleroot Geist
12416	Zombie Apocalypse
12417	Afflicted Deserter // Werewolf Ransacker
12418	Alpha Brawl
12419	Altar of the Lost
12420	Archangel's Light
12421	Artful Dodge
12422	Avacyn's Collar
12423	Bar the Door
12424	Beguiler of Wills
12425	Black Cat
12426	Blood Feud
12427	Bone to Ash
12428	Break of Day
12429	Briarpack Alpha
12430	Burden of Guilt
12431	Burning Oil
12432	Call to the Kindred
12433	Chalice of Life // Chalice of Death
12434	Chant of the Skifsang
12435	Chill of Foreboding
12436	Chosen of Markov // Markov's Servant
12437	Clinging Mists
12438	Counterlash
12439	Crushing Vines
12440	Curse of Bloodletting
12441	Curse of Echoes
12442	Curse of Exhaustion
12443	Curse of Misfortunes
12444	Dawntreader Elk
12445	Deadly Allure
12446	Death's Caress
12447	Deranged Outcast
12448	Diregraf Captain
12449	Drogskol Captain
12450	Drogskol Reaver
12451	Dungeon Geists
12452	Elbrus, the Binding Blade // Withengar Unbound
12453	Elgaud Inquisitor
12454	Erdwal Ripper
12455	Executioner's Hood
12456	Faith's Shield
12457	Faithless Looting
12458	Falkenrath Aristocrat
12459	Falkenrath Torturer
12460	Farbog Boneflinger
12461	Favor of the Woods
12462	Feed the Pack
12463	Fiend of the Shadows
12464	Fires of Undeath
12465	Flayer of the Hatebound
12466	Forge Devil
12467	Gavony Ironwright
12468	Geralf's Messenger
12469	Geralf's Mindcrusher
12470	Ghoultree
12471	Grafdigger's Cage
12472	Gravepurge
12473	Gravetiller Wurm
12474	Grim Backwoods
12475	Grim Flowering
12476	Griptide
12477	Gruesome Discovery
12478	Harrowing Journey
12479	Haunted Fengraf
12480	Havengul Lich
12481	Havengul Runebinder
12482	Headless Skaab
12483	Heavy Mattock
12484	Heckling Fiends
12485	Hellrider
12486	Helvault
12487	Highborn Ghoul
12488	Hinterland Hermit // Hinterland Scourge
12489	Hollowhenge Beast
12490	Hollowhenge Spirit
12491	Hunger of the Howlpack
12492	Huntmaster of the Fells // Ravager of the Fells
12493	Immerwolf
12494	Increasing Ambition
12495	Increasing Confusion
12496	Increasing Devotion
12497	Increasing Savagery
12498	Increasing Vengeance
12499	Jar of Eyeballs
12500	Kessig Recluse
12501	Lambholt Elder // Silverpelt Werewolf
12502	Lost in the Woods
12503	Loyal Cathar // Unhallowed Cathar
12504	Markov Blademaster
12505	Markov Warlord
12506	Midnight Guard
12507	Mikaeus, the Unhallowed
12508	Moonveil Dragon
12509	Mystic Retrieval
12510	Nephalia Seakite
12511	Niblis of the Breath
12512	Niblis of the Mist
12513	Niblis of the Urn
12514	Predator Ooze
12515	Pyreheart Wolf
12516	Reap the Seagraf
12517	Relentless Skaabs
12518	Requiem Angel
12519	Russet Wolves
12520	Sanctuary Cat
12521	Saving Grasp
12522	Scorch the Fields
12523	Scorned Villager // Moonscarred Werewolf
12524	Screeching Skaab
12525	Secrets of the Dead
12526	Shattered Perception
12527	Shriekgeist
12528	Sightless Ghoul
12529	Silverclaw Griffin
12530	Skillful Lunge
12531	Skirsdag Flayer
12532	Somberwald Dryad
12533	Sorin, Lord of Innistrad
12534	Soul Seizer // Ghastly Haunting
12535	Spiteful Shadows
12536	Stormbound Geist
12537	Stromkirk Captain
12538	Sudden Disappearance
12539	Séance
12540	Talons of Falkenrath
12541	Thalia, Guardian of Thraben
12542	Thought Scour
12543	Thraben Doomsayer
12544	Thraben Heretic
12545	Torch Fiend
12546	Tower Geist
12547	Tracker's Instincts
12548	Tragic Slip
12549	Ulvenwald Bear
12550	Undying Evil
12551	Vault of the Archangel
12552	Vengeful Vampire
12553	Village Survivors
12554	Vorapede
12555	Wakedancer
12556	Warden of the Wall
12557	Wild Hunger
12558	Wolfbitten Captive // Krallenhorde Killer
12559	Wolfhunter's Quiver
12560	Wrack with Madness
12561	Young Wolf
12562	Killing Wave
12563	Latch Seeker
12564	Moonsilver Spear
12565	Restoration Angel
12566	Silverblade Paladin
12567	Avacyn, Angel of Hope
12568	Bruna, Light of Alabaster
12569	Gisela, Blade of Goldnight
12570	Griselbrand
12571	Sigarda, Host of Herons
12572	Abundant Growth
12573	Aggravate
12574	Alchemist's Apprentice
12575	Alchemist's Refuge
12576	Amass the Components
12577	Angel of Glory's Rise
12578	Angel of Jubilation
12579	Angel's Tomb
12580	Angelic Armaments
12581	Appetite for Brains
12582	Arcane Melee
12583	Archwing Dragon
12584	Banishing Stroke
12585	Banners Raised
12586	Battle Hymn
12587	Bladed Bracers
12588	Blessings of Nature
12589	Blood Artist
12590	Bloodflow Connoisseur
12591	Bonfire of the Damned
12592	Bower Passage
12593	Builder's Blessing
12594	Burn at the Stake
12595	Butcher Ghoul
12596	Call to Serve
12597	Captain of the Mists
12598	Cathars' Crusade
12599	Cathedral Sanctifier
12600	Cavern of Souls
12601	Champion of Lambholt
12602	Cloudshift
12603	Commander's Authority
12604	Conjurer's Closet
12605	Corpse Traders
12606	Craterhoof Behemoth
12607	Crippling Chill
12608	Cursebreak
12609	Dangerous Wager
12610	Dark Impostor
12611	Deadeye Navigator
12612	Death Wind
12613	Defang
12614	Defy Death
12615	Demonic Rising
12616	Demonic Taskmaster
12617	Demonlord of Ashmouth
12618	Descendants' Path
12619	Descent into Madness
12620	Desolate Lighthouse
12621	Devastation Tide
12622	Devout Chaplain
12623	Diregraf Escort
12624	Divine Deflection
12625	Dread Slaver
12626	Dreadwaters
12627	Driver of the Dead
12628	Druid's Familiar
12629	Druids' Repository
12630	Dual Casting
12631	Eaten by Spiders
12632	Elgaud Shieldmate
12633	Emancipation Angel
12634	Entreat the Angels
12635	Essence Harvest
12636	Evernight Shade
12637	Exquisite Blood
12638	Falkenrath Exterminator
12639	Farbog Explorer
12640	Favorable Winds
12641	Fervent Cathar
12642	Fettergeist
12643	Flowering Lumberknot
12644	Gallows at Willow Hill
12645	Galvanic Alchemist
12646	Gang of Devils
12647	Geist Snatch
12648	Geist Trappers
12649	Ghostform
12650	Ghostly Flicker
12651	Ghostly Touch
12652	Ghoulflesh
12653	Gloom Surgeon
12654	Goldnight Commander
12655	Goldnight Redeemer
12656	Grave Exchange
12657	Grounded
12658	Gryff Vanguard
12659	Guise of Fire
12660	Hanweir Lancer
12661	Harvester of Souls
12662	Haunted Guardian
12663	Havengul Skaab
12664	Havengul Vampire
12665	Heirs of Stromkirk
12666	Herald of War
12667	Holy Justiciar
12668	Homicidal Seclusion
12669	Hound of Griselbrand
12670	Howlgeist
12671	Human Frailty
12672	Hunted Ghoul
12673	Infinite Reflection
12674	Into the Void
12675	Joint Assault
12676	Kessig Malcontents
12677	Kruin Striker
12678	Lair Delve
12679	Leap of Faith
12680	Lightning Mauler
12681	Lightning Prowess
12682	Lone Revenant
12683	Lunar Mystic
12684	Maalfeld Twins
12685	Mad Prophet
12686	Malicious Intent
12687	Malignus
12688	Marrow Bats
12689	Mass Appeal
12690	Mental Agony
12691	Midnight Duelist
12692	Midvast Protector
12693	Mist Raven
12694	Misthollow Griffin
12695	Moonlight Geist
12696	Moorland Inquisitor
12697	Narstad Scrapper
12698	Natural End
12699	Nearheath Pilgrim
12700	Necrobite
12701	Nephalia Smuggler
12702	Nettle Swine
12703	Nightshade Peddler
12704	Otherworld Atlas
12705	Outwit
12706	Pathbreaker Wurm
12707	Polluted Dead
12708	Predator's Gambit
12709	Primal Surge
12710	Raging Poltergeist
12711	Rain of Thorns
12712	Reforge the Soul
12713	Renegade Demon
12714	Revenge of the Hunted
12715	Riders of Gavony
12716	Righteous Blow
12717	Riot Ringleader
12718	Rite of Ruin
12719	Rotcrown Ghoul
12720	Rush of Blood
12721	Scalding Devil
12722	Scrapskin Drake
12723	Scroll of Avacyn
12724	Scroll of Griselbrand
12725	Searchlight Geist
12726	Second Guess
12727	Seraph Sanctuary
12728	Seraph of Dawn
12729	Sheltering Word
12730	Slayers' Stronghold
12731	Snare the Skies
12732	Somberwald Sage
12733	Somberwald Vigilante
12734	Soul of the Harvest
12735	Soulcage Fiend
12736	Spectral Gateguards
12737	Spectral Prison
12738	Spirit Away
12739	Stern Mentor
12740	Stolen Goods
12741	Stonewright
12742	Tamiyo, the Moon Sage
12743	Tandem Lookout
12744	Temporal Mastery
12745	Terminus
12746	Terrifying Presence
12747	Thatcher Revolt
12748	Thraben Valiant
12749	Thunderous Wrath
12750	Tibalt, the Fiend-Blooded
12751	Timberland Guide
12752	Tormentor's Trident
12753	Treacherous Pit-Dweller
12754	Triumph of Cruelty
12755	Triumph of Ferocity
12756	Trusted Forcemage
12757	Tyrant of Discord
12758	Ulvenwald Tracker
12759	Uncanny Speed
12760	Undead Executioner
12761	Unhallowed Pact
12762	Vanguard's Shield
12763	Vanishment
12764	Vessel of Endless Rest
12765	Vexing Devil
12766	Vigilante Justice
12767	Voice of the Provinces
12768	Vorstclaw
12769	Wandering Wolf
12770	Wild Defiance
12771	Wildwood Geist
12772	Wingcrafter
12773	Wolfir Avenger
12774	Wolfir Silverheart
12775	Yew Spirit
12776	Zealous Conscripts
12777	Zealous Strike
12778	Akoum
12779	Aretopolis
12780	Astral Arena
12781	Bloodhill Bastion
12782	Chaotic Aether
12783	Edge of Malacol
12784	Furnace Layer
12785	Gavony
12786	Glen Elendra
12787	Grand Ossuary
12788	Grove of the Dreampods
12789	Hedron Fields of Agadeem
12790	Interplanar Tunnel
12791	Jund
12792	Kessig
12793	Kharasha Foothills
12794	Kilnspire District
12795	Lair of the Ashen Idol
12796	Morphic Tide
12797	Mount Keralia
12798	Mutual Epiphany
12799	Nephalia
12800	Norn's Dominion
12801	Onakke Catacomb
12802	Orochi Colony
12803	Orzhova
12804	Planewide Disaster
12805	Prahv
12806	Quicksilver Sea
12807	Reality Shaping
12808	Selesnya Loft Gardens
12809	Spatial Merging
12810	Stensia
12811	Takenuma
12812	Talon Gates
12813	The Zephyr Maze
12814	Time Distortion
12815	Trail of the Mage-Rings
12816	Truga Jungle
12817	Windriddle Palaces
12818	Baleful Strix
12819	Beetleback Chief
12820	Brindle Shoat
12821	Dragonlair Spider
12822	Dreampod Druid
12823	Elderwood Scion
12824	Etherium-Horn Sorcerer
12825	Felidar Umbra
12826	Fractured Powerstone
12827	Illusory Angel
12828	Indrik Umbra
12829	Krond the Dawn-Clad
12830	Maelstrom Wanderer
12831	Mass Mutiny
12832	Preyseizer Dragon
12833	Sai of the Shinobi
12834	Sakashima's Student
12835	Shardless Agent
12836	Silent-Blade Oni
12837	Thromok the Insatiable
12838	Vela the Night-Clad
12839	Stairs to Infinity
12840	Cathedral of War
12841	Magmaquake
12842	Mwonvuli Beast Tracker
12843	Staff of Nin
12844	Xathrid Gorgon
12845	Ajani's Sunstriker
12846	Ajani, Caller of the Pride
12847	Archaeomancer
12848	Arctic Aven
12849	Attended Knight
12850	Augur of Bolas
12851	Battleflight Eagle
12852	Blood Reckoning
12853	Bloodhunter Bat
12854	Bond Beetle
12855	Boundless Realms
12856	Captain's Call
12857	Chandra's Fury
12858	Chronomaton
12859	Cleaver Riot
12860	Courtly Provocateur
12861	Cower in Fear
12862	Craterize
12863	Crimson Muckwader
12864	Crippling Blight
12865	Crusader of Odric
12866	Diabolic Revelation
12867	Disciple of Bolas
12868	Downpour
12869	Dragon Hatchling
12870	Duskmantle Prowler
12871	Duty-Bound Dead
12872	Elderscale Wurm
12873	Encrust
12874	Faerie Invaders
12875	Faith's Reward
12876	Firewing Phoenix
12877	Flames of the Firebrand
12878	Flinthoof Boar
12879	Fungal Sprouting
12880	Gem of Becoming
12881	Goblin Battle Jester
12882	Griffin Protector
12883	Guardian Lions
12884	Harbor Bandit
12885	Healer of the Pride
12886	Hellion Crucible
12887	Hydrosurge
12888	Jace's Phantasm
12889	Knight of Glory
12890	Knight of Infamy
12891	Krenko's Command
12892	Krenko, Mob Boss
12893	Liliana of the Dark Realms
12894	Liliana's Shade
12895	Mark of the Vampire
12896	Master of the Pearl Trident
12897	Mind Sculpt
12898	Mindclaw Shaman
12899	Murder
12900	Nefarox, Overlord of Grixis
12901	Odric, Master Tactician
12902	Omniscience
12903	Predatory Rampage
12904	Primal Huntbeast
12905	Prized Elephant
12906	Public Execution
12907	Ranger's Path
12908	Reckless Brute
12909	Rhox Faithmender
12910	Ring of Evos Isle
12911	Ring of Kalonia
12912	Ring of Thune
12913	Ring of Valkas
12914	Ring of Xathrid
12915	Roaring Primadox
12916	Rummaging Goblin
12917	Sands of Delirium
12918	Searing Spear
12919	Sentinel Spider
12920	Serpent's Gift
12921	Servant of Nefarox
12922	Show of Valor
12923	Slumbering Dragon
12924	Smelt
12925	Spelltwine
12926	Spiked Baloth
12927	Sublime Archangel
12928	Switcheroo
12929	Talrand's Invocation
12930	Talrand, Sky Summoner
12931	Thragtusk
12932	Thundermaw Hellkite
12933	Timberpack Wolf
12934	Touch of the Eternal
12935	Trading Post
12936	Tricks of the Trade
12937	Veilborn Ghoul
12938	Vile Rebirth
12939	Void Stalker
12940	War Falcon
12941	Warclamp Mastiff
12942	Watercourser
12943	Wild Guess
12944	Worldfire
12945	Yeva's Forcemage
12946	Yeva, Nature's Herald
12947	Dreg Mangler
12948	Goblin Electromancer
12949	Izzet Charm
12950	Jarad, Golgari Lich Lord
12951	Korozda Guildmage
12952	Street Spasm
12953	Archon of the Triumvirate
12954	Carnival Hellsteed
12955	Corpsejack Menace
12956	Cryptborn Horror
12957	Deadbridge Goliath
12958	Dryad Militant
12959	Grove of the Guardian
12960	Hypersonic Dragon
12961	Supreme Verdict
12962	Abrupt Decay
12963	Aerial Predation
12964	Angel of Serenity
12965	Annihilating Fire
12966	Aquus Steed
12967	Archweaver
12968	Armada Wurm
12969	Armory Guard
12970	Ash Zealot
12971	Assassin's Strike
12972	Auger Spree
12973	Avenging Arrow
12974	Axebane Guardian
12975	Axebane Stag
12976	Azor's Elocutors
12977	Azorius Arrester
12978	Azorius Charm
12979	Azorius Guildgate
12980	Azorius Justiciar
12981	Azorius Keyrune
12982	Batterhorn
12983	Bazaar Krovod
12984	Bellows Lizard
12985	Blistercoil Weird
12986	Bloodfray Giant
12987	Blustersquall
12988	Brushstrider
12989	Call of the Conclave
12990	Catacomb Slug
12991	Centaur Healer
12992	Centaur's Herald
12993	Chaos Imps
12994	Chemister's Trick
12995	Chorus of Might
12996	Chromatic Lantern
12997	Chronic Flooding
12998	Civic Saber
12999	Cobblebrute
13000	Codex Shredder
13001	Collective Blessing
13002	Common Bond
13003	Concordia Pegasus
13004	Conjured Currency
13005	Counterflux
13006	Coursers' Accord
13007	Crosstown Courier
13008	Cyclonic Rift
13009	Daggerdrome Imp
13010	Dark Revenant
13011	Dead Reveler
13012	Death's Presence
13013	Deathrite Shaman
13014	Desecration Demon
13015	Destroy the Evidence
13016	Detention Sphere
13017	Deviant Glee
13018	Doorkeeper
13019	Downsize
13020	Drainpipe Vermin
13021	Dramatic Rescue
13022	Dreadbore
13023	Drudge Beetle
13024	Druid's Deliverance
13025	Dynacharge
13026	Electrickery
13027	Epic Experiment
13028	Essence Backlash
13029	Ethereal Armor
13030	Explosive Impact
13031	Eyes in the Skies
13032	Faerie Impostor
13033	Fall of the Gavel
13034	Fencing Ace
13035	Firemind's Foresight
13036	Frostburn Weird
13037	Gatecreeper Vine
13038	Gobbling Ooze
13039	Goblin Rally
13040	Golgari Charm
13041	Golgari Decoy
13042	Golgari Guildgate
13043	Golgari Keyrune
13044	Golgari Longlegs
13045	Gore-House Chainwalker
13046	Grave Betrayal
13047	Grim Roustabout
13048	Grisly Salvage
13049	Growing Ranks
13050	Guild Feud
13051	Guttersnipe
13052	Havoc Festival
13053	Hellhole Flailer
13054	Horncaller's Chant
13055	Hover Barrier
13056	Hussar Patrol
13057	Inaction Injunction
13058	Isperia's Skywatch
13059	Isperia, Supreme Judge
13060	Izzet Guildgate
13061	Izzet Keyrune
13062	Izzet Staticaster
13063	Jace, Architect of Thought
13064	Jarad's Orders
13065	Judge's Familiar
13066	Keening Apparition
13067	Knightly Valor
13068	Korozda Monitor
13069	Launch Party
13070	Lobber Crew
13071	Lotleth Troll
13072	Loxodon Smiter
13073	Lyev Skyknight
13074	Mana Bloom
13075	Martial Law
13076	Mercurial Chemister
13077	Minotaur Aggressor
13078	Mizzium Mortars
13079	Mizzium Skin
13080	Necropolis Regent
13081	New Prahv Guildmage
13082	Niv-Mizzet, Dracogenius
13083	Nivix Guildmage
13084	Nivmagus Elemental
13085	Oak Street Innkeeper
13086	Ogre Jailbreaker
13087	Pack Rat
13088	Palisade Giant
13089	Perilous Shadow
13090	Phantom General
13091	Precinct Captain
13092	Psychic Spiral
13093	Pursuit of Flight
13094	Pyroconvergence
13095	Racecourse Fury
13096	Rakdos Cackler
13097	Rakdos Charm
13098	Rakdos Guildgate
13099	Rakdos Keyrune
13100	Rakdos Ragemutt
13101	Rakdos Ringleader
13102	Rakdos Shred-Freak
13103	Rakdos's Return
13104	Rakdos, Lord of Riots
13105	Rest in Peace
13106	Righteous Authority
13107	Risen Sanctuary
13108	Rites of Reaping
13109	Rix Maadi Guildmage
13110	Rogue's Passage
13111	Rootborn Defenses
13112	Rubbleback Rhino
13113	Runewing
13114	Savage Surge
13115	Search Warrant
13116	Search the City
13117	Security Blockade
13118	Selesnya Charm
13119	Selesnya Guildgate
13120	Selesnya Keyrune
13121	Selesnya Sentry
13122	Seller of Songbirds
13123	Sewer Shambler
13124	Shrieking Affliction
13125	Skull Rend
13126	Skyline Predator
13127	Skymark Roc
13128	Slaughter Games
13129	Slime Molding
13130	Slitherhead
13131	Sluiceway Scorpion
13132	Slum Reaper
13133	Soul Tithe
13134	Soulsworn Spirit
13135	Spawn of Rix Maadi
13136	Sphere of Safety
13137	Sphinx of the Chimes
13138	Sphinx's Revelation
13139	Splatter Thug
13140	Stab Wound
13141	Stealer of Secrets
13142	Stonefare Crocodile
13143	Street Sweeper
13144	Sundering Growth
13145	Sunspire Griffin
13146	Survey the Wreckage
13147	Swift Justice
13148	Tablet of the Guilds
13149	Tavern Swindler
13150	Teleportal
13151	Tenement Crasher
13152	Terrus Wurm
13153	Thoughtflare
13154	Thrill-Kill Assassin
13155	Towering Indrik
13156	Trained Caracal
13157	Transguild Promenade
13158	Treasured Find
13159	Trestle Troll
13160	Trostani's Judgment
13161	Trostani, Selesnya's Voice
13162	Ultimate Price
13163	Underworld Connections
13164	Urban Burgeoning
13165	Utvara Hellkite
13166	Vandalblast
13167	Vassal Soul
13168	Viashino Racketeer
13169	Vitu-Ghazi Guildmage
13170	Voidwielder
13171	Volatile Rig
13172	Vraska the Unseen
13173	Wayfaring Temple
13174	Wild Beastmaster
13175	Worldspine Wurm
13176	Zanikev Locust
13177	Naughty // Nice
13178	Dimir Charm
13179	Experiment One
13180	Ghor-Clan Rampager
13181	Sin Collector
13182	Bonescythe Sliver
13183	Ogre Battledriver
13184	Consuming Aberration
13185	Fathom Mage
13186	Firemane Avenger
13187	Foundry Champion
13188	Nightveil Specter
13189	Rubblehulk
13190	Skarrg Goliath
13191	Treasury Thrull
13192	Zameck Guildmage
13193	Adaptive Snapjaw
13194	Aerial Maneuver
13195	Aetherize
13196	Agoraphobia
13197	Alms Beast
13198	Alpha Authority
13199	Angelic Edict
13200	Angelic Skirmisher
13201	Armored Transport
13202	Arrows of Justice
13203	Assemble the Legion
13204	Aurelia's Fury
13205	Aurelia, the Warleader
13206	Balustrade Spy
13207	Bane Alley Broker
13208	Basilica Guards
13209	Basilica Screecher
13210	Biomass Mutation
13211	Bioshift
13212	Biovisionary
13213	Blind Obedience
13214	Bomber Corps
13215	Borborygmos Enraged
13216	Boros Charm
13217	Boros Elite
13218	Boros Guildgate
13219	Boros Keyrune
13220	Boros Reckoner
13221	Burning-Tree Emissary
13222	Burst of Strength
13223	Call of the Nightwing
13224	Cartel Aristocrat
13225	Clan Defiance
13226	Clinging Anemones
13227	Cloudfin Raptor
13228	Coerced Confession
13229	Corpse Blockade
13230	Court Street Denizen
13231	Crackling Perimeter
13232	Crocanura
13233	Crowned Ceratok
13234	Crypt Ghast
13235	Daring Skyjek
13236	Death's Approach
13237	Deathcult Rogue
13238	Deathpact Angel
13239	Debtor's Pulpit
13240	Devour Flesh
13241	Diluvian Primordial
13242	Dimir Guildgate
13243	Dimir Keyrune
13244	Dinrova Horror
13245	Disciple of the Old Ways
13246	Domri Rade
13247	Drakewing Krasis
13248	Duskmantle Guildmage
13249	Duskmantle Seer
13250	Dutiful Thrull
13251	Dying Wish
13252	Elusive Krasis
13253	Enter the Infinite
13254	Executioner's Swing
13255	Firefist Striker
13256	Five-Alarm Fire
13257	Forced Adaptation
13258	Fortress Cyclops
13259	Foundry Street Denizen
13260	Frilled Oculus
13261	Frontline Medic
13262	Furious Resistance
13263	Gateway Shade
13264	Giant Adephage
13265	Gideon, Champion of Justice
13266	Gift of Orzhova
13267	Glaring Spotlight
13268	Greenside Watcher
13269	Gridlock
13270	Grisly Spectacle
13271	Ground Assault
13272	Gruul Charm
13273	Gruul Guildgate
13274	Gruul Keyrune
13275	Gruul Ragebeast
13276	Guardian of the Gateless
13277	Guildscorn Ward
13278	Gutter Skulk
13279	Gyre Sage
13280	Hands of Binding
13281	Hellkite Tyrant
13282	Hellraiser Goblin
13283	High Priest of Penance
13284	Hindervines
13285	Hold the Gates
13286	Holy Mantle
13287	Homing Lightning
13288	Horror of the Dim
13289	Hydroform
13290	Illness in the Ranks
13291	Illusionist's Bracers
13292	Immortal Servitude
13293	Incursion Specialist
13294	Ivy Lane Denizen
13295	Keymaster Rogue
13296	Killing Glare
13297	Kingpin's Pet
13298	Knight Watch
13299	Knight of Obligation
13300	Last Thoughts
13301	Lazav, Dimir Mastermind
13302	Legion Loyalist
13303	Leyline Phantom
13304	Lord of the Void
13305	Luminate Primordial
13306	Madcap Skills
13307	Mark for Death
13308	Martial Glory
13309	Massive Raid
13310	Master Biomancer
13311	Mental Vapors
13312	Merciless Eviction
13313	Merfolk of the Depths
13314	Metropolis Sprite
13315	Midnight Recovery
13316	Millennial Gargoyle
13317	Miming Slime
13318	Mind Grind
13319	Mindeye Drake
13320	Molten Primordial
13321	Mortus Strider
13322	Mugging
13323	Murder Investigation
13324	Mystic Genesis
13325	Nav Squad Commandos
13326	Nimbus Swimmer
13327	Obzedat, Ghost Council
13328	Ogre Slumlord
13329	One Thousand Lashes
13330	Ooze Flux
13331	Ordruun Veteran
13332	Orzhov Charm
13333	Orzhov Guildgate
13334	Orzhov Keyrune
13335	Paranoid Delusions
13336	Pit Fight
13337	Predator's Rapport
13338	Primal Visitation
13339	Prime Speaker Zegana
13340	Psychic Strike
13341	Purge the Profane
13342	Rapid Hybridization
13343	Razortip Whip
13344	Realmwright
13345	Riot Gear
13346	Ripscale Predator
13347	Rubblebelt Raiders
13348	Ruination Wurm
13349	Rust Scarab
13350	Sage's Row Denizen
13351	Sapphire Drake
13352	Scab-Clan Charger
13353	Scatter Arc
13354	Scorchwalker
13355	Sepulchral Primordial
13356	Serene Remembrance
13357	Shadow Alley Denizen
13358	Shadow Slice
13359	Shambleshark
13360	Shattering Blow
13361	Shielded Passage
13362	Signal the Clans
13363	Simic Charm
13364	Simic Fluxmage
13365	Simic Guildgate
13366	Simic Keyrune
13367	Simic Manipulator
13368	Skarrg Guildmage
13369	Skinbrand Goblin
13370	Skullcrack
13371	Skyblinder Staff
13372	Skygames
13373	Slate Street Ruffian
13374	Slaughterhorn
13375	Smog Elemental
13376	Soul Ransom
13377	Spark Trooper
13378	Spell Rupture
13379	Spire Tracer
13380	Stolen Identity
13381	Structural Collapse
13382	Sunhome Guildmage
13383	Sylvan Primordial
13384	Syndic of Tithes
13385	Syndicate Enforcer
13386	Thespian's Stage
13387	Thrull Parasite
13388	Tin Street Market
13389	Totally Lost
13390	Tower Defense
13391	Towering Thunderfist
13392	Truefire Paladin
13393	Undercity Informer
13394	Undercity Plague
13395	Unexpected Results
13396	Urban Evolution
13397	Urbis Protector
13398	Verdant Haven
13399	Viashino Shanktail
13400	Vizkopa Confessor
13401	Vizkopa Guildmage
13402	Voidwalk
13403	Warmind Infantry
13404	Wasteland Viper
13405	Way of the Thief
13406	Whispering Madness
13407	Wight of Precinct Six
13408	Wildwood Rebirth
13409	Wojek Halberdiers
13410	Wrecking Ogre
13411	Zarichi Tiger
13412	Zhur-Taa Swine
13413	Breaking // Entering
13414	Maze's End
13415	Melek, Izzet Paragon
13416	Render Silent
13417	Trostani's Summoner
13418	Advent of the Wurm
13419	Aetherling
13420	Alive // Well
13421	Armed // Dangerous
13422	Armored Wolf-Rider
13423	Ascended Lawmage
13424	Awe for the Guilds
13425	Azorius Cluestone
13426	Bane Alley Blackguard
13427	Battering Krasis
13428	Beck // Call
13429	Beetleform Mage
13430	Blast of Genius
13431	Blaze Commando
13432	Blood Baron of Vizkopa
13433	Blood Scrivener
13434	Boros Battleshaper
13435	Boros Cluestone
13436	Boros Mastiff
13437	Bred for the Hunt
13438	Bronzebeak Moa
13439	Carnage Gladiator
13440	Catch // Release
13441	Clear a Path
13442	Council of the Absolute
13443	Crypt Incursion
13444	Deadbridge Chant
13445	Debt to the Deathless
13446	Deputy of Acquittals
13447	Dimir Cluestone
13448	Down // Dirty
13449	Dragonshift
13450	Drown in Filth
13451	Emmara Tandris
13452	Exava, Rakdos Blood Witch
13453	Far // Away
13454	Fatal Fumes
13455	Flesh // Blood
13456	Fluxcharger
13457	Gaze of Granite
13458	Give // Take
13459	Gleam of Battle
13460	Goblin Test Pilot
13461	Golgari Cluestone
13462	Gruul Cluestone
13463	Gruul War Chant
13464	Haazda Snare Squad
13465	Haunter of Nightveil
13466	Hidden Strings
13467	Hired Torturer
13468	Izzet Cluestone
13469	Jelenn Sphinx
13470	Korozda Gorgon
13471	Krasis Incubation
13472	Kraul Warrior
13473	Lavinia of the Tenth
13474	Legion's Initiative
13475	Lyev Decree
13476	Master of Cruelties
13477	Maw of the Obzedat
13478	Maze Abomination
13479	Maze Behemoth
13480	Maze Glider
13481	Maze Rusher
13482	Maze Sentinel
13483	Mending Touch
13484	Mindstatic
13485	Mirko Vosk, Mind Drinker
13486	Morgue Burst
13487	Murmuring Phantasm
13488	Mutant's Prey
13489	Nivix Cyclops
13490	Notion Thief
13491	Obzedat's Aid
13492	Opal Lake Gatekeepers
13493	Orzhov Cluestone
13494	Phytoburst
13495	Pilfered Plans
13496	Plasm Capture
13497	Pontiff of Blight
13498	Possibility Storm
13499	Profit // Loss
13500	Progenitor Mimic
13501	Protect // Serve
13502	Punish the Enemy
13503	Pyrewild Shaman
13504	Rakdos Cluestone
13505	Rakdos Drake
13506	Ral Zarek
13507	Ready // Willing
13508	Reap Intellect
13509	Renegade Krasis
13510	Renounce the Guilds
13511	Restore the Peace
13512	Riot Control
13513	Riot Piker
13514	Rot Farm Skeleton
13515	Rubblebelt Maaka
13516	Runner's Bane
13517	Ruric Thar, the Unbowed
13518	Saruli Gatekeepers
13519	Savageborn Hydra
13520	Scab-Clan Giant
13521	Scion of Vitu-Ghazi
13522	Selesnya Cluestone
13523	Showstopper
13524	Simic Cluestone
13525	Sinister Possession
13526	Sire of Insanity
13527	Skylasher
13528	Smelt-Ward Gatekeepers
13529	Species Gorger
13530	Spike Jester
13531	Steeple Roc
13532	Sunspire Gatekeepers
13533	Tajic, Blade of the Legion
13534	Teysa, Envoy of Ghosts
13535	Thrashing Mossdog
13536	Tithe Drinker
13537	Toil // Trouble
13538	Trait Doctoring
13539	Turn // Burn
13540	Ubul Sar Gatekeepers
13541	Uncovered Clues
13542	Unflinching Courage
13543	Varolz, the Scar-Striped
13544	Viashino Firstblade
13545	Voice of Resurgence
13546	Vorel of the Hull Clade
13547	Wake the Reflections
13548	Warleader's Helix
13549	Warped Physique
13550	Weapon Surge
13551	Wear // Tear
13552	Woodlot Crawler
13553	Zhur-Taa Ancient
13554	Zhur-Taa Druid
13555	Colossal Whale
13556	Goblin Diplomats
13557	Hive Stirrings
13558	Megantic Sliver
13559	Chandra, Pyromaster
13560	Garruk, Caller of Beasts
13561	Academy Raider
13562	Accursed Spirit
13563	Advocate of the Beast
13564	Ajani's Chosen
13565	Angelic Accord
13566	Archangel of Thune
13567	Artificer's Hex
13568	Awaken the Ancient
13569	Banisher Priest
13570	Barrage of Expendables
13571	Battle Sliver
13572	Blightcaster
13573	Blood Bairn
13574	Blur Sliver
13575	Bogbrew Witch
13576	Bubbling Cauldron
13577	Burning Earth
13578	Celestial Flare
13579	Charging Griffin
13580	Corpse Hauler
13581	Cyclops Tyrant
13582	Dark Prophecy
13583	Dawnstrike Paladin
13584	Deathgaze Cockatrice
13585	Devout Invocation
13586	Dismiss into Dream
13587	Dragon Egg
13588	Elite Arcanist
13589	Elvish Mystic
13590	Encroaching Wastes
13591	Enlarge
13592	Festering Newt
13593	Fiendslayer Paladin
13594	Fleshpulper Giant
13595	Galerider Sliver
13596	Glimpse the Future
13597	Gnawing Zombie
13598	Grim Return
13599	Groundshaker Sliver
13600	Guardian of the Ages
13601	Haunted Plate Mail
13602	Hunt the Weak
13603	Illusionary Armor
13604	Imposing Sovereign
13605	Into the Wilds
13606	Jace's Mindseeker
13607	Kalonian Hydra
13608	Kalonian Tusker
13609	Lifebane Zombie
13610	Liliana's Reaver
13611	Liturgy of Blood
13612	Manaweft Sliver
13613	Marauding Maulhorn
13614	Master of Diversion
13615	Messenger Drake
13616	Mindsparker
13617	Minotaur Abomination
13618	Molten Birth
13619	Oath of the Ancient Wood
13620	Path of Bravery
13621	Predatory Sliver
13622	Primeval Bounty
13623	Pyromancer's Gauntlet
13624	Regathan Firecat
13625	Ring of Three Wishes
13626	Rise of the Dark Realms
13627	Rumbling Baloth
13628	Savage Summoning
13629	Scourge of Valkas
13630	Seacoast Drake
13631	Seismic Stomp
13632	Sentinel Sliver
13633	Seraph of the Sword
13634	Shadowborn Apostle
13635	Shadowborn Demon
13636	Sliver Construct
13637	Soulmender
13638	Sporemound
13639	Staff of the Death Magus
13640	Staff of the Flame Magus
13641	Staff of the Mind Magus
13642	Staff of the Sun Magus
13643	Staff of the Wild Magus
13644	Steelform Sliver
13645	Stonehorn Chanter
13646	Striking Sliver
13647	Strionic Resonator
13648	Syphon Sliver
13649	Tenacious Dead
13650	Thorncaster Sliver
13651	Tidebinder Mage
13652	Trained Condor
13653	Undead Minotaur
13654	Vampire Warlord
13655	Vastwood Hydra
13656	Vial of Poison
13657	Voracious Wurm
13658	Warden of Evos Isle
13659	Windreader Sphinx
13660	Witchstalker
13661	Woodborn Behemoth
13662	Xathrid Necromancer
13663	Young Pyromancer
13664	Zephyr Charge
13665	Anax and Cymede
13666	Cavalry Pegasus
13667	Destructive Revelry
13668	Ordeal of Purphoros
13669	Polukranos, World Eater
13670	Satyr Hedonist
13671	Abhorrent Overlord
13672	Anthousa, Setessan Hero
13673	Bident of Thassa
13674	Celestial Archon
13675	Ember Swallower
13676	Karametra's Acolyte
13677	Nighthowler
13678	Phalanx Leader
13679	Shipbreaker Kraken
13680	Sylvan Caryatid
13681	The Avenger
13682	The Harvester
13683	The Hunter
13684	The Philosopher
13685	The Protector
13686	The Slayer
13687	The Warrior
13688	Agent of Horizons
13689	Agent of the Fates
13690	Akroan Crusader
13691	Akroan Hoplite
13692	Akroan Horse
13693	Anger of the Gods
13694	Anvilwrought Raptor
13695	Aqueous Form
13696	Arbor Colossus
13697	Arena Athlete
13698	Artisan of Forms
13699	Artisan's Sorrow
13700	Ashen Rider
13701	Ashiok, Nightmare Weaver
13702	Asphodel Wanderer
13703	Baleful Eidolon
13704	Battlewise Hoplite
13705	Battlewise Valor
13706	Benthic Giant
13707	Blood-Toll Harpy
13708	Boon Satyr
13709	Boon of Erebos
13710	Borderland Minotaur
13711	Boulderfall
13712	Bow of Nylea
13713	Breaching Hippocamp
13714	Bronze Sable
13715	Burnished Hart
13716	Cavern Lampad
13717	Centaur Battlemaster
13718	Chained to the Rocks
13719	Chosen by Heliod
13720	Chronicler of Heroes
13721	Coastline Chimera
13722	Colossus of Akros
13723	Commune with the Gods
13724	Coordinated Assault
13725	Crackling Triton
13726	Curse of the Swine
13727	Cutthroat Maneuver
13728	Dark Betrayal
13729	Dauntless Onslaught
13730	Daxos of Meletis
13731	Deathbellow Raider
13732	Decorated Griffin
13733	Defend the Hearth
13734	Disciple of Phenax
13735	Dissolve
13736	Dragon Mantle
13737	Elspeth, Sun's Champion
13738	Ephara's Warden
13739	Erebos's Emissary
13740	Erebos, God of the Dead
13741	Evangel of Heliod
13742	Fabled Hero
13743	Fade into Antiquity
13744	Fanatic of Mogis
13745	Fate Foretold
13746	Favored Hoplite
13747	Felhide Minotaur
13748	Feral Invocation
13749	Firedrinker Satyr
13750	Flamecast Wheel
13751	Flamespeaker Adept
13752	Fleecemane Lion
13753	Fleetfeather Sandals
13754	Fleshmad Steed
13755	Gift of Immortality
13756	Glare of Heresy
13757	Gods Willing
13758	Gray Merchant of Asphodel
13759	Guardians of Meletis
13760	Hammer of Purphoros
13761	Heliod's Emissary
13762	Heliod, God of the Sun
13763	Hero's Downfall
13764	Hopeful Eidolon
13765	Horizon Chimera
13766	Horizon Scholar
13767	Hundred-Handed One
13768	Hunt the Hunter
13769	Hythonia the Cruel
13770	Ill-Tempered Cyclops
13771	Insatiable Harpy
13772	Keepsake Gorgon
13773	Kragma Warcaller
13774	Labyrinth Champion
13775	Lagonna-Band Elder
13776	Lash of the Whip
13777	Leafcrown Dryad
13778	Leonin Snarecaster
13779	Lightning Strike
13780	Loathsome Catoblepas
13781	Lost in a Labyrinth
13782	March of the Returned
13783	Master of Waves
13784	Medomai the Ageless
13785	Meletis Charlatan
13786	Messenger's Speed
13787	Minotaur Skullcleaver
13788	Mistcutter Hydra
13789	Mogis's Marauder
13790	Nemesis of Mortals
13791	Nessian Asp
13792	Nimbus Naiad
13793	Nykthos, Shrine to Nyx
13794	Nylea's Disciple
13795	Nylea's Emissary
13796	Nylea's Presence
13797	Nylea, God of the Hunt
13798	Observant Alseid
13799	Omenspeaker
13800	Opaline Unicorn
13801	Ordeal of Erebos
13802	Ordeal of Heliod
13803	Ordeal of Nylea
13804	Ordeal of Thassa
13805	Peak Eruption
13806	Pharika's Cure
13807	Pharika's Mender
13808	Pheres-Band Centaurs
13809	Polis Crusher
13810	Portent of Betrayal
13811	Prescient Chimera
13812	Priest of Iroas
13813	Prognostic Sphinx
13814	Prophet of Kruphix
13815	Prowler's Helm
13816	Psychic Intrusion
13817	Purphoros's Emissary
13818	Purphoros, God of the Forge
13819	Pyxis of Pandemonium
13820	Rage of Purphoros
13821	Rageblood Shaman
13822	Ray of Dissolution
13823	Read the Bones
13824	Reaper of the Wilds
13825	Rescue from the Underworld
13826	Returned Centaur
13827	Returned Phalanx
13828	Reverent Hunter
13829	Satyr Piper
13830	Satyr Rambler
13831	Scholar of Athreos
13832	Scourgemark
13833	Sea God's Revenge
13834	Sealock Monster
13835	Sedge Scorpion
13836	Sentry of the Underworld
13837	Setessan Battle Priest
13838	Setessan Griffin
13839	Shipwreck Singer
13840	Shredding Winds
13841	Silent Artisan
13842	Sip of Hemlock
13843	Soldier of the Pantheon
13844	Spark Jolt
13845	Spear of Heliod
13846	Spearpoint Oread
13847	Spellheart Chimera
13848	Staunch-Hearted Warrior
13849	Steam Augury
13850	Stoneshock Giant
13851	Stormbreath Dragon
13852	Stymied Hopes
13853	Swan Song
13854	Temple of Abandon
13855	Temple of Deceit
13856	Temple of Mystery
13857	Temple of Silence
13858	Temple of Triumph
13859	Thassa's Bounty
13860	Thassa's Emissary
13861	Thassa, God of the Sea
13862	Time to Feed
13863	Titan of Eternal Fire
13864	Titan's Strength
13865	Tormented Hero
13866	Traveling Philosopher
13867	Triad of Fates
13868	Triton Fortune Hunter
13869	Triton Shorethief
13870	Triton Tactics
13871	Two-Headed Cerberus
13872	Tymaret, the Murder King
13873	Underworld Cerberus
13874	Unknown Shores
13875	Vanquish the Foul
13876	Vaporkin
13877	Viper's Kiss
13878	Voyage's End
13879	Voyaging Satyr
13880	Vulpine Goliath
13881	Warriors' Lesson
13882	Wavecrash Triton
13883	Whip of Erebos
13884	Wild Celebrants
13885	Wingsteed Rider
13886	Witches' Eye
13887	Xenagos, the Reveler
13888	Yoked Ox
13889	Disorienting Glower
13890	Distract the Hydra
13891	Grown from the Stump
13892	Hydra's Impenetrable Hide
13893	Neck Tangle
13894	Noxious Hydra Breath
13895	Strike the Weak Spot
13896	Swallow the Hero Whole
13897	Torn Between Heads
13898	Unified Lunge
13899	Act of Authority
13900	Angel of Finality
13901	Baleful Force
13902	Bane of Progress
13903	Curse of Chaos
13904	Curse of Inertia
13905	Curse of Predation
13906	Curse of Shallow Graves
13907	Curse of the Forsaken
13908	Darksteel Mutation
13909	Derevi, Empyrial Tactician
13910	Diviner Spirit
13911	Djinn of Infinite Deceits
13912	Eye of Doom
13913	Fell Shepherd
13914	From the Ashes
13915	Gahiji, Honored One
13916	Hooded Horror
13917	Illusionist's Gambit
13918	Jeleva, Nephalia's Scourge
13919	Marath, Will of the Wild
13920	Mystic Barrier
13921	Naya Soulbeast
13922	Nekusar, the Mindrazer
13923	Oloro, Ageless Ascetic
13924	Opal Palace
13925	Ophiomancer
13926	Order of Succession
13927	Price of Knowledge
13928	Primal Vigor
13929	Prossh, Skyraider of Kher
13930	Restore
13931	Roon of the Hidden Realm
13932	Serene Master
13933	Shattergang Brothers
13934	Spawning Grounds
13935	Sudden Demise
13936	Surveyor's Scope
13937	Sydri, Galvanic Genius
13938	Tempt with Discovery
13939	Tempt with Glory
13940	Tempt with Immortality
13941	Tempt with Reflections
13942	Tempt with Vengeance
13943	Terra Ravager
13944	Tidal Force
13945	Toxic Deluge
13946	True-Name Nemesis
13947	Unexpectedly Absent
13948	Widespread Panic
13949	Witch Hunt
13950	Stocking Tiger
13951	Banishing Light
13952	Bile Blight
13953	Brain Maggot
13954	Fanatic of Xenagos
13955	Stoke the Flames
13956	Arbiter of the Ideal
13957	Eater of Hope
13958	Fated Conflagration
13959	Forgestoker Dragon
13960	Kiora's Follower
13961	Nessian Wilds Ravager
13962	Pain Seer
13963	Silent Sentinel
13964	Tromokratis
13965	Acolyte's Reward
13966	Aerie Worshippers
13967	Akroan Conscriptor
13968	Akroan Phalanx
13969	Akroan Skyguard
13970	Archetype of Aggression
13971	Archetype of Courage
13972	Archetype of Endurance
13973	Archetype of Finality
13974	Archetype of Imagination
13975	Ashiok's Adept
13976	Aspect of Hydra
13977	Asphyxiate
13978	Astral Cornucopia
13979	Black Oak of Odunos
13980	Bolt of Keranos
13981	Brimaz, King of Oreskos
13982	Champion of Stray Souls
13983	Charging Badger
13984	Chorus of the Tides
13985	Chromanticore
13986	Claim of Erebos
13987	Courser of Kruphix
13988	Crypsis
13989	Culling Mark
13990	Cyclops of One-Eyed Pass
13991	Dawn to Dusk
13992	Deepwater Hypnotist
13993	Drown in Sorrow
13994	Eidolon of Countless Battles
13995	Elite Skirmisher
13996	Ephara's Enlightenment
13997	Ephara's Radiance
13998	Ephara, God of the Polis
13999	Epiphany Storm
14000	Evanescent Intellect
14001	Everflame Eidolon
14002	Excoriate
14003	Eye Gouge
14004	Fall of the Hammer
14005	Fate Unraveler
14006	Fated Infatuation
14007	Fated Intervention
14008	Fated Retribution
14009	Fated Return
14010	Fearsome Temper
14011	Felhide Brawler
14012	Felhide Spiritbinder
14013	Flame-Wreathed Phoenix
14014	Flitterstep Eidolon
14015	Floodtide Serpent
14016	Forlorn Pseudamma
14017	Forsaken Drifters
14018	Ghostblade Eidolon
14019	Gild
14020	Glimpse the Sun God
14021	God-Favored General
14022	Gorgon's Head
14023	Graverobber Spider
14024	Great Hart
14025	Griffin Dreamfinder
14026	Grisly Transformation
14027	Herald of Torment
14028	Hero of Iroas
14029	Hero of Leina Tower
14030	Heroes' Podium
14031	Hold at Bay
14032	Hunter's Prowess
14033	Impetuous Sunchaser
14034	Karametra's Favor
14035	Karametra, God of Harvests
14036	Kiora, the Crashing Wave
14037	Kragma Butcher
14038	Kraken of the Straits
14039	Lightning Volley
14040	Loyal Pegasus
14041	Marshmist Titan
14042	Meletis Astronomer
14043	Mindreaver
14044	Mischief and Mayhem
14045	Mogis, God of Slaughter
14046	Mortal's Ardor
14047	Mortal's Resolve
14048	Nessian Demolok
14049	Noble Quarry
14050	Nullify
14051	Nyxborn Eidolon
14052	Nyxborn Rollicker
14053	Nyxborn Shieldmate
14054	Nyxborn Triton
14055	Nyxborn Wolf
14056	Odunos River Trawler
14057	Oracle of Bones
14058	Oracle's Insight
14059	Oreskos Sun Guide
14060	Ornitharch
14061	Peregrination
14062	Perplexing Chimera
14063	Pharagax Giant
14064	Phenax, God of Deception
14065	Pheres-Band Raiders
14066	Pheres-Band Tromper
14067	Pillar of War
14068	Pinnacle of Rage
14069	Plea for Guidance
14070	Ragemonger
14071	Raised by Wolves
14072	Reap What Is Sown
14073	Reckless Reveler
14074	Retraction Helix
14075	Rise to the Challenge
14076	Sanguimancy
14077	Satyr Firedancer
14078	Satyr Nyx-Smith
14079	Satyr Wayfinder
14080	Scourge of Skola Vale
14081	Scouring Sands
14082	Searing Blood
14083	Servant of Tymaret
14084	Setessan Oathsworn
14085	Setessan Starbreaker
14086	Shrike Harpy
14087	Siren Song Lyre
14088	Siren of the Fanged Coast
14089	Siren of the Silent Song
14090	Skyreaping
14091	Snake of the Golden Grove
14092	Sphinx's Disciple
14093	Spirit of the Labyrinth
14094	Spiteful Returned
14095	Stormcaller of Keranos
14096	Stratus Walk
14097	Sudden Storm
14098	Sunbond
14099	Swordwise Centaur
14100	Temple of Enlightenment
14101	Temple of Malice
14102	Temple of Plenty
14103	Thassa's Rebuff
14104	Thunder Brute
14105	Thunderous Might
14106	Unravel the Aether
14107	Vanguard of Brimaz
14108	Vortex Elemental
14109	Warchanter of Mogis
14110	Weight of the Underworld
14111	Whelming Wave
14112	Whims of the Fates
14113	Xenagos, God of Revels
14114	The Explorer
14115	The General
14116	The Provider
14117	The Savant
14118	The Tyrant
14119	The Vanquisher
14120	The Warmonger
14121	Altar of Mogis
14122	Consuming Rage
14123	Descend on the Prey
14124	Intervention of Keranos
14125	Massacre Totem
14126	Plundered Statue
14127	Refreshing Elixir
14128	Touch of the Horned God
14129	Unquenchable Fury
14130	Vitality Salve
14131	Dawnbringer Charioteers
14132	Dictate of Kruphix
14133	Dictate of the Twin Gods
14134	Doomwake Giant
14135	Eidolon of Blossoms
14136	Hall of Triumph
14137	Heroes' Bane
14138	Scourge of Fleets
14139	Spawn of Thraxes
14140	Squelching Leeches
14141	Aegis of the Gods
14142	Aerial Formation
14143	Agent of Erebos
14144	Ajani's Presence
14145	Ajani, Mentor of Heroes
14146	Akroan Line Breaker
14147	Akroan Mastiff
14148	Armament of Nyx
14149	Armory of Iroas
14150	Aspect of Gorgon
14151	Athreos, God of Passage
14152	Bassara Tower Archer
14153	Battlefield Thaumaturge
14154	Bearer of the Heavens
14155	Blinding Flare
14156	Bloodcrazed Hoplite
14157	Cast into Darkness
14158	Chariot of Victory
14159	Cloaked Siren
14160	Colossal Heroics
14161	Consign to Dust
14162	Countermand
14163	Cruel Feeding
14164	Crystalline Nautilus
14165	Cyclops of Eternal Fury
14166	Dakra Mystic
14167	Daring Thief
14168	Deicide
14169	Desecration Plague
14170	Deserter's Quarters
14171	Desperate Stand
14172	Dictate of Erebos
14173	Dictate of Heliod
14174	Dictate of Karametra
14175	Disciple of Deceit
14176	Dreadbringer Lampads
14177	Eagle of the Watch
14178	Eidolon of Rhetoric
14179	Eidolon of the Great Revel
14180	Extinguish All Hope
14181	Feast of Dreams
14182	Felhide Petrifier
14183	Flamespeaker's Will
14184	Fleetfeather Cockatrice
14185	Flurry of Horns
14186	Font of Fertility
14187	Font of Fortunes
14188	Font of Ire
14189	Font of Return
14190	Font of Vigor
14191	Forgeborn Oreads
14192	Gluttonous Cyclops
14193	Gnarled Scarhide
14194	Godhunter Octopus
14195	Godsend
14196	Gold-Forged Sentinel
14197	Golden Hind
14198	Goldenhide Ox
14199	Grim Guardian
14200	Harness by Force
14201	Harvestguard Alseids
14202	Hour of Need
14203	Hubris
14204	Humbler of Mortals
14205	Hydra Broodmaster
14206	Hypnotic Siren
14207	Interpret the Signs
14208	Iroas, God of Victory
14209	Keranos, God of Storms
14210	King Macar, the Gold-Cursed
14211	Kiora's Dismissal
14212	Knowledge and Power
14213	Kruphix's Insight
14214	Kruphix, God of Horizons
14215	Lagonna-Band Trailblazer
14216	Launch the Fleet
14217	Leonin Iconoclast
14218	Lightning Diadem
14219	Mana Confluence
14220	Market Festival
14221	Master of the Feast
14222	Mogis's Warhound
14223	Mortal Obstinacy
14224	Nature's Panoply
14225	Nessian Game Warden
14226	Nightmarish End
14227	Nyx Infusion
14228	Nyx Weaver
14229	Nyx-Fleece Ram
14230	Oakheart Dryads
14231	Oppressive Rays
14232	Oreskos Swiftclaw
14233	Pensive Minotaur
14234	Phalanx Formation
14235	Pharika's Chosen
14236	Pharika, God of Affliction
14237	Pheres-Band Thunderhoof
14238	Pheres-Band Warchief
14239	Pin to the Earth
14240	Polymorphous Rush
14241	Prophetic Flamespeaker
14242	Pull from the Deep
14243	Quarry Colossus
14244	Ravenous Leucrocota
14245	Renowned Weaver
14246	Returned Reveler
14247	Revel of the Fallen God
14248	Reviving Melody
14249	Riptide Chimera
14250	Rise of Eagles
14251	Ritual of the Returned
14252	Rollick of Abandon
14253	Rotted Hulk
14254	Rouse the Mob
14255	Sage of Hours
14256	Satyr Grovedancer
14257	Satyr Hoplite
14258	Setessan Tactics
14259	Sightless Brawler
14260	Sigiled Skink
14261	Sigiled Starfish
14262	Silence the Believers
14263	Skybind
14264	Skyspear Cavalry
14265	Solidarity of Heroes
14266	Spirespine
14267	Spite of Mogis
14268	Spiteful Blow
14269	Starfall
14270	Stonewise Fortifier
14271	Stormchaser Chimera
14272	Strength from the Fallen
14273	Supply-Line Cranes
14274	Swarmborn Giant
14275	Temple of Epiphany
14276	Temple of Malady
14277	Tethmos High Priest
14278	Thassa's Devourer
14279	Thassa's Ire
14280	Thoughtrender Lamia
14281	Tormented Thoughts
14282	Triton Cavalry
14283	Triton Shorestalker
14284	Twinflame
14285	Underworld Coinsmith
14286	War-Wing Siren
14287	Whitewater Naiads
14288	Wildfire Cerberus
14289	Worst Fears
14290	Axe of the Warmonger
14291	Bow of the Hunter
14292	Cloak of the Philosopher
14293	Lash of the Tyrant
14294	Spear of the General
14295	The Champion
14296	The Destined
14297	Dance of Flame
14298	Dance of Panic
14299	Impulsive Charge
14300	Impulsive Destruction
14301	Impulsive Return
14302	Rip to Pieces
14303	Xenagos's Scorn
14304	Xenagos's Strike
14305	Academy Elite
14306	Advantageous Proclamation
14307	Aether Searcher
14308	Agent of Acquisitions
14309	Backup Plan
14310	Bite of the Black Rose
14311	Brago's Favor
14312	Brago's Representative
14313	Brago, King Eternal
14314	Canal Dredger
14315	Coercive Portal
14316	Cogwork Grinder
14317	Cogwork Librarian
14318	Cogwork Spy
14319	Cogwork Tracker
14320	Council Guardian
14321	Council's Judgment
14322	Custodi Soulbinders
14323	Custodi Squire
14324	Dack Fayden
14325	Dack's Duplicate
14326	Deal Broker
14327	Deathreap Ritual
14328	Double Stroke
14329	Drakestown Forgotten
14330	Enraged Revolutionary
14331	Extract from Darkness
14332	Flamewright
14333	Grenzo's Cutthroat
14334	Grenzo's Rebuttal
14335	Grenzo, Dungeon Warden
14336	Grudge Keeper
14337	Ignition Team
14338	Immediate Action
14339	Iterative Analysis
14340	Lore Seeker
14341	Lurking Automaton
14342	Magister of Worth
14343	Marchesa's Emissary
14344	Marchesa's Infiltrator
14345	Marchesa's Smuggler
14346	Marchesa, the Black Rose
14347	Muzzio's Preparations
14348	Muzzio, Visionary Architect
14349	Paliano, the High City
14350	Plea for Power
14351	Power Play
14352	Predator's Howl
14353	Realm Seekers
14354	Reign of the Pit
14355	Rousing of Souls
14356	Scourge of the Throne
14357	Secret Summoning
14358	Secrets of Paradise
14359	Selvala's Charge
14360	Selvala's Enforcer
14361	Selvala, Explorer Returned
14362	Sentinel Dispatch
14363	Split Decision
14364	Treasonous Ogre
14365	Tyrant's Choice
14366	Unexpected Potential
14367	Whispergear Sneak
14368	Woodvine Elemental
14369	Worldknit
14370	Ajani Steadfast
14371	Garruk, Apex Predator
14372	Jace, the Living Guildpact
14373	Nissa, Worldwaker
14374	Soul of Ravnica
14375	Soul of Zendikar
14376	Garruk the Slayer
14377	Chasm Skulker
14378	Chief Engineer
14379	Goblin Rabblemaster
14380	In Garruk's Wake
14381	Indulgent Tormentor
14382	Mercurial Pretender
14383	Phytotitan
14384	Reclamation Sage
14385	Resolute Archangel
14386	Siege Dragon
14387	Soul of New Phyrexia
14388	Act on Impulse
14389	Aeronaut Tinkerer
14390	Aetherspouts
14391	Aggressive Mining
14392	Altac Bloodseeker
14393	Amphin Pathmage
14394	Avacyn, Guardian Angel
14395	Avarice Amulet
14396	Belligerent Sliver
14397	Blastfire Bolt
14398	Blood Host
14399	Boonweaver Giant
14400	Borderland Marauder
14401	Brawler's Plate
14402	Brood Keeper
14403	Burning Anger
14404	Carnivorous Moss-Beast
14405	Carrion Crow
14406	Chronostutter
14407	Constricting Sliver
14408	Coral Barrier
14409	Covenant of Blood
14410	Crowd's Favor
14411	Cruel Sadist
14412	Dauntless River Marshal
14413	Diffusion Sliver
14414	Endless Obedience
14415	Ensoul Artifact
14416	Ephemeral Shields
14417	Eternal Thirst
14418	Feast on the Fallen
14419	Feral Incarnation
14420	Festergloom
14421	First Response
14422	Flesh to Dust
14423	Frost Lynx
14424	Geist of the Moors
14425	Generator Servant
14426	Genesis Hydra
14427	Glacial Crasher
14428	Goblin Kaboomist
14429	Hammerhand
14430	Heliod's Pilgrim
14431	Hornet Nest
14432	Hot Soup
14433	Hunter's Ambush
14434	Hushwing Gryff
14435	Inferno Fist
14436	Invasive Species
14437	Jalira, Master Polymorphist
14438	Jorubai Murk Lurker
14439	Kalonian Twingrove
14440	Kapsho Kitefins
14441	Kird Chieftain
14442	Krenko's Enforcer
14443	Kurkesh, Onakke Ancient
14444	Leeching Sliver
14445	Life's Legacy
14446	Living Totem
14447	Marked by Honor
14448	Master of Predicaments
14449	Meditation Puzzle
14450	Meteorite
14451	Might Makes Right
14452	Military Intelligence
14453	Miner's Bane
14454	Necromancer's Assistant
14455	Necromancer's Stockpile
14456	Netcaster Spider
14457	Nightfire Giant
14458	Nimbus of the Isles
14459	Nissa's Expedition
14460	Ob Nixilis, Unshackled
14461	Obelisk of Urd
14462	Paragon of Eternal Wilds
14463	Paragon of Fierce Defiance
14464	Paragon of Gathering Mists
14465	Paragon of New Dawns
14466	Paragon of Open Graves
14467	Perilous Vault
14468	Pillar of Light
14469	Polymorphist's Jest
14470	Profane Memento
14471	Quickling
14472	Radiant Fountain
14473	Research Assistant
14474	Return to the Ranks
14475	Rogue's Gloves
14476	Rotfeaster Maggot
14477	Sacred Armory
14478	Sanctified Charge
14479	Scrapyard Mongrel
14480	Scuttling Doom Engine
14481	Seraph of the Masses
14482	Shadowcloak Vampire
14483	Shaman of Spring
14484	Shield of the Avatar
14485	Sliver Hive
14486	Sliver Hivelord
14487	Soul of Innistrad
14488	Soul of Shandalar
14489	Soul of Theros
14490	Spectra Ward
14491	Spirit Bonds
14492	Stain the Mind
14493	Statute of Denial
14494	Sunblade Elf
14495	Sungrace Pegasus
14496	The Chain Veil
14497	Triplicate Spirits
14498	Tyrant's Machine
14499	Ulcerate
14500	Undergrowth Scavenger
14501	Unmake the Graves
14502	Venom Sliver
14503	Vineweft
14504	Void Snare
14505	Wall of Limbs
14506	Warden of the Beyond
14507	Waste Not
14508	Will-Forged Golem
14509	Witch's Familiar
14510	Xathrid Slyblade
14511	Yisan, the Wanderer Bard
14512	Jeskai Elder
14513	Mardu Heart-Piercer
14514	Mystic Monastery
14515	Nomad Outpost
14516	Thousand Winds
14517	Zurgo Helmsmasher
14518	Abomination of Gudul
14519	Abzan Ascendancy
14520	Abzan Banner
14521	Abzan Battle Priest
14522	Abzan Charm
14523	Abzan Falconer
14524	Abzan Guide
14525	Ainok Bond-Kin
14526	Ainok Tracker
14527	Alabaster Kirin
14528	Alpine Grizzly
14529	Altar of the Brood
14530	Anafenza, the Foremost
14531	Ankle Shanker
14532	Archers' Parapet
14533	Armament Corps
14534	Arrow Storm
14535	Ashcloud Phoenix
14536	Avalanche Tusker
14537	Awaken the Bear
14538	Barrage of Boulders
14539	Bear's Companion
14540	Become Immense
14541	Bellowing Saddlebrute
14542	Bitter Revelation
14543	Blinding Spray
14544	Bloodfell Caves
14545	Bloodfire Expert
14546	Bloodfire Mentor
14547	Bloodsoaked Champion
14548	Blossoming Sands
14549	Brave the Sands
14550	Briber's Purse
14551	Bring Low
14552	Burn Away
14553	Butcher of the Horde
14554	Canyon Lurkers
14555	Chief of the Edge
14556	Chief of the Scale
14557	Clever Impersonator
14558	Crackling Doom
14559	Cranial Archive
14560	Crater's Claws
14561	Dazzling Ramparts
14562	Dead Drop
14563	Death Frenzy
14564	Debilitating Injury
14565	Defiant Strike
14566	Deflecting Palm
14567	Dig Through Time
14568	Disdainful Stroke
14569	Dismal Backwater
14570	Disowned Ancestor
14571	Dragon Grip
14572	Dragon Throne of Tarkir
14573	Dragon's Eye Savants
14574	Dragon-Style Twins
14575	Dragonscale Boon
14576	Duneblast
14577	Dutiful Return
14578	Efreet Weaponmaster
14579	Embodiment of Spring
14580	Empty the Pits
14581	End Hostilities
14582	Feat of Resistance
14583	Feed the Clan
14584	Firehoof Cavalry
14585	Flying Crane Technique
14586	Force Away
14587	Frontier Bivouac
14588	Ghostfire Blade
14589	Glacial Stalker
14590	Goblinslide
14591	Grim Haruspex
14592	Gurmag Swiftwing
14593	Hardened Scales
14594	Heart-Piercer Bow
14595	Heir of the Wilds
14596	Herald of Anafenza
14597	High Sentinels of Arashin
14598	Highland Game
14599	Highspire Mantis
14600	Hooded Hydra
14601	Hooting Mandrills
14602	Horde Ambusher
14603	Hordeling Outburst
14604	Howl of the Horde
14605	Icefeather Aven
14606	Icy Blast
14607	Ivorytusk Fortress
14608	Jeering Instigator
14609	Jeskai Ascendancy
14610	Jeskai Banner
14611	Jeskai Charm
14612	Jeskai Student
14613	Jeskai Windscout
14614	Jungle Hollow
14615	Kheru Bloodsucker
14616	Kheru Dreadmaw
14617	Kheru Lich Lord
14618	Kheru Spellsnatcher
14619	Kill Shot
14620	Kin-Tree Invocation
14621	Kin-Tree Warden
14622	Krumar Bond-Kin
14623	Leaping Master
14624	Lens of Clarity
14625	Longshot Squad
14626	Mantis Rider
14627	Mardu Ascendancy
14628	Mardu Banner
14629	Mardu Blazebringer
14630	Mardu Charm
14631	Mardu Hateblade
14632	Mardu Hordechief
14633	Mardu Roughrider
14634	Mardu Skullhunter
14635	Mardu Warshrieker
14636	Master of Pearls
14637	Master the Way
14638	Meandering Towershell
14639	Mer-Ek Nightblade
14640	Mindswipe
14641	Mistfire Weaver
14642	Molting Snakeskin
14643	Monastery Flock
14644	Monastery Swiftspear
14645	Murderous Cut
14646	Mystic of the Hidden Way
14647	Narset, Enlightened Master
14648	Necropolis Fiend
14649	Opulent Palace
14650	Pearl Lake Ancient
14651	Pine Walker
14652	Ponyback Brigade
14653	Quiet Contemplation
14654	Raiders' Spoils
14655	Rakshasa Deathdealer
14656	Rakshasa Vizier
14657	Rakshasa's Secret
14658	Rattleclaw Mystic
14659	Retribution of the Ancients
14660	Ride Down
14661	Rite of the Serpent
14662	Riverwheel Aerialists
14663	Roar of Challenge
14664	Rotting Mastodon
14665	Rugged Highlands
14666	Rush of Battle
14667	Ruthless Ripper
14668	Sage of the Inward Eye
14669	Sage-Eye Harrier
14670	Sagu Archer
14671	Sagu Mauler
14672	Salt Road Patrol
14673	Sandsteppe Citadel
14674	Sarkhan, the Dragonspeaker
14675	Savage Knuckleblade
14676	Savage Punch
14677	Scaldkin
14678	Scion of Glaciers
14679	Scoured Barrens
14680	Scout the Borders
14681	Secret Plans
14682	See the Unwritten
14683	Seeker of the Way
14684	Set Adrift
14685	Shambling Attendants
14686	Sidisi's Pet
14687	Sidisi, Brood Tyrant
14688	Siege Rhino
14689	Siegecraft
14690	Singing Bell Strike
14691	Smoke Teller
14692	Snowhorn Rider
14693	Sorin, Solemn Visitor
14694	Stubborn Denial
14695	Sultai Ascendancy
14696	Sultai Banner
14697	Sultai Charm
14698	Sultai Flayer
14699	Sultai Scavenger
14700	Sultai Soothsayer
14701	Summit Prowler
14702	Surrak Dragonclaw
14703	Suspension Field
14704	Swarm of Bloodflies
14705	Swift Kick
14706	Swiftwater Cliffs
14707	Taigam's Scheming
14708	Take Up Arms
14709	Temur Ascendancy
14710	Temur Banner
14711	Temur Charger
14712	Temur Charm
14713	Thornwood Falls
14714	Throttle
14715	Timely Hordemate
14716	Tomb of the Spirit Dragon
14717	Tormenting Voice
14718	Trail of Mystery
14719	Tranquil Cove
14720	Trap Essence
14721	Treasure Cruise
14722	Tusked Colossodon
14723	Tuskguard Captain
14724	Ugin's Nexus
14725	Unyielding Krumar
14726	Utter End
14727	Valley Dasher
14728	Venerable Lammasu
14729	Villainous Wealth
14730	War Behemoth
14731	War-Name Aspirant
14732	Warden of the Eye
14733	Watcher of the Roost
14734	Waterwhirl
14735	Weave Fate
14736	Wetland Sambar
14737	Whirlwind Adept
14738	Wind-Scarred Crag
14739	Wingmate Roc
14740	Winterflame
14741	Witness of the Ages
14742	Woolly Loxodon
14743	Aether Gale
14744	Angel of the Dire Hour
14745	Angelic Field Marshal
14746	Arcane Lighthouse
14747	Assault Suit
14748	Benevolent Offering
14749	Bitter Feud
14750	Breaching Leviathan
14751	Comeuppance
14752	Commander's Sphere
14753	Containment Priest
14754	Creeperhulk
14755	Crown of Doom
14756	Daretti, Scrap Savant
14757	Demon of Wailing Agonies
14758	Deploy to the Front
14759	Domineering Will
14760	Dualcaster Mage
14761	Dulcet Sirens
14762	Feldon of the Third Path
14763	Fell the Mighty
14764	Flamekin Village
14765	Flesh Carver
14766	Freyalise, Llanowar's Fury
14767	Ghoulcaller Gisa
14768	Grave Sifter
14769	Hallowed Spiritkeeper
14770	Impact Resonance
14771	Incite Rebellion
14772	Infernal Offering
14773	Intellectual Offering
14774	Jazal Goldmane
14775	Lifeblood Hydra
14776	Loreseeker's Stone
14777	Malicious Affliction
14778	Masterwork of Ingenuity
14779	Myriad Landscape
14780	Nahiri, the Lithomancer
14781	Necromantic Selection
14782	Ob Nixilis of the Black Oath
14783	Overseer of the Damned
14784	Raving Dead
14785	Reef Worm
14786	Scrap Mastery
14787	Siege Behemoth
14788	Song of the Dryads
14789	Spoils of Blood
14790	Stitcher Geralf
14791	Stormsurge Kraken
14792	Sylvan Offering
14793	Teferi, Temporal Archmage
14794	Thunderfoot Baloth
14795	Titania, Protector of Argoth
14796	Tyrant's Familiar
14797	Unstable Obelisk
14798	Volcanic Offering
14799	Wake the Dead
14800	Warmonger Hellkite
14801	Wave of Vitriol
14802	Well of Ideas
14803	Wolfcaller's Howl
14804	Phoenix Heart
14805	Mishra's Toy Workshop
14806	Abzan Beastmaster
14807	Anticipate
14808	Frost Walker
14809	Orator of Ojutai
14810	Roast
14811	Arashin War Beast
14812	Fierce Invocation
14813	Formless Nurturing
14814	Hewed Stone Retainers
14815	Jeskai Infiltrator
14816	Mastery of the Unseen
14817	Reality Shift
14818	Soul Summons
14819	Sultai Emissary
14820	Ugin's Construct
14821	Ugin, the Spirit Dragon
14822	Wildcall
14823	Write into Being
14824	Abzan Advantage
14825	Abzan Kin-Guard
14826	Abzan Runemark
14827	Abzan Skycaptain
14828	Ainok Guide
14829	Alesha's Vanguard
14830	Alesha, Who Smiles at Death
14831	Ambush Krotiq
14832	Ancestral Vengeance
14833	Arashin Cleric
14834	Arcbond
14835	Archers of Qarsi
14836	Archfiend of Depravity
14837	Atarka, World Render
14838	Aven Skirmisher
14839	Aven Surveyor
14840	Bathe in Dragonfire
14841	Battle Brawler
14842	Battlefront Krushok
14843	Bloodfire Enforcers
14844	Break Through the Line
14845	Brutal Hordechief
14846	Cached Defenses
14847	Channel Harm
14848	Citadel Siege
14849	Cloudform
14850	Collateral Damage
14851	Crucible of the Spirit Dragon
14852	Crux of Fate
14853	Cunning Strike
14854	Daghatar the Adamant
14855	Dark Deal
14856	Defiant Ogre
14857	Destructor Dragon
14858	Diplomacy of the Wastes
14859	Dragon Bell Monk
14860	Dragonrage
14861	Dragonscale General
14862	Dromoka, the Eternal
14863	Elite Scaleguard
14864	Enhanced Awareness
14865	Ethereal Ambush
14866	Fascination
14867	Fearsome Awakening
14868	Feral Krushok
14869	Flamerush Rider
14870	Flamewake Phoenix
14871	Friendly Fire
14872	Frontier Mastodon
14873	Frontier Siege
14874	Fruit of the First Tree
14875	Ghastly Conscription
14876	Goblin Boom Keg
14877	Goblin Heelcutter
14878	Gore Swine
14879	Grave Strength
14880	Great-Horn Krushok
14881	Grim Contest
14882	Gurmag Angler
14883	Harsh Sustenance
14884	Hero's Blade
14885	Honor's Reward
14886	Hooded Assassin
14887	Humble Defector
14888	Hungering Yeti
14889	Jeskai Barricade
14890	Jeskai Runemark
14891	Jeskai Sage
14892	Kolaghan, the Storm's Fury
14893	Lightform
14894	Lightning Shrieker
14895	Lotus Path Djinn
14896	Lotus-Eye Mystics
14897	Map the Wastes
14898	Marang River Prowler
14899	Mardu Runemark
14900	Mardu Scout
14901	Mardu Shadowspear
14902	Mardu Strike Leader
14903	Mardu Woe-Reaper
14904	Merciless Executioner
14905	Mindscour Dragon
14906	Mistfire Adept
14907	Mob Rule
14908	Monastery Mentor
14909	Monastery Siege
14910	Neutralizing Blast
14911	Noxious Dragon
14912	Ojutai, Soul of Winter
14913	Orc Sureshot
14914	Outpost Siege
14915	Palace Siege
14916	Pilgrim of the Fires
14917	Pressure Point
14918	Qarsi High Priest
14919	Rageform
14920	Rakshasa's Disdain
14921	Rally the Ancestors
14922	Reach of Shadows
14923	Refocus
14924	Renowned Weaponsmith
14925	Return to the Earth
14926	Rite of Undoing
14927	Ruthless Instincts
14928	Sage's Reverie
14929	Sage-Eye Avengers
14930	Sandblast
14931	Sandsteppe Mastodon
14932	Sandsteppe Outcast
14933	Scroll of the Masters
14934	Shaman of the Great Hunt
14935	Shamanic Revelation
14936	Shifting Loyalties
14937	Shockmaw Dragon
14938	Shu Yun, the Silent Tempest
14939	Sibsig Host
14940	Sibsig Muckdraggers
14941	Silumgar, the Drifting Death
14942	Smoldering Efreet
14943	Soulfire Grand Master
14944	Soulflayer
14945	Sudden Reclamation
14946	Sultai Runemark
14947	Sultai Skullkeeper
14948	Supplant Form
14949	Tasigur's Cruelty
14950	Tasigur, the Golden Fang
14951	Temporal Trespass
14952	Temur Battle Rage
14953	Temur Runemark
14954	Temur Sabertooth
14955	Temur War Shaman
14956	Torrent Elemental
14957	Valorous Stance
14958	Vaultbreaker
14959	Wandering Champion
14960	War Flare
14961	Warden of the First Tree
14962	Wardscale Dragon
14963	Whisk Away
14964	Whisperer of the Wilds
14965	Whisperwood Elemental
14966	Wild Slash
14967	Will of the Naga
14968	Winds of Qal Sisma
14969	Yasova Dragonclaw
14970	Acid-Spewer Dragon
14971	Aerie Bowmasters
14972	Ainok Artillerist
14973	Ainok Survivalist
14974	Ambuscade Shaman
14975	Anafenza, Kin-Tree Spirit
14976	Ancestral Statue
14977	Ancient Carp
14978	Arashin Foremost
14979	Arashin Sovereign
14980	Artful Maneuver
14981	Assault Formation
14982	Atarka Beastbreaker
14983	Atarka Efreet
14984	Atarka Monument
14985	Atarka Pummeler
14986	Atarka's Command
14987	Avatar of the Resolute
14988	Aven Sunstriker
14989	Aven Tactician
14990	Belltoll Dragon
14991	Berserkers' Onslaught
14992	Blessed Reincarnation
14993	Blood-Chin Fanatic
14994	Blood-Chin Rager
14995	Boltwing Marauder
14996	Butcher's Glee
14997	Center Soul
14998	Champion of Arashin
14999	Circle of Elders
15000	Clone Legion
15001	Coat with Venom
15002	Collected Company
15003	Colossodon Yearling
15004	Commune with Lava
15005	Conifer Strider
15006	Contradict
15007	Corpseweft
15008	Crater Elemental
15009	Cunning Breezedancer
15010	Custodian of the Trove
15011	Damnable Pact
15012	Dance of the Skywise
15013	Deadly Wanderings
15014	Deathbringer Regent
15015	Deathmist Raptor
15016	Defeat
15017	Den Protector
15018	Descent of the Dragons
15019	Dirgur Nemesis
15020	Display of Dominance
15021	Draconic Roar
15022	Dragon Hunter
15023	Dragon Tempest
15024	Dragon Whisperer
15025	Dragon's Eye Sentry
15026	Dragon-Scarred Bear
15027	Dragonloft Idol
15028	Dragonlord Atarka
15029	Dragonlord Dromoka
15030	Dragonlord Kolaghan
15031	Dragonlord Ojutai
15032	Dragonlord Silumgar
15033	Dragonlord's Prerogative
15034	Dragonlord's Servant
15035	Dromoka Captain
15036	Dromoka Dunecaster
15037	Dromoka Monument
15038	Dromoka Warrior
15039	Dromoka's Command
15040	Dromoka's Gift
15041	Dutiful Attendant
15042	Echoes of the Kin Tree
15043	Elusive Spellfist
15044	Encase in Ice
15045	Enduring Scalelord
15046	Enduring Victory
15047	Epic Confrontation
15048	Fate Forgotten
15049	Flatten
15050	Foe-Razer Regent
15051	Foul Renewal
15052	Foul-Tongue Invocation
15053	Foul-Tongue Shriek
15054	Gate Smasher
15055	Glade Watcher
15056	Glaring Aegis
15057	Gleam of Authority
15058	Glint
15059	Graceblade Artisan
15060	Great Teacher's Decree
15061	Guardian Shield-Bearer
15062	Gudul Lurker
15063	Gurmag Drowner
15064	Hand of Silumgar
15065	Harbinger of the Hunt
15066	Hardened Berserker
15067	Haven of the Spirit Dragon
15068	Hedonist's Trove
15069	Herald of Dromoka
15070	Herdchaser Dragon
15071	Hidden Dragonslayer
15072	Icefall Regent
15073	Illusory Gains
15074	Impact Tremors
15075	Inspiring Call
15076	Ire Shaman
15077	Keeper of the Lens
15078	Kolaghan Aspirant
15079	Kolaghan Forerunners
15080	Kolaghan Monument
15081	Kolaghan Skirmisher
15082	Kolaghan Stormsinger
15083	Kolaghan's Command
15084	Learn from the Past
15085	Lightning Berserker
15086	Lightwalker
15087	Living Lore
15088	Lose Calm
15089	Lurking Arynx
15090	Magmatic Chasm
15091	Marang River Skeleton
15092	Marsh Hulk
15093	Minister of Pain
15094	Mirror Mockery
15095	Misthoof Kirin
15096	Monastery Loremaster
15097	Mystic Meditation
15098	Myth Realized
15099	Narset Transcendent
15100	Necromaster Dragon
15101	Obscuring Aether
15102	Ojutai Exemplars
15103	Ojutai Interceptor
15104	Ojutai Monument
15105	Ojutai's Breath
15106	Ojutai's Command
15107	Ojutai's Summons
15108	Palace Familiar
15109	Pinion Feast
15110	Pitiless Horde
15111	Press the Advantage
15112	Pristine Skywise
15113	Profaner of the Dead
15114	Profound Journey
15115	Qal Sisma Behemoth
15116	Qarsi Deceiver
15117	Qarsi Sadist
15118	Radiant Purge
15119	Rakshasa Gravecaller
15120	Reckless Imp
15121	Reduce in Stature
15122	Rending Volley
15123	Resupply
15124	Revealing Wind
15125	Risen Executioner
15126	Ruthless Deathfang
15127	Sabertooth Outrider
15128	Salt Road Ambushers
15129	Salt Road Quartermasters
15130	Sandcrafter Mage
15131	Sandsteppe Scavenger
15132	Sandstorm Charger
15133	Sarkhan Unbroken
15134	Sarkhan's Rage
15135	Sarkhan's Triumph
15136	Savage Ventmaw
15137	Scale Blessing
15138	Scaleguard Sentinels
15139	Scion of Ugin
15140	Screamreach Brawler
15141	Secure the Wastes
15142	Segmented Krotiq
15143	Seismic Rupture
15144	Self-Inflicted Wound
15145	Servant of the Scale
15146	Shaman of Forgotten Ways
15147	Shambling Goblin
15148	Shape the Sands
15149	Sheltered Aerie
15150	Shieldhide Dragon
15151	Shorecrasher Elemental
15152	Sibsig Icebreakers
15153	Sidisi's Faithful
15154	Sidisi, Undead Vizier
15155	Sight Beyond Sight
15156	Sight of the Scalelords
15157	Silkwrap
15158	Silumgar Assassin
15159	Silumgar Butcher
15160	Silumgar Monument
15161	Silumgar Sorcerer
15162	Silumgar Spell-Eater
15163	Silumgar's Command
15164	Silumgar's Scorn
15165	Skywise Teachings
15166	Sprinting Warbrute
15167	Stampeding Elk Herd
15168	Stormcrag Elemental
15169	Stormrider Rig
15170	Stormwing Dragon
15171	Stratus Dancer
15172	Strongarm Monk
15173	Student of Ojutai
15174	Sunbringer's Touch
15175	Sunscorch Regent
15176	Surge of Righteousness
15177	Surrak, the Hunt Caller
15178	Swift Warkite
15179	Taigam's Strike
15180	Tail Slash
15181	Tapestry of the Ages
15182	Territorial Roc
15183	Thunderbreak Regent
15184	Tread Upon
15185	Twin Bolt
15186	Ukud Cobra
15187	Updraft Elemental
15188	Vandalize
15189	Vial of Dragonfire
15190	Virulent Plague
15191	Void Squall
15192	Volcanic Rush
15193	Volcanic Vision
15194	Vulturous Aven
15195	Wandering Tombshell
15196	Warbringer
15197	Youthful Scholar
15198	Zephyr Scribe
15199	Zurgo Bellstriker
15200	Chandra, Fire of Kaladesh // Chandra, Roaring Flame
15201	Jace, Vryn's Prodigy // Jace, Telepath Unbound
15202	Kytheon, Hero of Akros // Gideon, Battle-Forged
15203	Liliana, Heretical Healer // Liliana, Defiant Necromancer
15204	Nissa, Vastwood Seer // Nissa, Sage Animist
15205	Honored Hierarch
15206	Abbot of Keral Keep
15207	Acolyte of the Inferno
15208	Aerial Volley
15209	Akroan Jailer
15210	Akroan Sergeant
15211	Alchemist's Vial
15212	Alhammarret's Archive
15213	Alhammarret, High Arbiter
15214	Ampryn Tactician
15215	Anchor to the Aether
15216	Animist's Awakening
15217	Anointer of Champions
15218	Archangel of Tithes
15219	Artificer's Epiphany
15220	Aspiring Aeronaut
15221	Avaricious Dragon
15222	Aven Battle Priest
15223	Blazing Hellhound
15224	Blessed Spirits
15225	Blood-Cursed Knight
15226	Boggart Brute
15227	Bonded Construct
15228	Bounding Krasis
15229	Calculated Dismissal
15230	Call of the Full Moon
15231	Caustic Caterpillar
15232	Chandra's Ignition
15233	Chief of the Foundry
15234	Citadel Castellan
15235	Clash of Wills
15236	Cleric of the Forward Order
15237	Conclave Naturalists
15238	Consecrated by Blood
15239	Consul's Lieutenant
15240	Dark Dabbling
15241	Dark Petition
15242	Day's Undoing
15243	Deadbridge Shaman
15244	Deep-Sea Terror
15245	Demonic Pact
15246	Despoiler of Souls
15247	Disciple of the Ring
15248	Displacement Wave
15249	Dwynen's Elite
15250	Dwynen, Gilt-Leaf Daen
15251	Elemental Bond
15252	Embermaw Hellion
15253	Enlightened Ascetic
15254	Enshrouding Mist
15255	Enthralling Victor
15256	Erebos's Titan
15257	Evolutionary Leap
15258	Exquisite Firecraft
15259	Eyeblight Assassin
15260	Eyeblight Massacre
15261	Faerie Miscreant
15262	Fetid Imp
15263	Fiery Impulse
15264	Firefiend Elemental
15265	Flameshadow Conjuring
15266	Foundry of the Consuls
15267	Gather the Pack
15268	Ghirapur Aether Grid
15269	Ghirapur Gearcrafter
15270	Gideon's Phalanx
15271	Gilt-Leaf Winnower
15272	Gnarlroot Trapper
15273	Goblin Glory Chaser
15274	Grasp of the Hieromancer
15275	Graveblade Marauder
15276	Guardian Automaton
15277	Hallowed Moonlight
15278	Hangarback Walker
15279	Harbinger of the Tides
15280	Healing Hands
15281	Heavy Infantry
15282	Helm of the Gods
15283	Herald of the Pantheon
15284	Hitchclaw Recluse
15285	Hixus, Prison Warden
15286	Hydrolash
15287	Infectious Bloodlust
15288	Infernal Scarring
15289	Infinite Obliteration
15290	Iroas's Champion
15291	Jace's Sanctum
15292	Jhessian Thief
15293	Joraga Invocation
15294	Knight of the Pilgrim's Road
15295	Kothophed, Soul Hoarder
15296	Kytheon's Irregulars
15297	Kytheon's Tactics
15298	Languish
15299	Lightning Javelin
15300	Mage-Ring Bully
15301	Mage-Ring Network
15302	Mage-Ring Responder
15303	Magmatic Insight
15304	Malakir Cullblade
15305	Managorger Hydra
15306	Mantle of Webs
15307	Mizzium Meddler
15308	Molten Vortex
15309	Necromantic Summons
15310	Nightsnare
15311	Nissa's Pilgrimage
15312	Nissa's Revelation
15313	Nivix Barrier
15314	Orbs of Warding
15315	Outland Colossus
15316	Patron of the Valiant
15317	Pharika's Disciple
15318	Pia and Kiran Nalaar
15319	Possessed Skaab
15320	Prickleboar
15321	Priest of the Blood Rite
15322	Prism Ring
15323	Psychic Rebuttal
15324	Pyromancer's Goggles
15325	Rabid Bloodsucker
15326	Ramroller
15327	Ravaging Blaze
15328	Reave Soul
15329	Reclusive Artificer
15330	Relic Seeker
15331	Rhox Maulers
15332	Ringwarden Owl
15333	Scab-Clan Berserker
15334	Seismic Elemental
15335	Send to Sleep
15336	Sentinel of the Eternal Watch
15337	Separatist Voidmage
15338	Shadows of the Past
15339	Shaman of the Pack
15340	Shambling Ghoul
15341	Sigil of Valor
15342	Skyraker Giant
15343	Skysnare Spider
15344	Somberwald Alpha
15345	Soulblade Djinn
15346	Sphinx's Tutelage
15347	Stalwart Aven
15348	Starfield of Nyx
15349	Subterranean Scout
15350	Suppression Bonds
15351	Swift Reckoning
15352	Sword of the Animist
15353	Tainted Remedy
15354	Talent of the Telepath
15355	The Great Aurora
15356	Thopter Engineer
15357	Thopter Spy Network
15358	Thornbow Archer
15359	Throwing Knife
15360	Thunderclap Wyvern
15361	Topan Freeblade
15362	Touch of Moonglove
15363	Tragic Arrogance
15364	Undead Servant
15365	Undercity Troll
15366	Unholy Hunger
15367	Valeron Wardens
15368	Valor in Akros
15369	Veteran's Sidearm
15370	Vine Snare
15371	Volcanic Rambler
15372	Vryn Wingmare
15373	War Horn
15374	War Oracle
15375	Whirler Rogue
15376	Wild Instincts
15377	Willbreaker
15378	Woodland Bellower
15379	Zendikar Incarnate
15380	Zendikar's Roil
15381	Dominator Drone
15382	Forerunner of Slaughter
15383	Oblivion Sower
15384	Retreat to Kazandu
15385	Sheer Drop
15386	Veteran Warleader
15387	Adverse Conditions
15388	Akoum Firebird
15389	Akoum Hellkite
15390	Akoum Stonewaker
15391	Aligned Hedron Network
15392	Ally Encampment
15393	Angel of Renewal
15394	Angelic Captain
15395	Angelic Gift
15396	Bane of Bala Ged
15397	Barrage Tyrant
15398	Beastcaller Savant
15399	Belligerent Whiptail
15400	Benthic Infiltrator
15401	Blight Herder
15402	Blighted Cataract
15403	Blighted Fen
15404	Blighted Gorge
15405	Blighted Steppe
15406	Blighted Woodland
15407	Blisterpod
15408	Bloodbond Vampire
15409	Boiling Earth
15410	Breaker of Armies
15411	Brilliant Spectrum
15412	Bring to Light
15413	Brood Butcher
15414	Brood Monitor
15415	Broodhunter Wurm
15416	Brutal Expulsion
15417	Call the Scions
15418	Canopy Vista
15419	Carrier Thrall
15420	Catacomb Sifter
15421	Chasm Guide
15422	Cinder Glade
15423	Cliffside Lookout
15424	Cloud Manta
15425	Clutch of Currents
15426	Coastal Discovery
15427	Complete Disregard
15428	Conduit of Ruin
15429	Coralhelm Guide
15430	Courier Griffin
15431	Crumble to Dust
15432	Cryptic Cruiser
15433	Culling Drone
15434	Dampening Pulse
15435	Deathless Behemoth
15436	Defiant Bloodlord
15437	Demon's Grasp
15438	Desolation Twin
15439	Drana's Emissary
15440	Drana, Liberator of Malakir
15441	Drowner of Hope
15442	Dust Stalker
15443	Earthen Arms
15444	Eldrazi Devastator
15445	Eldrazi Skyspawner
15446	Emeria Shepherd
15447	Encircling Fissure
15448	Endless One
15449	Exert Influence
15450	Expedition Envoy
15451	Eyeless Watcher
15452	Fathom Feeder
15453	Felidar Cub
15454	Fertile Thicket
15455	Firemantle Mage
15456	Fortified Rampart
15457	From Beyond
15458	Geyserfield Stalker
15459	Ghostly Sentinel
15460	Gideon's Reproach
15461	Gideon, Ally of Zendikar
15462	Grave Birthing
15463	Greenwarden of Murasa
15464	Grip of Desolation
15465	Grove Rumbler
15466	Grovetender Druids
15467	Gruesome Slaughter
15468	Guardian of Tazeem
15469	Guul Draz Overseer
15470	Hagra Sharpshooter
15471	Halimar Tidecaller
15472	Hedron Archive
15473	Hedron Blade
15474	Herald of Kozilek
15475	Hero of Goma Fada
15476	Horribly Awry
15477	Incubator Drone
15478	Infuse with the Elements
15479	Jaddi Offshoot
15480	Kalastria Healer
15481	Kalastria Nightwatch
15482	Kiora, Master of the Depths
15483	Kitesail Scout
15484	Kor Bladewhirl
15485	Kor Castigator
15486	Kor Entanglers
15487	Kozilek's Channeler
15488	Kozilek's Sentinel
15489	Lantern Scout
15490	Lavastep Raider
15491	Lifespring Druid
15492	Lithomancer's Focus
15493	Looming Spires
15494	Lumbering Falls
15495	Makindi Patrol
15496	Makindi Sliderunner
15497	Malakir Familiar
15498	March from the Tomb
15499	Mind Raker
15500	Mire's Malice
15501	Mist Intruder
15502	Molten Nursery
15503	Mortuary Mire
15504	Munda, Ambush Leader
15505	Murasa Ranger
15506	Murk Strider
15507	Natural Connection
15508	Nettle Drone
15509	Nirkana Assassin
15510	Nissa's Renewal
15511	Noyan Dar, Roil Shaper
15512	Ob Nixilis Reignited
15513	Omnath, Locus of Rage
15514	Ondu Champion
15515	Ondu Greathorn
15516	Ondu Rising
15517	Oracle of Dust
15518	Oran-Rief Hydra
15519	Oran-Rief Invoker
15520	Outnumber
15521	Painful Truths
15522	Part the Waterveil
15523	Pathway Arrows
15524	Planar Outburst
15525	Plated Crusher
15526	Prairie Stream
15527	Prism Array
15528	Processor Assault
15529	Quarantine Field
15530	Radiant Flames
15531	Reckless Cohort
15532	Reclaiming Vines
15533	Resolute Blademaster
15534	Retreat to Coralhelm
15535	Retreat to Emeria
15536	Retreat to Hagra
15537	Retreat to Valakut
15538	Rising Miasma
15539	Roil Spout
15540	Roil's Retribution
15541	Roilmage's Trick
15542	Rot Shambler
15543	Ruin Processor
15544	Ruination Guide
15545	Ruinous Path
15546	Rush of Ice
15547	Salvage Drone
15548	Sanctum of Ugin
15549	Sandstone Bridge
15550	Scatter to the Winds
15551	Scour from Existence
15552	Scythe Leopard
15553	Seek the Wilds
15554	Serene Steward
15555	Serpentine Spike
15556	Shadow Glider
15557	Shambling Vent
15558	Shatterskull Recruit
15559	Shrine of the Forsaken Gods
15560	Silent Skimmer
15561	Sire of Stagnation
15562	Skitterskin
15563	Skyline Cascade
15564	Skyrider Elf
15565	Slab Hammer
15566	Sludge Crawler
15567	Smoldering Marsh
15568	Smothering Abomination
15569	Snapping Gnarlid
15570	Spawning Bed
15571	Spell Shrivel
15572	Stasis Snare
15573	Stone Haven Medic
15574	Stonefury
15575	Sunken Hollow
15576	Sure Strike
15577	Swarm Surge
15578	Swell of Growth
15579	Tajuru Beastmaster
15580	Tajuru Stalwart
15581	Tajuru Warcaller
15582	Tandem Tactics
15583	Tide Drifter
15584	Tightening Coils
15585	Titan's Presence
15586	Touch of the Void
15587	Transgress the Mind
15588	Tunneling Geopede
15589	Turn Against
15590	Ugin's Insight
15591	Ulamog's Despoiler
15592	Ulamog's Nullifier
15593	Ulamog's Reclaimer
15594	Ulamog, the Ceaseless Hunger
15595	Undergrowth Champion
15596	Unified Front
15597	Unnatural Aggression
15598	Valakut Invoker
15599	Valakut Predator
15600	Vampiric Rites
15601	Vestige of Emrakul
15602	Vile Aggregate
15603	Void Attendant
15604	Void Winnower
15605	Volcanic Upheaval
15606	Voracious Null
15607	Wasteland Strangler
15608	Wave-Wing Elemental
15609	Windrider Patrol
15610	Woodland Wanderer
15611	Zada, Hedron Grinder
15612	Zulaport Cutthroat
15613	Aethersnatch
15614	Anya, Merciless Angel
15615	Arachnogenesis
15616	Arjun, the Shifting Flame
15617	Awaken the Sky Tyrant
15618	Banshee of the Dread Choir
15619	Bastion Protector
15620	Blade of Selves
15621	Bloodspore Thrinax
15622	Broodbirth Viper
15623	Caller of the Pack
15624	Centaur Vinecrasher
15625	Command Beacon
15626	Corpse Augur
15627	Dawnbreak Reclaimer
15628	Daxos the Returned
15629	Daxos's Torment
15630	Deadly Tempest
15631	Dread Summons
15632	Dream Pillager
15633	Ezuri's Predation
15634	Ezuri, Claw of Progress
15635	Fiery Confluence
15636	Gigantoplasm
15637	Grasp of Fate
15638	Great Oak Guardian
15639	Herald of the Host
15640	Illusory Ambusher
15641	Kalemne's Captain
15642	Kalemne, Disciple of Iroas
15643	Karlov of the Ghost Council
15644	Kaseto, Orochi Archmage
15645	Magus of the Wheel
15646	Mazirek, Kraul Death Priest
15647	Meren of Clan Nel Toth
15648	Meteor Blast
15649	Mirror Match
15650	Mizzix of the Izmagnus
15651	Mizzix's Mastery
15652	Mystic Confluence
15653	Oreskos Explorer
15654	Pathbreaker Ibex
15655	Righteous Confluence
15656	Rite of the Raging Storm
15657	Sandstone Oracle
15658	Scourge of Nel Toth
15659	Scytheclaw
15660	Seal of the Guildpact
15661	Shielded by Faith
15662	Skullwinder
15663	Synthetic Destiny
15664	Thief of Blood
15665	Thought Vessel
15666	Verdant Confluence
15667	Warchief Giant
15668	Wretched Confluence
15669	Experience
15670	Goblin Sleigh Ride
15671	Crumbling Vestige
15672	Flaying Tendrils
15673	Rise from the Tides
15674	Spatial Contortion
15675	Abstruse Interference
15676	Affa Protector
15677	Akoum Flameseeker
15678	Allied Reinforcements
15679	Ancient Crab
15680	Ayli, Eternal Pilgrim
15681	Baloth Null
15682	Baloth Pup
15683	Bearer of Silence
15684	Birthing Hulk
15685	Blinding Drone
15686	Bonds of Mortality
15687	Boulder Salvo
15688	Brute Strength
15689	Call the Gatewatch
15690	Canopy Gorger
15691	Captain's Claws
15692	Chandra, Flamecaller
15693	Chitinous Cloak
15694	Cinder Barrens
15695	Cinder Hellion
15696	Cliffhaven Vampire
15697	Comparative Analysis
15698	Consuming Sinkhole
15699	Containment Membrane
15700	Corpse Churn
15701	Corrupted Crossroads
15702	Crush of Tentacles
15703	Cultivator Drone
15704	Cyclone Sire
15705	Dazzling Reflection
15706	Deceiver of Form
15707	Deepfathom Skulker
15708	Devour in Flames
15709	Dimensional Infiltrator
15710	Drana's Chosen
15711	Dread Defiler
15712	Eldrazi Aggressor
15713	Eldrazi Displacer
15714	Eldrazi Mimic
15715	Eldrazi Obligator
15716	Elemental Uprising
15717	Embodiment of Fury
15718	Embodiment of Insight
15719	Endbringer
15720	Essence Depleter
15721	Expedite
15722	Expedition Raptor
15723	Fall of the Titans
15724	Flayer Drone
15725	General Tazri
15726	Gift of Tusks
15727	Gladehart Cavalry
15728	Goblin Dark-Dwellers
15729	Goblin Freerunner
15730	Gravity Negator
15731	Grip of the Roil
15732	Harvester Troll
15733	Havoc Sower
15734	Hedron Alignment
15735	Hedron Crawler
15736	Hissing Quagmire
15737	Holdout Settlement
15738	Immobilizer Eldrazi
15739	Immolating Glare
15740	Inverter of Truth
15741	Iona's Blessing
15742	Isolation Zone
15743	Joraga Auxiliary
15744	Jori En, Ruin Diver
15745	Jwar Isle Avenger
15746	Kalitas, Traitor of Ghet
15747	Kazuul's Toll Collector
15748	Kor Scythemaster
15749	Kor Sky Climber
15750	Kozilek's Pathfinder
15751	Kozilek's Return
15752	Kozilek's Shrieker
15753	Kozilek's Translator
15754	Kozilek, the Great Distortion
15755	Lead by Example
15756	Linvala, the Preserver
15757	Loam Larva
15758	Make a Stand
15759	Makindi Aeronaut
15760	Malakir Soothsayer
15761	Matter Reshaper
15762	Maw of Kozilek
15763	Meandering River
15764	Mina and Denn, Wildborn
15765	Mindmelter
15766	Mirrorpool
15767	Munda's Vanguard
15768	Natural State
15769	Needle Spires
15770	Nissa's Judgment
15771	Nissa, Voice of Zendikar
15772	Null Caller
15773	Oath of Chandra
15774	Oath of Gideon
15775	Oath of Jace
15776	Oath of Nissa
15777	Oblivion Strike
15778	Ondu War Cleric
15779	Overwhelming Denial
15780	Press into Service
15781	Prophet of Distortion
15782	Pulse of Murasa
15783	Pyromancer's Assault
15784	Reality Hemorrhage
15785	Reality Smasher
15786	Reaver Drone
15787	Reckless Bushwhacker
15788	Reflector Mage
15789	Relentless Hunter
15790	Relief Captain
15791	Remorseless Punishment
15792	Roiling Waters
15793	Ruin in Their Wake
15794	Ruins of Oran-Rief
15795	Saddleback Lagac
15796	Scion Summoner
15797	Sea Gate Wreckage
15798	Searing Light
15799	Seed Guardian
15800	Seer's Lantern
15801	Shoulder to Shoulder
15802	Sifter of Skulls
15803	Sky Scourer
15804	Slaughter Drone
15805	Slip Through Space
15806	Sparkmage's Gambit
15807	Spawnbinder Mage
15808	Sphinx of the Final Word
15809	Stalking Drone
15810	Steppe Glider
15811	Stone Haven Outfitter
15812	Stoneforge Acolyte
15813	Stoneforge Masterwork
15814	Stormchaser Mage
15815	Submerged Boneyard
15816	Sweep Away
15817	Sylvan Advocate
15818	Tajuru Pathwarden
15819	Tar Snare
15820	Tears of Valakut
15821	Thought Harvester
15822	Thought-Knot Seer
15823	Timber Gorge
15824	Tranquil Expanse
15825	Tyrant of Valakut
15826	Umara Entangler
15827	Unity of Purpose
15828	Unnatural Endurance
15829	Untamed Hunger
15830	Vampire Envoy
15831	Vile Redeemer
15832	Vines of the Recluse
15833	Visions of Brutality
15834	Void Grafter
15835	Void Shatter
15836	Walker of the Wastes
15837	Wall of Resurgence
15838	Wandering Fumarole
15839	Warden of Geometries
15840	Warping Wail
15841	Wastes
15842	Weapons Trainer
15843	Witness the End
15844	World Breaker
15845	Zada's Commando
15846	Zendikar Resurgent
15847	Zulaport Chainmage
15848	Compelling Deterrence
15849	Eerie Interlude
15850	Mindwrack Demon
15851	Pore Over the Pages
15852	Tooth Collector
15853	Topplegeist
15854	Altered Ego
15855	Always Watching
15856	Angel of Deliverance
15857	Anguished Unmaking
15858	Archangel Avacyn // Avacyn, the Purifier
15859	Arlinn Kord // Arlinn, Embraced by the Moon
15860	Asylum Visitor
15861	Avacyn's Judgment
15862	Behold the Beyond
15863	Brain in a Jar
15864	Burn from Within
15865	Bygone Bishop
15866	Choked Estuary
15867	Confirm Suspicions
15868	Corrupted Grafstone
15869	Cryptolith Rite
15870	Deathcap Cultivator
15871	Declaration in Stone
15872	Descend upon the Sinful
15873	Devils' Playground
15874	Diregraf Colossus
15875	Drogskol Cavalry
15876	Drownyard Temple
15877	Elusive Tormentor // Insidious Mist
15878	Engulf the Shore
15879	Epiphany at the Drownyard
15880	Ever After
15881	Falkenrath Gorger
15882	Fevered Visions
15883	Flameblade Angel
15884	Foreboding Ruins
15885	Forgotten Creation
15886	Fortified Village
15887	From Under the Floorboards
15888	Game Trail
15889	Geier Reach Bandit // Vildin-Pack Alpha
15890	Geralf's Masterpiece
15891	Goldnight Castigator
15892	Hanweir Militia Captain // Westvale Cult Leader
15893	Harness the Storm
15894	Incorrigible Youths
15895	Inexorable Blob
15896	Invocation of Saint Traft
15897	Jace, Unraveler of Secrets
15898	Markov Dreadknight
15899	Nahiri, the Harbinger
15900	Nephalia Moondrakes
15901	Odric, Lunarch Marshal
15902	Olivia, Mobilized for War
15903	Port Town
15904	Prized Amalgam
15905	Rattlechains
15906	Ravenous Bloodseeker
15907	Relentless Dead
15908	Sage of Ancient Lore // Werewolf of Ancient Hunger
15909	Scourge Wolf
15910	Seasons Past
15911	Second Harvest
15912	Sigarda, Heron's Grace
15913	Silverfur Partisan
15914	Sin Prodder
15915	Slayer's Plate
15916	Sorin, Grim Nemesis
15917	Soul Swallower
15918	Startled Awake // Persistent Nightmare
15919	Tamiyo's Journal
15920	Thalia's Lieutenant
15921	The Gitrog Monster
15922	Thing in the Ice // Awoken Horror
15923	Tireless Tracker
15924	To the Slaughter
15925	Traverse the Ulvenwald
15926	Triskaidekaphobia
15927	Ulvenwald Hydra
15928	Welcome to the Fold
15929	Westvale Abbey // Ormendahl, Profane Prince
15930	Wolf of Devil's Breach
15931	Aberrant Researcher // Perfected Form
15932	Accursed Witch // Infectious Curse
15933	Aim High
15934	Alms of the Vein
15935	Angelic Purge
15936	Apothecary Geist
15937	Autumnal Gloom // Ancient of the Equinox
15938	Avacynian Missionaries // Lunarch Inquisitors
15939	Behind the Scenes
15940	Biting Rain
15941	Bloodmad Vampire
15942	Bound by Moonsilver
15943	Breakneck Rider // Neck Breaker
15944	Briarbridge Patrol
15945	Broken Concentration
15946	Byway Courier
15947	Call the Bloodline
15948	Cathar's Companion
15949	Chaplain's Blessing
15950	Clip Wings
15951	Confront the Unknown
15952	Convicted Killer // Branded Howler
15953	Crawling Sensation
15954	Creeping Dread
15955	Crow of Dark Tidings
15956	Cult of the Waxing Moon
15957	Dance with Devils
15958	Daring Sleuth // Bearer of Overwhelming Truths
15959	Dauntless Cathar
15960	Deny Existence
15961	Devilthorn Fox
15962	Dissension in the Ranks
15963	Drownyard Explorers
15964	Drunau Corpse Trawler
15965	Dual Shot
15966	Duskwatch Recruiter // Krallenhorde Howler
15967	Ember-Eye Wolf
15968	Emissary of the Sleepless
15969	Epitaph Golem
15970	Equestrian Skill
15971	Erdwal Illuminator
15972	Essence Flux
15973	Ethereal Guidance
15974	Explosive Apparatus
15975	Expose Evil
15976	Farbog Revenant
15977	Fleeting Memories
15978	Fork in the Road
15979	Forsaken Sanctuary
15980	Foul Orchard
15981	Furtive Homunculus
15982	Gatstaf Arsonists // Gatstaf Ravagers
15983	Geistblast
15984	Ghoulcaller's Accomplice
15985	Ghoulsteed
15986	Gibbering Fiend
15987	Gisa's Bidding
15988	Gone Missing
15989	Graf Mole
15990	Grotesque Mutation
15991	Gryff's Boon
15992	Harvest Hand // Scrounged Scythe
15993	Haunted Cloak
15994	Heir of Falkenrath // Heir to the Night
15995	Hermit of the Natterknolls // Lone Wolf of the Natterknolls
15996	Highland Lake
15997	Hinterland Logger // Timber Shredder
15998	Hope Against Hope
15999	Hound of the Farbogs
16000	Howlpack Resurgence
16001	Howlpack Wolf
16002	Hulking Devil
16003	Humble the Brute
16004	Indulgent Aristocrat
16005	Inner Struggle
16006	Inquisitor's Ox
16007	Insolent Neonate
16008	Inspiring Captain
16009	Intrepid Provisioner
16010	Invasive Surgery
16011	Jace's Scrutiny
16012	Just the Wind
16013	Kessig Dire Swine
16014	Kessig Forgemaster // Flameheart Werewolf
16015	Kindly Stranger // Demon-Possessed Witch
16016	Lambholt Pacifist // Lambholt Butcher
16017	Lamplighter of Selhoff
16018	Liliana's Indignation
16019	Loam Dryad
16020	Magnifying Glass
16021	Malevolent Whispers
16022	Manic Scribe
16023	Merciless Resolve
16024	Might Beyond Reason
16025	Militant Inquisitor
16026	Moldgraf Scavenger
16027	Moonlight Hunt
16028	Moorland Drifter
16029	Morkrut Necropod
16030	Murderer's Axe
16031	Murderous Compulsion
16032	Nagging Thoughts
16033	Nahiri's Machinations
16034	Nearheath Chaplain
16035	Neglected Heirloom // Ashmouth Blade
16036	Niblis of Dusk
16037	Not Forgotten
16038	Obsessive Skinner
16039	Olivia's Bloodsworn
16040	Ongoing Investigation
16041	Open the Armory
16042	Pack Guardian
16043	Pale Rider of Trostad
16044	Paranoid Parish-Blade
16045	Pick the Brain
16046	Pieces of the Puzzle
16047	Pious Evangel // Wayward Disciple
16048	Press for Answers
16049	Pyre Hound
16050	Quilled Wolf
16051	Rabid Bite
16052	Rancid Rats
16053	Reaper of Flight Moonsilver
16054	Reduce to Ashes
16055	Root Out
16056	Rottenheart Ghoul
16057	Runaway Carriage
16058	Rush of Adrenaline
16059	Sanguinary Mage
16060	Sanitarium Skeleton
16061	Seagraf Skaab
16062	Senseless Rage
16063	Shamble Back
16064	Shard of Broken Glass
16065	Silburlind Snapper
16066	Silent Observer
16067	Silverstrike
16068	Sinister Concoction
16069	Skeleton Key
16070	Skin Invasion // Skin Shedder
16071	Sleep Paralysis
16072	Solitary Hunter // One of the Pack
16073	Spectral Shepherd
16074	Spiteful Motives
16075	Stallion of Ashmouth
16076	Stensia Masquerade
16077	Stern Constable
16078	Stitched Mangler
16079	Stitchwing Skaab
16080	Stoic Builder
16081	Stone Quarry
16082	Stormrider Spirit
16083	Strength of Arms
16084	Stromkirk Mentor
16085	Structural Distortion
16086	Survive the Night
16087	Tenacity
16088	Thornhide Wolves
16089	Thraben Gargoyle // Stonewing Antagonizer
16090	Thraben Inspector
16091	Town Gossipmonger // Incited Rabble
16092	Trail of Evidence
16093	True-Faith Censer
16094	Twins of Maurer Estate
16095	Ulrich's Kindred
16096	Ulvenwald Mysteries
16097	Uncaged Fury
16098	Uninvited Geist // Unimpeded Trespasser
16099	Vampire Noble
16100	Vessel of Ephemera
16101	Vessel of Malignity
16102	Vessel of Nascency
16103	Vessel of Paramnesia
16104	Vessel of Volatility
16105	Veteran Cathar
16106	Village Messenger // Moonrise Intruder
16107	Voldaren Duelist
16108	Warped Landscape
16109	Watcher in the Web
16110	Weirding Wood
16111	Wicker Witch
16112	Wild-Field Scarecrow
16113	Woodland Stream
16114	Abandon Reason
16115	Abundant Maw
16116	Advanced Stitchwing
16117	Alchemist's Greeting
16118	Assembled Alphas
16119	Backwoods Survivalists
16120	Bedlam Reveler
16121	Blessed Alliance
16122	Blood Mist
16123	Bloodbriar
16124	Bloodhall Priest
16125	Bold Impaler
16126	Boon of Emrakul
16127	Borrowed Grace
16128	Borrowed Hostility
16129	Borrowed Malevolence
16130	Brazen Wolves
16131	Brisela, Voice of Nightmares
16132	Bruna, the Fading Light
16133	Campaign of Vengeance
16134	Cathar's Shield
16135	Cemetery Recruitment
16136	Certain Death
16137	Chilling Grasp
16138	Chittering Host
16139	Choking Restraints
16140	Clear Shot
16141	Coax from the Blind Eternities
16142	Collective Brutality
16143	Collective Defiance
16144	Collective Effort
16145	Conduit of Storms // Conduit of Emrakul
16146	Contingency Plan
16147	Courageous Outrider
16148	Crop Sigil
16149	Crossroads Consecrator
16150	Cryptbreaker
16151	Cryptolith Fragment // Aurora of Emrakul
16152	Cultist's Staff
16153	Curious Homunculus // Voracious Reader
16154	Dark Salvation
16155	Dawn Gryff
16156	Decimator of the Provinces
16157	Deploy the Gatewatch
16158	Deranged Whelp
16159	Desperate Sentry
16160	Displace
16161	Distemper of the Blood
16162	Distended Mindbender
16163	Docent of Perfection // Final Iteration
16164	Drag Under
16165	Drogskol Shieldmate
16166	Drownyard Behemoth
16167	Dusk Feaster
16168	Elder Deep-Fiend
16169	Eldritch Evolution
16170	Emrakul's Evangel
16171	Emrakul's Influence
16172	Emrakul, the Promised End
16173	Enlightened Maniac
16174	Eternal Scourge
16175	Extricator of Sin // Extricator of Flesh
16176	Exultant Cultist
16177	Faith Unbroken
16178	Faithbearer Paladin
16179	Falkenrath Reaver
16180	Field Creeper
16181	Fiend Binder
16182	Fogwalker
16183	Fortune's Favor
16184	Foul Emissary
16185	Furyblade Vampire
16186	Galvanic Bombardment
16187	Gavony Unhallowed
16188	Geier Reach Sanitarium
16189	Geist of the Archives
16190	Geist of the Lonely Vigil
16191	Geist-Fueled Scarecrow
16192	Gisa and Geralf
16193	Gisela, the Broken Blade
16194	Give No Ground
16195	Gnarlwood Dryad
16196	Graf Harvest
16197	Graf Rats
16198	Grapple with the Past
16199	Grim Flayer
16200	Grizzled Angler // Grisly Anglerfish
16201	Guardian of Pilgrims
16202	Hanweir Battlements
16203	Hanweir Garrison
16204	Hanweir, the Writhing Township
16205	Harmless Offering
16206	Haunted Dead
16207	Heron's Grace Champion
16208	Identity Thief
16209	Impetuous Devils
16210	Imprisoned in the Moon
16211	Incendiary Flow
16212	Ingenious Skaab
16213	Insatiable Gorgers
16214	Ironclad Slayer
16215	Ironwright's Cleansing
16216	Ishkanah, Grafwidow
16217	It of the Horrid Swarm
16218	Kessig Prowler // Sinuous Predator
16219	Laboratory Brute
16220	Lashweed Lurker
16221	Liliana's Elite
16222	Liliana, the Last Hope
16223	Lone Rider // It That Rides as One
16224	Long Road Home
16225	Lunar Force
16226	Lunarch Mantle
16227	Lupine Prototype
16228	Make Mischief
16229	Markov Crusader
16230	Mausoleum Wanderer
16231	Mercurial Geists
16232	Midnight Scavengers
16233	Mind's Dilation
16234	Mirrorwing Dragon
16235	Mockery of Nature
16236	Mournwillow
16237	Nahiri's Wrath
16238	Nebelgast Herald
16239	Nephalia Academy
16240	Niblis of Frost
16241	Noose Constrictor
16242	Noosegraf Mob
16243	Oath of Liliana
16244	Olivia's Dragoon
16245	Otherworldly Outburst
16246	Permeating Mass
16247	Primal Druid
16248	Prophetic Ravings
16249	Providence
16250	Prying Questions
16251	Repel the Abominable
16252	Ruthless Disposal
16253	Sanctifier of Souls
16254	Savage Alliance
16255	Scour the Laboratory
16256	Selfless Spirit
16257	Shreds of Sanity
16258	Shrill Howler // Howling Chorus
16259	Sigarda's Aid
16260	Sigardian Priest
16261	Skirsdag Supplicant
16262	Slayer's Cleaver
16263	Smoldering Werewolf // Erupting Dreadwolf
16264	Somberwald Stag
16265	Soul Separator
16266	Spectral Reserves
16267	Spell Queller
16268	Spirit of the Hunt
16269	Splendid Reclamation
16270	Spontaneous Mutation
16271	Spreading Flames
16272	Springsage Ritual
16273	Steadfast Cathar
16274	Stensia Banquet
16275	Stensia Innkeeper
16276	Stitcher's Graft
16277	Strange Augmentation
16278	Stromkirk Condemned
16279	Stromkirk Occultist
16280	Subjugator Angel
16281	Succumb to Temptation
16282	Summary Dismissal
16283	Swift Spinner
16284	Take Inventory
16285	Tamiyo, Field Researcher
16286	Tangleclaw Werewolf // Fibrous Entangler
16287	Tattered Haunter
16288	Thalia's Lancers
16289	Thalia, Heretic Cathar
16290	Thermo-Alchemist
16291	Thirsting Axe
16292	Thraben Foulbloods
16293	Thraben Standard Bearer
16294	Tree of Perdition
16295	Ulrich of the Krallenhorde // Ulrich, Uncontested Alpha
16296	Ulvenwald Captive // Ulvenwald Abomination
16297	Ulvenwald Observer
16298	Unsubstantiate
16299	Vampire Cutthroat
16300	Vexing Scuttler
16301	Vildin-Pack Outcast // Dronepack Kindred
16302	Voldaren Pariah // Abolisher of Bloodlines
16303	Wailing Ghoul
16304	Waxing Moon
16305	Weaver of Lightning
16306	Weirded Vampire
16307	Wharf Infiltrator
16308	Whispers of Emrakul
16309	Wolfkin Bond
16310	Woodcutter's Grit
16311	Woodland Patrol
16312	Wretched Gryff
16313	Adriana's Valor
16314	Adriana, Captain of the Guard
16315	Animus of Predation
16316	Arcane Savant
16317	Archdemon of Paliano
16318	Assemble the Rank and Vile
16319	Ballot Broker
16320	Besmirch
16321	Borderland Explorer
16322	Caller of the Untamed
16323	Canal Courier
16324	Capital Punishment
16325	Coveted Peacock
16326	Crown-Hunter Hireling
16327	Custodi Lich
16328	Custodi Peacekeeper
16329	Custodi Soulcaller
16330	Daretti, Ingenious Iconoclast
16331	Deadly Designs
16332	Deputized Protester
16333	Domesticated Hydra
16334	Echoing Boon
16335	Emissary's Ploy
16336	Entourage of Trest
16337	Expropriate
16338	Fang of the Pack
16339	Garbage Fire
16340	Garrulous Sycophant
16341	Goblin Racketeer
16342	Grenzo's Ruffians
16343	Grenzo, Havoc Raiser
16344	Hired Heist
16345	Hold the Perimeter
16346	Hymn of the Wilds
16347	Illusion of Choice
16348	Illusionary Informant
16349	Incendiary Dissent
16350	Jeering Homunculus
16351	Kaya, Ghost Assassin
16352	Keeper of Keys
16353	Knights of the Black Rose
16354	Leovold's Operative
16355	Leovold, Emissary of Trest
16356	Lieutenants of the Guard
16357	Marchesa's Decree
16358	Menagerie Liberator
16359	Messenger Jays
16360	Natural Unity
16361	Noble Banneret
16362	Orchard Elemental
16363	Palace Jailer
16364	Palace Sentinels
16365	Paliano Vanguard
16366	Protector of the Crown
16367	Pyretic Hunter
16368	Queen Marchesa
16369	Recruiter of the Guard
16370	Regal Behemoth
16371	Regicide
16372	Sanctum Prelate
16373	Selvala's Stampede
16374	Selvala, Heart of the Wilds
16375	Sinuous Vermin
16376	Skittering Crustacean
16377	Skyline Despot
16378	Smuggler Captain
16379	Sovereign's Realm
16380	Spectral Grasp
16381	Spire Phantasm
16382	Splitting Slime
16383	Spy Kit
16384	Stunt Double
16385	Subterranean Tremors
16386	Summoner's Bond
16387	Thorn of the Black Rose
16388	Throne Warden
16389	Throne of the High City
16390	Volatile Chimera
16391	Weight Advantage
16392	Wings of the Guard
16393	Accomplished Automaton
16394	Acrobatic Maneuver
16395	Aerial Responder
16396	Aether Hub
16397	Aether Meltdown
16398	Aether Theorist
16399	Aetherborn Marauder
16400	Aetherflux Reservoir
16401	Aethersquall Ancient
16402	Aetherstorm Roc
16403	Aethertorch Renegade
16404	Aetherworks Marvel
16405	Ambitious Aetherborn
16406	Angel of Invention
16407	Animation Module
16408	Appetite for the Unnatural
16409	Aradara Express
16410	Arborback Stomper
16411	Architect of the Untamed
16412	Armorcraft Judge
16413	Attune with Aether
16414	Authority of the Consuls
16415	Aviary Mechanic
16416	Ballista Charger
16417	Bastion Mastodon
16418	Blooming Marsh
16419	Blossoming Defense
16420	Bomat Bazaar Barge
16421	Bomat Courier
16422	Botanical Sanctum
16423	Brazen Scourge
16424	Bristling Hydra
16425	Built to Last
16426	Built to Smash
16427	Captured by the Consulate
16428	Cataclysmic Gearhulk
16429	Cathartic Reunion
16430	Ceremonious Rejection
16431	Chandra's Pyrohelix
16432	Chandra, Pyrogenius
16433	Chandra, Torch of Defiance
16434	Cloudblazer
16435	Cogworker's Puzzleknot
16436	Combustible Gearhulk
16437	Commencement of Festivities
16438	Concealed Courtyard
16439	Confiscation Coup
16440	Consul's Shieldguard
16441	Consulate Skygate
16442	Consulate Surveillance
16443	Contraband Kingpin
16444	Cowl Prowler
16445	Cultivator of Blades
16446	Cultivator's Caravan
16447	Curio Vendor
16448	Deadlock Trap
16449	Decoction Module
16450	Demolition Stomper
16451	Demon of Dark Schemes
16452	Depala, Pilot Exemplar
16453	Dhund Operative
16454	Die Young
16455	Disappearing Act
16456	Dovin Baan
16457	Dramatic Reversal
16458	Dubious Challenge
16459	Dukhara Peafowl
16460	Dukhara Scavenger
16461	Durable Handicraft
16462	Dynavolt Tower
16463	Eager Construct
16464	Eddytrail Hawk
16465	Electrostatic Pummeler
16466	Elegant Edgecrafters
16467	Eliminate the Competition
16468	Embraal Bruiser
16469	Empyreal Voyager
16470	Engineered Might
16471	Era of Innovation
16472	Essence Extraction
16473	Experimental Aviator
16474	Fabrication Module
16475	Failed Inspection
16476	Fairgrounds Trumpeter
16477	Fairgrounds Warden
16478	Fateful Showdown
16479	Filigree Familiar
16480	Fireforger's Puzzleknot
16481	Flame Lash
16482	Fleetwheel Cruiser
16483	Fortuitous Find
16484	Foundry Inspector
16485	Foundry Screecher
16486	Fragmentize
16487	Fretwork Colony
16488	Fumigate
16489	Furious Reprisal
16490	Gearseeker Serpent
16491	Gearshift Ace
16492	Ghirapur Guide
16493	Ghirapur Orrery
16494	Giant Spectacle
16495	Glassblower's Puzzleknot
16496	Glimmer of Genius
16497	Glint-Nest Crane
16498	Glint-Sleeve Artisan
16499	Gonti, Lord of Luxury
16500	Guardian of the Great Conduit
16501	Harnessed Lightning
16502	Harsh Scrutiny
16503	Hazardous Conditions
16504	Herald of the Fair
16505	Highspire Artisan
16506	Hightide Hermit
16507	Hijack
16508	Impeccable Timing
16509	Incendiary Sabotage
16510	Insidious Will
16511	Inspiring Vantage
16512	Inventor's Apprentice
16513	Inventor's Goggles
16514	Inventors' Fair
16515	Iron League Steed
16516	Janjeet Sentry
16517	Kambal, Consul of Allocation
16518	Key to the City
16519	Kujar Seedsculptor
16520	Larger Than Life
16521	Lathnu Hellion
16522	Lawless Broker
16523	Liberating Combustion
16524	Live Fast
16525	Long-Finned Skywhale
16526	Longtusk Cub
16527	Lost Legacy
16528	Madcap Experiment
16529	Make Obsolete
16530	Malfunction
16531	Marionette Master
16532	Master Trinketeer
16533	Maulfist Doorbuster
16534	Maulfist Squad
16535	Metallurgic Summonings
16536	Metalspinner's Puzzleknot
16537	Metalwork Colossus
16538	Midnight Oil
16539	Minister of Inquiries
16540	Morbid Curiosity
16541	Multiform Wonder
16542	Narnam Cobra
16543	Nature's Way
16544	Night Market Lookout
16545	Nimble Innovator
16546	Ninth Bridge Patrol
16547	Nissa, Nature's Artisan
16548	Nissa, Vital Force
16549	Noxious Gearhulk
16550	Ornamental Courage
16551	Ovalchase Daredevil
16552	Ovalchase Dragster
16553	Oviya Pashiri, Sage Lifecrafter
16554	Padeem, Consul of Innovation
16555	Panharmonicon
16556	Paradoxical Outcome
16557	Peema Outrider
16558	Perpetual Timepiece
16559	Pia Nalaar
16560	Prakhata Club Security
16561	Prakhata Pillar-Bug
16562	Propeller Pioneer
16563	Quicksmith Genius
16564	Rashmi, Eternities Crafter
16565	Reckless Fireweaver
16566	Refurbish
16567	Renegade Firebrand
16568	Renegade Freighter
16569	Renegade Tactics
16570	Restoration Gearsmith
16571	Revoke Privileges
16572	Revolutionary Rebuff
16573	Riparian Tiger
16574	Ruinous Gremlin
16575	Rush of Vitality
16576	Sage of Shaila's Claim
16577	Saheeli Rai
16578	Saheeli's Artistry
16579	Salivating Gremlins
16580	Scrapheap Scrounger
16581	Select for Inspection
16582	Self-Assembler
16583	Sequestered Stash
16584	Servant of the Conduit
16585	Servo Exhibition
16586	Shrewd Negotiation
16587	Sky Skiff
16588	Skyship Stalker
16589	Skysovereign, Consul Flagship
16590	Skyswirl Harrier
16591	Skywhaler's Shot
16592	Smuggler's Copter
16593	Snare Thopter
16594	Spark of Creativity
16595	Speedway Fanatic
16596	Spirebluff Canal
16597	Spireside Infiltrator
16598	Spontaneous Artist
16599	Start Your Engines
16600	Subtle Strike
16601	Syndicate Trafficker
16602	Take Down
16603	Tasseled Dromedary
16604	Terrain Elemental
16605	Territorial Gorger
16606	Terror of the Fairgrounds
16607	Tezzeret's Ambition
16608	Thriving Grubs
16609	Thriving Ibex
16610	Thriving Rats
16611	Thriving Rhino
16612	Thriving Turtle
16613	Tidy Conclusion
16614	Toolcraft Exemplar
16615	Torch Gauntlet
16616	Torrential Gearhulk
16617	Trusty Companion
16618	Underhanded Designs
16619	Unlicensed Disintegration
16620	Vedalken Blademaster
16621	Verdant Crescendo
16622	Verdurous Gearhulk
16623	Veteran Motorist
16624	Visionary Augmenter
16625	Voltaic Brawler
16626	Wayward Giant
16627	Weaponcraft Enthusiast
16628	Weldfast Monitor
16629	Weldfast Wingsmith
16630	Welding Sparks
16631	Whirler Virtuoso
16632	Whirlermaker
16633	Wild Wanderer
16634	Wildest Dreams
16635	Wily Bandar
16636	Wispweaver Angel
16637	Woodweaver's Puzzleknot
16638	Workshop Assistant
16639	Paradox Engine
16640	Planar Bridge
16641	Akiri, Line-Slinger
16642	Ancient Excavation
16643	Armory Automaton
16644	Ash Barrens
16645	Atraxa, Praetors' Voice
16646	Benefactor's Draught
16647	Boompile
16648	Breya, Etherium Shaper
16649	Bruse Tarl, Boorish Herder
16650	Charging Cinderhorn
16651	Coastal Breach
16652	Conqueror's Flail
16653	Cruel Entertainment
16654	Crystalline Crawler
16655	Curse of Vengeance
16656	Curtains' Call
16657	Deepglow Skate
16658	Divergent Transformations
16659	Duelist's Heritage
16660	Entrapment Maneuver
16661	Evolutionary Escalation
16662	Faerie Artisans
16663	Frenzied Fugue
16664	Goblin Spymaster
16665	Grave Upheaval
16666	Grip of Phyresis
16667	Ikra Shidiqi, the Usurper
16668	Ishai, Ojutai Dragonspeaker
16669	Kraum, Ludevic's Opus
16670	Kydele, Chosen of Kruphix
16671	Kynaios and Tiro of Meletis
16672	Ludevic, Necro-Alchemist
16673	Magus of the Will
16674	Manifold Insights
16675	Migratory Route
16676	Orzhov Advokist
16677	Parting Thoughts
16678	Primeval Protector
16679	Prismatic Geoscope
16680	Ravos, Soultender
16681	Reyhan, Last of the Abzan
16682	Runehorn Hellkite
16683	Saskia the Unyielding
16684	Seeds of Renewal
16685	Selfless Squire
16686	Sidar Kondo of Jamuraa
16687	Silas Renn, Seeker Adept
16688	Stonehoof Chieftain
16689	Sublime Exhalation
16690	Sylvan Reclamation
16691	Tana, the Bloodsower
16692	Thrasios, Triton Hero
16693	Treacherous Terrain
16694	Tymna the Weaver
16695	Vial Smasher the Fierce
16696	Yidris, Maelstrom Wielder
16697	Thopter Pie Network
16698	Fatal Push
16699	Renegade Rallier
16700	Reverse Engineer
16701	Rules Lawyer
16702	Aegis Automaton
16703	Aerial Modification
16704	Aeronaut Admiral
16705	Aether Chaser
16706	Aether Herder
16707	Aether Inspector
16708	Aether Poisoner
16709	Aether Swooper
16710	Aethergeode Miner
16711	Aethersphere Harvester
16712	Aetherstream Leopard
16713	Aethertide Whale
16714	Aetherwind Basker
16715	Aid from the Cowl
16716	Airdrop Aeronauts
16717	Ajani Unyielding
16718	Ajani's Aid
16719	Ajani's Comrade
16720	Ajani, Valiant Protector
16721	Alley Evasion
16722	Alley Strangler
16723	Audacious Infiltrator
16724	Augmenting Automaton
16725	Baral's Expertise
16726	Baral, Chief of Compliance
16727	Barricade Breaker
16728	Bastion Enforcer
16729	Bastion Inventor
16730	Battle at the Bridge
16731	Call for Unity
16732	Caught in the Brights
16733	Chandra's Revolution
16734	Cogwork Assembler
16735	Consulate Crackdown
16736	Consulate Dreadnought
16737	Consulate Turret
16738	Countless Gears Renegade
16739	Crackdown Construct
16740	Cruel Finality
16741	Daredevil Dragster
16742	Daring Demolition
16743	Dark Intimations
16744	Dawnfeather Eagle
16745	Deadeye Harpooner
16746	Decommission
16747	Defiant Salvager
16748	Deft Dismissal
16749	Destructive Tampering
16750	Disallow
16751	Dispersal Technician
16752	Druid of the Cowl
16753	Efficient Construction
16754	Embraal Gear-Smasher
16755	Enraged Giant
16756	Exquisite Archangel
16757	Felidar Guardian
16758	Fen Hauler
16759	Filigree Crawler
16760	Foundry Assembler
16761	Foundry Hornet
16762	Fourth Bridge Prowler
16763	Freejam Regent
16764	Frontline Rebel
16765	Ghirapur Osprey
16766	Gifted Aetherborn
16767	Glint-Sleeve Siphoner
16768	Gonti's Aether Heart
16769	Gonti's Machinations
16770	Greenbelt Rampager
16771	Greenwheel Liberator
16772	Gremlin Infestation
16773	Heart of Kiran
16774	Herald of Anguish
16775	Heroic Intervention
16776	Hidden Herbalists
16777	Hidden Stockpile
16778	Highspire Infusion
16779	Hinterland Drake
16780	Hope of Ghirapur
16781	Hungry Flames
16782	Ice Over
16783	Illusionist's Stratagem
16784	Implement of Combustion
16785	Implement of Examination
16786	Implement of Ferocity
16787	Implement of Improvement
16788	Implement of Malice
16789	Indomitable Creativity
16790	Inspiring Roar
16791	Inspiring Statuary
16792	Invigorated Rampage
16793	Ironclad Revolutionary
16794	Irontread Crusher
16795	Kari Zev's Expertise
16796	Kari Zev, Skyship Raider
16797	Lathnu Sailback
16798	Leave in the Dust
16799	Lifecraft Awakening
16800	Lifecraft Cavalry
16801	Lifecrafter's Bestiary
16802	Lifecrafter's Gift
16803	Lightning Runner
16804	Maulfist Revolutionary
16805	Maverick Thopterist
16806	Mechanized Production
16807	Merchant's Dockhand
16808	Metallic Mimic
16809	Metallic Rebuke
16810	Midnight Entourage
16811	Mobile Garrison
16812	Monstrous Onslaught
16813	Narnam Renegade
16814	Natural Obsolescence
16815	Night Market Aeronaut
16816	Night Market Guard
16817	Oath of Ajani
16818	Outland Boar
16819	Pacification Array
16820	Peacewalker Colossus
16821	Peema Aether-Seer
16822	Pendulum of Patterns
16823	Perilous Predicament
16824	Pia's Revolution
16825	Precise Strike
16826	Prizefighter Construct
16827	Quicksmith Rebel
16828	Quicksmith Spy
16829	Ravenous Intruder
16830	Reckless Racer
16831	Release the Gremlins
16832	Renegade Map
16833	Renegade Wheelsmith
16834	Renegade's Getaway
16835	Reservoir Walker
16836	Resourceful Return
16837	Restoration Specialist
16838	Ridgescale Tusker
16839	Rishkar's Expertise
16840	Rishkar, Peema Renegade
16841	Rogue Refiner
16842	Salvage Scuttler
16843	Scrap Trawler
16844	Scrapper Champion
16845	Scrounging Bandar
16846	Secret Salvage
16847	Servo Schematic
16848	Shielded Aether Thief
16849	Shipwreck Moray
16850	Siege Modification
16851	Silkweaver Elite
16852	Skyship Plunderer
16853	Sly Requisitioner
16854	Solemn Recruit
16855	Spire Patrol
16856	Spire of Industry
16857	Sram's Expertise
16858	Sram, Senior Edificer
16859	Sweatworks Brawler
16860	Take into Custody
16861	Tezzeret the Schemer
16862	Tezzeret's Betrayal
16863	Tezzeret's Simulacrum
16864	Tezzeret's Touch
16865	Tezzeret, Master of Metal
16866	Thopter Arrest
16867	Treasure Keeper
16868	Trophy Mage
16869	Unbridled Growth
16870	Universal Solvent
16871	Untethered Express
16872	Vengeful Rebel
16873	Verdant Automaton
16874	Walking Ballista
16875	Watchful Automaton
16876	Welder Automaton
16877	Weldfast Engineer
16878	Whir of Invention
16879	Wind-Kin Raiders
16880	Winding Constrictor
16881	Wrangle
16882	Yahenni's Expertise
16883	Yahenni, Undying Partisan
16884	Ahn-Crop Champion
16885	Ahn-Crop Crasher
16886	Angel of Sanctions
16887	Angler Drake
16888	Anointed Procession
16889	Anointer Priest
16890	Approach of the Second Sun
16891	Archfiend of Ifnir
16892	As Foretold
16893	Aven Initiate
16894	Aven Wind Guide
16895	Baleful Ammit
16896	Battlefield Scavenger
16897	Benefaction of Rhonas
16898	Binding Mummy
16899	Bitterblade Warrior
16900	Blazing Volley
16901	Blighted Bat
16902	Bloodlust Inciter
16903	Bloodrage Brawler
16904	Bone Picker
16905	Bontu the Glorified
16906	Bontu's Monument
16907	Bounty of the Luxa
16908	By Force
16909	Canyon Slough
16910	Cartouche of Ambition
16911	Cartouche of Knowledge
16912	Cartouche of Solidarity
16913	Cartouche of Strength
16914	Cartouche of Zeal
16915	Cascading Cataracts
16916	Cast Out
16917	Censor
16918	Champion of Rhonas
16919	Channeler Initiate
16920	Colossapede
16921	Combat Celebrant
16922	Commit // Memory
16923	Companion of the Trials
16924	Compelling Argument
16925	Compulsory Rest
16926	Consuming Fervor
16927	Cradle of the Accursed
16928	Crocodile of the Crossing
16929	Cruel Reality
16930	Cryptic Serpent
16931	Curator of Mysteries
16932	Cursed Minotaur
16933	Cut // Ribbons
16934	Decimator Beetle
16935	Decision Paralysis
16936	Deem Worthy
16937	Defiant Greatmaw
16938	Desert Cerodon
16939	Desiccated Naga
16940	Destined // Lead
16941	Devoted Crop-Mate
16942	Dispossess
16943	Dissenter's Deliverance
16944	Djeru's Resolve
16945	Doomed Dissenter
16946	Drake Haven
16947	Dread Wanderer
16948	Dune Beetle
16949	Dusk // Dawn
16950	Edifice of Authority
16951	Electrify
16952	Embalmer's Tools
16953	Emberhorn Minotaur
16954	Enigma Drake
16955	Exemplar of Strength
16956	Failure // Comply
16957	Faith of the Devoted
16958	Fan Bearer
16959	Festering Mummy
16960	Fetid Pools
16961	Final Reward
16962	Flameblade Adept
16963	Floodwaters
16964	Forsake the Worldly
16965	Galestrike
16966	Gate to the Afterlife
16967	Gideon of the Trials
16968	Gideon's Intervention
16969	Gideon's Resolve
16970	Gideon, Martial Paragon
16971	Gift of Paradise
16972	Glorious End
16973	Glory-Bound Initiate
16974	Glorybringer
16975	Glyph Keeper
16976	Graceful Cat
16977	Grasping Dunes
16978	Greater Sandwurm
16979	Grim Strider
16980	Gust Walker
16981	Hapatra's Mark
16982	Hapatra, Vizier of Poisons
16983	Harsh Mentor
16984	Harvest Season
16985	Haze of Pollen
16986	Hazoret the Fervent
16987	Hazoret's Favor
16988	Hazoret's Monument
16989	Heart-Piercer Manticore
16990	Heaven // Earth
16991	Hekma Sentinels
16992	Hieroglyphic Illumination
16993	Honed Khopesh
16994	Honored Crop-Captain
16995	Honored Hydra
16996	Hooded Brawler
16997	Horror of the Broken Lands
16998	Hyena Pack
16999	Illusory Wrappings
17000	In Oketra's Name
17001	Initiate's Companion
17002	Insult // Injury
17003	Irrigated Farmland
17004	Kefnet the Mindful
17005	Kefnet's Monument
17006	Khenra Charioteer
17007	Labyrinth Guardian
17008	Lay Bare the Heart
17009	Lay Claim
17010	Liliana's Influence
17011	Liliana's Mastery
17012	Liliana, Death Wielder
17013	Liliana, Death's Majesty
17014	Limits of Solidarity
17015	Lord of the Accursed
17016	Luxa River Shrine
17017	Manglehorn
17018	Manticore of the Gauntlet
17019	Merciless Javelineer
17020	Miasmic Mummy
17021	Minotaur Sureshot
17022	Mouth // Feed
17023	Naga Oracle
17024	Naga Vitalist
17025	Nef-Crop Entangler
17026	Neheb, the Worthy
17027	Nest of Scarabs
17028	Never // Return
17029	New Perspectives
17030	Nimble-Blade Khenra
17031	Nissa, Steward of Elements
17032	Oashra Cultivator
17033	Oketra the True
17034	Oketra's Attendant
17035	Oketra's Monument
17036	Onward // Victory
17037	Open into Wonder
17038	Oracle's Vault
17039	Ornery Kudu
17040	Painful Lesson
17041	Painted Bluffs
17042	Pathmaker Initiate
17043	Pitiless Vizier
17044	Plague Belcher
17045	Pouncing Cheetah
17046	Prepare // Fight
17047	Protection of the Hekma
17048	Prowling Serpopard
17049	Pull from Tomorrow
17050	Pursue Glory
17051	Pyramid of the Pantheon
17052	Quarry Hauler
17053	Rags // Riches
17054	Reduce // Rubble
17055	Regal Caracal
17056	Rhet-Crop Spearmaster
17057	Rhonas the Indomitable
17058	Rhonas's Monument
17059	River Serpent
17060	Ruthless Sniper
17061	Sacred Cat
17062	Sacred Excavation
17063	Samut, Voice of Dissent
17064	Sandwurm Convergence
17065	Scaled Behemoth
17066	Scarab Feast
17067	Scattered Groves
17068	Scribe of the Mindful
17069	Seeker of Insight
17070	Seraph of the Suns
17071	Shadow of the Grave
17072	Shadowstorm Vizier
17073	Shed Weakness
17074	Shefet Monitor
17075	Sheltered Thicket
17076	Shimmerscale Drake
17077	Sixth Sense
17078	Slither Blade
17079	Soul-Scar Mage
17080	Soulstinger
17081	Sparring Mummy
17082	Splendid Agony
17083	Spring // Mind
17084	Start // Finish
17085	Stinging Shot
17086	Stir the Sands
17087	Sunscorched Desert
17088	Supernatural Stamina
17089	Supply Caravan
17090	Sweltering Suns
17091	Synchronized Strike
17092	Tah-Crop Elite
17093	Tah-Crop Skirmisher
17094	Tattered Mummy
17095	Temmet, Vizier of Naktamun
17096	Those Who Serve
17097	Thresher Lizard
17098	Throne of the God-Pharaoh
17099	Time to Reflect
17100	Trespasser's Curse
17101	Trial of Ambition
17102	Trial of Knowledge
17103	Trial of Solidarity
17104	Trial of Strength
17105	Trial of Zeal
17106	Trueheart Duelist
17107	Trueheart Twins
17108	Unwavering Initiate
17109	Violent Impact
17110	Vizier of Deferment
17111	Vizier of Many Faces
17112	Vizier of Remedies
17113	Vizier of Tumbling Sands
17114	Vizier of the Menagerie
17115	Wander in Death
17116	Warfire Javelineer
17117	Wasteland Scorpion
17118	Watchers of the Dead
17119	Watchful Naga
17120	Wayward Servant
17121	Weaver of Currents
17122	Winds of Rebuke
17123	Winged Shepherd
17124	Zenith Seeker
17125	The Locust God
17126	The Scarab God
17127	The Scorpion God
17128	A Reckoning Approaches
17129	Because I Have Willed It
17130	Behold My Grandeur
17131	Bow to My Command
17132	Choose Your Demise
17133	Delight in the Hunt
17134	Every Dream a Nightmare
17135	For Each of You, a Gift
17136	Know Evil
17137	Make Yourself Useful
17138	My Forces Are Innumerable
17139	My Laughter Echoes
17140	No One Will Hear Your Cries
17141	Pay Tribute to Me
17142	Power Without Equal
17143	The Mighty Will Fall
17144	There Is No Refuge
17145	This World Belongs to Me
17146	What's Yours Is Now Mine
17147	When Will You Learn?
17148	Abandoned Sarcophagus
17149	Abrade
17150	Accursed Horde
17151	Act of Heroism
17152	Adorned Pouncer
17153	Aerial Guide
17154	Ambuscade
17155	Ammit Eternal
17156	Angel of Condemnation
17157	Angel of the God-Pharaoh
17158	Apocalypse Demon
17159	Appeal // Authority
17160	Aven Reedstalker
17161	Aven of Enduring Hope
17162	Avid Reclaimer
17163	Banewhip Punisher
17164	Beneath the Sands
17165	Bitterbow Sharpshooters
17166	Bloodwater Entity
17167	Blur of Blades
17168	Bontu's Last Reckoning
17169	Brambleweft Behemoth
17170	Burning-Fist Minotaur
17171	Carrion Screecher
17172	Champion of Wits
17173	Chandra's Defeat
17174	Chaos Maw
17175	Claim // Fame
17176	Consign // Oblivion
17177	Countervailing Winds
17178	Crash Through
17179	Crested Sunmare
17180	Crook of Condemnation
17181	Crypt of the Eternals
17182	Cunning Survivor
17183	Dagger of the Worthy
17184	Dauntless Aven
17185	Defiant Khenra
17186	Desert of the Fervent
17187	Desert of the Glorified
17188	Desert of the Indomitable
17189	Desert of the Mindful
17190	Desert of the True
17191	Desert's Hold
17192	Devotee of Strength
17193	Disposal Mummy
17194	Djeru's Renunciation
17195	Djeru, With Eyes Open
17196	Doomfall
17197	Dreamstealer
17198	Driven // Despair
17199	Dune Diviner
17200	Dunes of the Dead
17201	Dutiful Servants
17202	Earthshaker Khenra
17203	Endless Sands
17204	Eternal of Harsh Truths
17205	Farm // Market
17206	Feral Prowler
17207	Fervent Paincaster
17208	Firebrand Archer
17209	Fraying Sanity
17210	Frilled Sandwalla
17211	Frontline Devastator
17212	Gideon's Defeat
17213	Gift of Strength
17214	Gilded Cerodon
17215	God-Pharaoh's Faithful
17216	God-Pharaoh's Gift
17217	Granitic Titan
17218	Graven Abomination
17219	Grind // Dust
17220	Grisly Survivor
17221	Harrier Naga
17222	Hashep Oasis
17223	Hazoret's Undying Fury
17224	Hollow One
17225	Hope Tender
17226	Hostile Desert
17227	Hour of Devastation
17228	Hour of Eternity
17229	Hour of Glory
17230	Hour of Promise
17231	Hour of Revelation
17232	Ifnir Deadlands
17233	Imaginary Threats
17234	Imminent Doom
17235	Inferno Jet
17236	Ipnu Rivulet
17237	Jace's Defeat
17238	Kefnet's Last Word
17239	Khenra Eternal
17240	Khenra Scrapper
17241	Leave // Chance
17242	Lethal Sting
17243	Life Goes On
17244	Liliana's Defeat
17245	Lurching Rotbeast
17246	Magmaroth
17247	Majestic Myriarch
17248	Manticore Eternal
17249	Marauding Boneslasher
17250	Merciless Eternal
17251	Mirage Mirror
17252	Moaning Wall
17253	Mummy Paramount
17254	Neheb, the Eternal
17255	Nicol Bolas, God-Pharaoh
17256	Nicol Bolas, the Deceiver
17257	Nimble Obstructionist
17258	Nissa's Defeat
17259	Nissa's Encouragement
17260	Nissa, Genesis Mage
17261	Oasis Ritualist
17262	Obelisk Spider
17263	Oketra's Avenger
17264	Oketra's Last Mercy
17265	Ominous Sphinx
17266	Open Fire
17267	Overcome
17268	Overwhelming Splendor
17269	Pride Sovereign
17270	Proven Combatant
17271	Puncturing Blow
17272	Quarry Beetle
17273	Rampaging Hippo
17274	Ramunap Excavator
17275	Ramunap Hydra
17276	Ramunap Ruins
17277	Razaketh's Rite
17278	Razaketh, the Foulblooded
17279	Reason // Believe
17280	Refuse // Cooperate
17281	Resilient Khenra
17282	Resolute Survivors
17283	Rhonas's Last Stand
17284	Rhonas's Stalwart
17285	Riddleform
17286	River Hoopoe
17287	Ruin Rat
17288	Samut, the Tested
17289	Sand Strangler
17290	Saving Grace
17291	Scavenger Grounds
17292	Scrounger of Souls
17293	Seer of the Last Tomorrow
17294	Shefet Dunes
17295	Sidewinder Naga
17296	Sifter Wurm
17297	Sinuous Striker
17298	Solemnity
17299	Solitary Camel
17300	Spellweaver Eternal
17301	Steadfast Sentinel
17302	Steward of Solidarity
17303	Striped Riverwinder
17304	Struggle // Survive
17305	Sunscourge Champion
17306	Sunset Pyramid
17307	Supreme Will
17308	Survivors' Encampment
17309	Swarm Intelligence
17310	Tenacious Hunter
17311	Thorned Moloch
17312	Torment of Hailfire
17313	Torment of Scarabs
17314	Torment of Venom
17315	Tragic Lesson
17316	Uncage the Menagerie
17317	Unconventional Tactics
17318	Unesh, Criosphinx Sovereign
17319	Unquenchable Thirst
17320	Unraveling Mummy
17321	Vile Manifestation
17322	Visage of Bolas
17323	Vizier of the Anointed
17324	Vizier of the True
17325	Wall of Forgotten Pharaohs
17326	Wasp of the Bitter End
17327	Wildfire Eternal
17328	Without Weakness
17329	Wretched Camel
17330	Zealot of the God-Pharaoh
17331	Alms Collector
17332	Arahbo, Roar of the World
17333	Balan, Wandering Knight
17334	Bloodforged Battle-Axe
17335	Bloodline Necromancer
17336	Bloodsworn Steward
17337	Boneyard Scourge
17338	Crimson Honor Guard
17339	Curse of Bounty
17340	Curse of Disturbance
17341	Curse of Opulence
17342	Curse of Verbosity
17343	Curse of Vitality
17344	Disrupt Decorum
17345	Edgar Markov
17346	Fortunate Few
17347	Fractured Identity
17348	Galecaster Colossus
17349	Hammer of Nazahn
17350	Heirloom Blade
17351	Herald's Horn
17352	Hungry Lynx
17353	Inalla, Archmage Ritualist
17354	Izzet Chemister
17355	Kess, Dissident Mage
17356	Kheru Mind-Eater
17357	Kindred Boon
17358	Kindred Charge
17359	Kindred Discovery
17360	Kindred Dominance
17361	Kindred Summons
17362	Licia, Sanguine Tribune
17363	Magus of the Mind
17364	Mairsil, the Pretender
17365	Mathas, Fiend Seeker
17366	Mirri, Weatherlight Duelist
17367	Mirror of the Forebears
17368	Nazahn, Revered Bladesmith
17369	New Blood
17370	O-Kagachi, Vengeful Kami
17371	Path of Ancestry
17372	Patron of the Vein
17373	Portal Mage
17374	Qasali Slingers
17375	Ramos, Dragon Engine
17376	Scalelord Reckoner
17377	Shifting Shadow
17378	Stalking Leonin
17379	Taigam, Ojutai Master
17380	Taigam, Sidisi's Hand
17381	Teferi's Protection
17382	Territorial Hellkite
17383	The Ur-Dragon
17384	Traverse the Outlands
17385	Vindictive Lich
17386	Wasitora, Nekoru Queen
17387	Grimlock, Dinobot Leader // Grimlock, Ferocious King
17388	Nerf War
17389	Sword of Dungeons & Dragons
17390	Chandra, Gremlin Wrangler
17391	Dungeon Master
17392	Nira, Hellkite Duelist
17393	Admiral Beckett Brass
17394	Angrath's Marauders
17395	Arcane Adaptation
17396	Arguel's Blood Fast // Temple of Aclazotz
17397	Ashes of the Abhorrent
17398	Axis of Mortality
17399	Bishop of Rebirth
17400	Bloodcrazed Paladin
17401	Boneyard Parley
17402	Burning Sun's Avatar
17403	Captain Lannery Storm
17404	Captivating Crew
17405	Carnage Tyrant
17406	Conqueror's Galleon // Conqueror's Foothold
17407	Daring Saboteur
17408	Deadeye Tracker
17409	Deathgorge Scavenger
17410	Deeproot Champion
17411	Dire Fleet Ravager
17412	Dowsing Dagger // Lost Vale
17413	Dreamcaller Siren
17414	Emperor's Vanguard
17415	Entrancing Melody
17416	Fathom Fleet Captain
17417	Fell Flagship
17418	Fleet Swallower
17419	Gishath, Sun's Avatar
17420	Goring Ceratops
17421	Growing Rites of Itlimoc // Itlimoc, Cradle of the Sun
17422	Herald of Secret Streams
17423	Hostage Taker
17424	Huatli, Warrior Poet
17425	Jace, Cunning Castaway
17426	Kinjalli's Sunwing
17427	Kopala, Warden of Waves
17428	Legion's Landing // Adanto, the First Fort
17429	Mavren Fein, Dusk Apostle
17430	Old-Growth Dryads
17431	Overflowing Insight
17432	Priest of the Wakening Sun
17433	Primal Amulet // Primal Wellspring
17434	Rampaging Ferocidon
17435	Regisaur Alpha
17436	Repeating Barrage
17437	Revel in Riches
17438	Ripjaw Raptor
17439	River's Rebuke
17440	Rowdy Crew
17441	Ruin Raider
17442	Sanctum Seeker
17443	Sanguine Sacrament
17444	Search for Azcanta // Azcanta, the Sunken Ruin
17445	Settle the Wreckage
17446	Shadowed Caravel
17447	Shapers' Sanctuary
17448	Sorcerous Spyglass
17449	Spell Swindle
17450	Star of Extinction
17451	Sunbird's Invocation
17452	Sword-Point Diplomacy
17453	Thaumatic Compass // Spires of Orazca
17454	Tilonalli's Skinshifter
17455	Tishana, Voice of Thunder
17456	Tocatli Honor Guard
17457	Treasure Map // Treasure Cove
17458	Unclaimed Territory
17459	Vance's Blasting Cannons // Spitfire Bastion
17460	Vanquisher's Banner
17461	Verdant Sun's Avatar
17462	Vona, Butcher of Magan
17463	Vraska's Contempt
17464	Vraska, Relic Seeker
17465	Wakening Sun's Avatar
17466	Waker of the Wilds
17467	Walk the Plank
17468	Adanto Vanguard
17469	Ancient Brontodon
17470	Anointed Deacon
17471	Atzocan Archer
17472	Belligerent Brontodon
17473	Bellowing Aegisaur
17474	Bishop of the Bloodstained
17475	Bishop's Soldier
17476	Blight Keeper
17477	Blinding Fog
17478	Blossom Dryad
17479	Bonded Horncrest
17480	Brazen Buccaneers
17481	Bright Reprisal
17482	Call to the Feast
17483	Castaway's Despair
17484	Charging Monstrosaur
17485	Chart a Course
17486	Colossal Dreadmaw
17487	Commune with Dinosaurs
17488	Contract Killing
17489	Costly Plunder
17490	Crash the Ramparts
17491	Crushing Canopy
17492	Dark Nourishment
17493	Deadeye Plunderers
17494	Deadeye Quartermaster
17495	Deadeye Tormentor
17496	Deathless Ancient
17497	Deeproot Warrior
17498	Deeproot Waters
17499	Depths of Desire
17500	Desperate Castaways
17501	Dinosaur Stampede
17502	Dire Fleet Captain
17503	Dire Fleet Hoarder
17504	Dire Fleet Interloper
17505	Dive Down
17506	Drover of the Mighty
17507	Dusk Legion Dreadnought
17508	Duskborne Skymarcher
17509	Elaborate Firecannon
17510	Emergent Growth
17511	Emissary of Sunrise
17512	Encampment Keeper
17513	Fathom Fleet Cutthroat
17514	Fathom Fleet Firebrand
17515	Field of Ruin
17516	Fiery Cannonade
17517	Fire Shrine Keeper
17518	Firecannon Blast
17519	Frenzied Raptor
17520	Gilded Sentinel
17521	Glorifier of Dusk
17522	Grasping Current
17523	Grazing Whiptail
17524	Grim Captain's Call
17525	Headstrong Brute
17526	Headwater Sentries
17527	Heartless Pillage
17528	Hierophant's Chalice
17529	Huatli's Snubhorn
17530	Huatli's Spurring
17531	Huatli, Dinosaur Knight
17532	Imperial Aerosaur
17533	Imperial Lancer
17534	Inspiring Cleric
17535	Ixalan's Binding
17536	Ixalli's Diviner
17537	Ixalli's Keeper
17538	Jace's Sentinel
17539	Jace, Ingenious Mind-Mage
17540	Jade Guardian
17541	Jungle Delver
17542	Kinjalli's Caller
17543	Kitesail Freebooter
17544	Kumena's Speaker
17545	Legion Conquistador
17546	Legion's Judgment
17547	Lightning-Rig Crew
17548	Lookout's Dispersal
17549	Looming Altisaur
17550	Lurking Chupacabra
17551	Makeshift Munitions
17552	Marauding Looter
17553	March of the Drowned
17554	Merfolk Branchwalker
17555	Navigator's Ruin
17556	Nest Robber
17557	New Horizons
17558	One With the Wind
17559	Otepec Huntmaster
17560	Paladin of the Bloodstained
17561	Perilous Voyage
17562	Pillar of Origins
17563	Pious Interdiction
17564	Pirate's Cutlass
17565	Pirate's Prize
17566	Pounce
17567	Prosperous Pirates
17568	Prying Blade
17569	Pterodon Knight
17570	Queen's Agent
17571	Queen's Bay Soldier
17572	Queen's Commission
17573	Raging Swordtooth
17574	Raiders' Wake
17575	Rallying Roar
17576	Ranging Raptors
17577	Raptor Companion
17578	Raptor Hatchling
17579	Ravenous Daggertooth
17580	Rigging Runner
17581	Rile
17582	Ritual of Rejuvenation
17583	River Heralds' Boon
17584	River Sneak
17585	Run Aground
17586	Ruthless Knave
17587	Sailor of Means
17588	Savage Stomp
17589	Seekers' Squire
17590	Sentinel Totem
17591	Shaper Apprentice
17592	Shapers of Nature
17593	Sheltering Light
17594	Shining Aerosaur
17595	Shipwreck Looter
17596	Shore Keeper
17597	Siren Lookout
17598	Siren Stormtamer
17599	Siren's Ruse
17600	Skittering Heartstopper
17601	Skulduggery
17602	Sky Terror
17603	Skyblade of the Legion
17604	Skymarch Bloodletter
17605	Slash of Talons
17606	Sleek Schooner
17607	Snapping Sailback
17608	Spike-Tailed Ceratops
17609	Spreading Rot
17610	Steadfast Armasaur
17611	Storm Fleet Aerialist
17612	Storm Fleet Arsonist
17613	Storm Fleet Pyromancer
17614	Storm Fleet Spy
17615	Storm Sculptor
17616	Sun-Blessed Mount
17617	Sun-Crowned Hunters
17618	Sunrise Seeker
17619	Swashbuckling
17620	Tempest Caller
17621	Territorial Hammerskull
17622	Thrash of Raptors
17623	Thundering Spineback
17624	Tilonalli's Knight
17625	Tishana's Wayfinder
17626	Trove of Temptation
17627	Unfriendly Fire
17628	Vampire's Zeal
17629	Vanquish the Weak
17630	Verdant Rebirth
17631	Vicious Conquistador
17632	Vineshaper Mystic
17633	Wanted Scoundrels
17634	Watertrap Weaver
17635	Wildgrowth Walker
17636	Wily Goblin
17637	Wind Strider
17638	Some Disassembly Required
17639	Earl of Squirrel
17640	Rumors of My Death . . .
17641	Accessories to Murder
17642	Adorable Kitten
17643	Aerial Toastmaster
17644	Amateur Auteur
17645	Angelic Rocket
17646	Animate Library
17647	Applied Aeronautics
17648	Arms Depot
17649	As Luck Would Have It
17650	Auto-Key
17651	Baron Von Count
17652	Beast in Show
17653	Bee-Bee Gun
17654	Better Than One
17655	Big Boa Constrictor
17656	Blurry Beeble
17657	Boomflinger
17658	Border Guardian
17659	Box of Free-Range Goblins
17660	Bumbling Pangolin
17661	Buzz Buggy
17662	Buzzing Whack-a-Doodle
17663	By Gnome Means
17664	Chipper Chopper
17665	Chittering Doom
17666	Chivalrous Chevalier
17667	Clever Combo
17668	Clock of DOOOOOOOOOOOOM!
17669	Clocknapper
17670	Cogmentor
17671	Common Iguana
17672	Contraption Cannon
17673	Crafty Octopus
17674	Cramped Bunker
17675	Crow Storm
17676	Curious Killbot
17677	Deadly Poison Sampler
17678	Defective Detective
17679	Delighted Killbot
17680	Despondent Killbot
17681	Dictation Quillograph
17682	Dirty Rat
17683	Dispatch Dispensary
17684	Division Table
17685	Do-It-Yourself Seraph
17686	Dogsnail Engine
17687	Dr. Julius Jumblemorph
17688	Druid of the Sacred Beaker
17689	Dual Doomsuits
17690	Duplication Device
17691	Eager Beaver
17692	Enraged Killbot
17693	Entirely Normal Armchair
17694	Everythingamajig
17695	Extremely Slow Zombie
17696	Faerie Aerie
17697	Feisty Stegosaurus
17698	Finders, Keepers
17699	First Pick
17700	Five-Finger Discount
17701	GO TO JAIL
17702	Garbage Elemental
17703	Genetic Recombinator
17704	Gift Horse
17705	Gimme Five
17706	Gnome-Made Engine
17707	Gnomeball Machine
17708	Goblin Haberdasher
17709	Goblin Slingshot
17710	Graveyard Busybody
17711	Ground Pounder
17712	Grusilda, Monster Masher
17713	Guest List
17714	Half-Kitten, Half-
17715	Half-Orc, Half-
17716	Half-Shark, Half-
17717	Half-Squirrel, Half-
17718	Hammer Helper
17719	Hammer Jammer
17720	Hammerfest Boomtacular
17721	Handy Dandy Clone Machine
17722	Hangman
17723	Hard Hat Area
17724	Hazmat Suit (Used)
17725	Head Banger
17726	Hoisted Hireling
17727	Hot Fix
17728	Humming-
17729	Hydradoodle
17730	Hypnotic Swirly Disc
17731	Incite Insight
17732	Ineffable Blessing
17733	Infinity Elemental
17734	Inflation Station
17735	Inhumaniac
17736	Insufferable Syphon
17737	It That Gets Left Hanging
17738	Jackknight
17739	Jamming Device
17740	Joyride Rigger
17741	Just Desserts
17742	Kindly Cognician
17743	Kindslaver
17744	Knight of the Kitchen Sink
17745	Knight of the Widget
17746	Krark's Other Thumb
17747	Labro Bot
17748	Lackey Recycler
17749	Lobe Lobber
17750	Mad Science Fair Project
17751	Magic Word
17752	Mandatory Friendship Shackles
17753	Mary O'Kill
17754	Masterful Ninja
17755	Mer Man
17756	Midlife Upgrade
17757	Modular Monstrosity
17758	Monkey-
17759	More or Less
17760	Mother Kangaroo
17761	Multi-Headed
17762	Neural Network
17763	Ninja
17764	Novellamental
17765	Numbing Jellyfish
17766	Oaken Power Suit
17767	Oddly Uneven
17768	Ol' Buzzbark
17769	Old Guard
17770	Old-Fashioned Vampire
17771	Optical Optimizer
17772	Ordinary Pony
17773	Over My Dead Bodies
17774	Overt Operative
17775	Painiac
17776	Party Crasher
17777	Pet Project
17778	Phoebe, Head of S.N.E.A.K.
17779	Proper Laboratory Attire
17780	Quick-Stick Lick Trick
17781	Rapid Prototyper
17782	Really Epic Punch
17783	Record Store
17784	Refibrillator
17785	Rhino-
17786	Riveting Rigger
17787	Robo-
17788	S.N.E.A.K. Dispatcher
17789	Sacrifice Play
17790	Sap Sucker
17791	Secret Base
17792	Selfie Preservation
17793	Serpentine
17794	Shaggy Camel
17795	Shellephant
17796	Side Quest
17797	Skull Saucer
17798	Slaying Mantis
17799	Sly Spy
17800	Snickering Squirrel
17801	Socketed Sprocketer
17802	Spell Suck
17803	Spike, Tournament Grinder
17804	Split Screen
17805	Spy Eye
17806	Squirrel Dealer
17807	Squirrel-Powered Scheme
17808	Staff of the Letter Magus
17809	Stamp of Approval
17810	Steady-Handed Mook
17811	Steam-Powered
17812	Steamflogger Service Rep
17813	Steamflogger Temp
17814	Steamflogger of the Month
17815	Steamfloggery
17816	Steel Squirrel
17817	Stinging Scorpion
17818	Subcontract
17819	Success!
17820	Summon the Pack
17821	Sundering Fork
17822	Super-Duper Death Ray
17823	Suspicious Nanny
17824	Target Minotaur
17825	Targeting Rocket
17826	Teacher's Pet
17827	The Big Idea
17828	The Countdown Is at One
17829	The Grand Calcutron
17830	Three-Headed Goblin
17831	Thud-for-Duds
17832	Time Out
17833	Top-Secret Tunnel
17834	Tread Mill
17835	Turbo-Thwacking Auto-Hammer
17836	Twiddlestick Charger
17837	Urza, Academy Headmaster
17838	Very Cryptic Command
17839	Voracious Vacuum
17840	Wall of Fortune
17841	Watermarket
17842	Widget Contraption
17843	Wild Crocodile
17844	Willing Test Subject
17845	Work a Double
17846	Wrench-Rigger
17847	X
17848	Zombified
17849	capital offense
17850	Admiral's Order
17851	Angrath, the Flame-Chained
17852	Arch of Orazca
17853	Awakened Amalgam
17854	Azor's Gateway // Sanctum of the Sun
17855	Azor, the Lawbringer
17856	Bishop of Binding
17857	Blood Sun
17858	Brass's Bounty
17859	Captain's Hook
17860	Champion of Dusk
17861	Crafty Cutpurse
17862	Dead Man's Chest
17863	Deeproot Elite
17864	Dire Fleet Daredevil
17865	Dire Fleet Poisoner
17866	Elenda, the Dusk Rose
17867	Etali, Primal Storm
17868	Form of the Dinosaur
17869	Ghalta, Primal Hunger
17870	Golden Guardian // Gold-Forge Garrison
17871	Hadana's Climb // Winged Temple of Orazca
17872	Huatli, Radiant Champion
17873	Induced Amnesia
17874	Jadelight Ranger
17875	Journey to Eternity // Atzal, Cave of Eternity
17876	Kumena's Awakening
17877	Kumena, Tyrant of Orazca
17878	Mastermind's Acquisition
17879	Nezahal, Primal Tide
17880	Paladin of Atonement
17881	Path of Discovery
17882	Path of Mettle // Metzali, Tower of Triumph
17883	Polyraptor
17884	Profane Procession // Tomb of the Dusk Rose
17885	Protean Raider
17886	Radiant Destiny
17887	Rekindling Phoenix
17888	Release to the Wind
17889	Seafloor Oracle
17890	Siegehorn Ceratops
17891	Silent Gravestone
17892	Silverclad Ferocidons
17893	Slaughter the Strong
17894	Sphinx's Decree
17895	Storm the Vault // Vault of Catlacan
17896	Temple Altisaur
17897	Tendershoot Dryad
17898	Tetzimoc, Primal Death
17899	The Immortal Sun
17900	Tilonalli's Summoner
17901	Timestream Navigator
17902	Tomb Robber
17903	Trapjaw Tyrant
17904	Twilight Prophet
17905	Vona's Hunger
17906	Warkite Marauder
17907	Wayward Swordtooth
17908	World Shaper
17909	Zacama, Primal Calamity
17910	Zetalpa, Primal Dawn
17911	Angrath's Ambusher
17912	Angrath's Fury
17913	Angrath, Minotaur Pirate
17914	Aquatic Incursion
17915	Arterial Flow
17916	Atzocan Seer
17917	Baffling End
17918	Blazing Hope
17919	Bombard
17920	Brazen Freebooter
17921	Buccaneer's Bravado
17922	Cacophodon
17923	Canal Monitor
17924	Charging Tuskodon
17925	Cherished Hatchling
17926	Cleansing Ray
17927	Crashing Tide
17928	Crested Herdcaller
17929	Curious Obsession
17930	Daring Buccaneer
17931	Dark Inquiry
17932	Deadeye Brawler
17933	Deadeye Rig-Hauler
17934	Dinosaur Hunter
17935	Dire Fleet Neckbreaker
17936	Dusk Charger
17937	Dusk Legion Zealot
17938	Enter the Unknown
17939	Everdawn Champion
17940	Expel from Orazca
17941	Exultant Skymarcher
17942	Famished Paladin
17943	Fanatical Firebrand
17944	Fathom Fleet Boarder
17945	Flood of Recollection
17946	Forerunner of the Coalition
17947	Forerunner of the Empire
17948	Forerunner of the Heralds
17949	Forerunner of the Legion
17950	Frilled Deathspitter
17951	Giltgrove Stalker
17952	Gleaming Barrier
17953	Goblin Trailblazer
17954	Golden Demise
17955	Grasping Scoundrel
17956	Gruesome Fate
17957	Hardy Veteran
17958	Hornswoggle
17959	Impale
17960	Imperial Ceratops
17961	Jade Bearer
17962	Jadecraft Artisan
17963	Jungle Creeper
17964	Jungleborn Pioneer
17965	Kitesail Corsair
17966	Knight of the Stampede
17967	Legion Lieutenant
17968	Luminous Bonds
17969	Majestic Heliopterus
17970	Martyr of Dusk
17971	Mausoleum Harpy
17972	Merfolk Mistbinder
17973	Mist-Cloaked Herald
17974	Moment of Craving
17975	Moment of Triumph
17976	Mutiny
17977	Needletooth Raptor
17978	Oathsworn Vampire
17979	Orazca Frillback
17980	Orazca Raptor
17981	Orazca Relic
17982	Overgrown Armasaur
17983	Pirate's Pillage
17984	Pitiless Plunderer
17985	Pride of Conquerors
17986	Raging Regisaur
17987	Ravenous Chupacabra
17988	Reaver Ambush
17989	Reckless Rage
17990	Relentless Raptor
17991	Resplendent Griffin
17992	River Darter
17993	Riverwise Augur
17994	Sadistic Skymarcher
17995	Sanguine Glorifier
17996	Sea Legs
17997	Secrets of the Golden City
17998	See Red
17999	Shake the Foundations
18000	Siren Reaver
18001	Skymarcher Aspirant
18002	Slippery Scoundrel
18003	Snubhorn Sentry
18004	Soul of the Rapids
18005	Spire Winder
18006	Squire's Devotion
18007	Stampeding Horncrest
18008	Storm Fleet Sprinter
18009	Storm Fleet Swashbuckler
18010	Strength of the Pack
18011	Sun Sentinel
18012	Sun-Collared Raptor
18013	Sun-Crested Pterodon
18014	Swab Goblin
18015	Swaggering Corsair
18016	Swift Warden
18017	Sworn Guardian
18018	Thrashing Brontodon
18019	Thunderherd Migration
18020	Tilonalli's Crown
18021	Vampire Champion
18022	Vampire Revenant
18023	Voracious Vampire
18024	Vraska's Conquistador
18025	Vraska's Scorn
18026	Vraska, Scheming Gorgon
18027	Waterknot
18028	Academy Drake
18029	Academy Journeymage
18030	Adamant Will
18031	Adeliz, the Cinder Wind
18032	Adventurous Impulse
18033	Amaranthine Wall
18034	Ancient Animus
18035	Arbor Armament
18036	Arcane Flight
18037	Artificer's Assistant
18038	Arvad the Cursed
18039	Aryel, Knight of Windgrace
18040	Aven Sentry
18041	Baird, Steward of Argive
18042	Baloth Gorger
18043	Befuddle
18044	Benalish Honor Guard
18045	Benalish Marshal
18046	Blackblade Reforged
18047	Blessed Light
18048	Blessing of Belzenlok
18049	Blink of an Eye
18050	Bloodstone Goblin
18051	Bloodtallow Candle
18052	Board the Weatherlight
18053	Broken Bond
18054	Cabal Evangel
18055	Cabal Paladin
18056	Cabal Stronghold
18057	Caligo Skin-Witch
18058	Call the Cavalry
18059	Cast Down
18060	Chainer's Torment
18061	Champion of the Flame
18062	Chandra's Outburst
18063	Chandra, Bold Pyromancer
18064	Charge
18065	Cloudreader Sphinx
18066	Cold-Water Snapper
18067	Corrosive Ooze
18068	Curator's Ward
18069	D'Avenant Trapper
18070	Damping Sphere
18071	Danitha Capashen, Paragon
18072	Darigaaz Reincarnated
18073	Daring Archaeologist
18074	Dark Bargain
18075	Dauntless Bodyguard
18076	Deathbloom Thallid
18077	Deep Freeze
18078	Demonic Vigor
18079	Demonlord Belzenlok
18080	Diligent Excavator
18081	Divest
18082	Dread Shade
18083	Drudge Sentinel
18084	Dub
18085	Elfhame Druid
18086	Eviscerate
18087	Evra, Halcyon Witness
18088	Excavation Elephant
18089	Fall of the Thran
18090	Feral Abomination
18091	Fervent Strike
18092	Fiery Intervention
18093	Fight with Fire
18094	Final Parting
18095	Firefist Adept
18096	Firesong and Sunspeaker
18097	Forebear's Blade
18098	Frenzied Rage
18099	Fungal Infection
18100	Fungal Plots
18101	Gaea's Protector
18102	Garna, the Bloodflame
18103	Ghitu Chronicler
18104	Ghitu Journeymage
18105	Ghitu Lavarunner
18106	Gift of Growth
18107	Goblin Barrage
18108	Goblin Chainwhirler
18109	Grand Warlord Radha
18110	Grow from the Ashes
18111	Grunn, the Lonely King
18112	Guardians of Koilos
18113	Hallar, the Firefletcher
18114	Haphazard Bombardment
18115	Healing Grace
18116	Helm of the Host
18117	History of Benalia
18118	Homarid Explorer
18119	Howling Golem
18120	In Bolas's Clutches
18121	Invoke the Divine
18122	Jaya Ballard
18123	Jaya's Immolating Inferno
18124	Jhoira's Familiar
18125	Jhoira, Weatherlight Captain
18126	Jodah, Archmage Eternal
18127	Josu Vess, Lich Knight
18128	Jousting Lance
18129	Kamahl's Druidic Vow
18130	Karn's Temporal Sundering
18131	Karn, Scion of Urza
18132	Karplusan Hound
18133	Kazarov, Sengir Pureblood
18134	Keldon Overseer
18135	Keldon Raider
18136	Keldon Warcaller
18137	Knight of Grace
18138	Knight of Malice
18139	Knight of New Benalia
18140	Krosan Druid
18141	Kwende, Pride of Femeref
18142	Lich's Mastery
18143	Lingering Phantom
18144	Llanowar Envoy
18145	Llanowar Scout
18146	Lyra Dawnbringer
18147	Mammoth Spider
18148	Marwyn, the Nurturer
18149	Memorial to Folly
18150	Memorial to Genius
18151	Memorial to Glory
18152	Memorial to Unity
18153	Memorial to War
18154	Merfolk Trickster
18155	Mesa Unicorn
18156	Mishra's Self-Replicator
18157	Mox Amber
18158	Muldrotha, the Gravetide
18159	Multani, Yavimaya's Avatar
18160	Naban, Dean of Iteration
18161	Naru Meha, Master Wizard
18162	Navigator's Compass
18163	Niambi, Faithful Healer
18164	Oath of Teferi
18165	On Serra's Wings
18166	Orcish Vandal
18167	Pardic Wanderer
18168	Pegasus Courser
18169	Phyrexian Scriptures
18170	Pierce the Sky
18171	Powerstone Shard
18172	Precognition Field
18173	Primevals' Glorious Rebirth
18174	Primordial Wurm
18175	Pyromantic Pilgrim
18176	Radiating Lightning
18177	Raff Capashen, Ship's Mage
18178	Rampaging Cyclops
18179	Rat Colony
18180	Relic Runner
18181	Rite of Belzenlok
18182	Rona, Disciple of Gix
18183	Run Amok
18184	Sanctum Spirit
18185	Saproling Migration
18186	Seal Away
18187	Seismic Shift
18188	Sentinel of the Pearl Trident
18189	Sergeant-at-Arms
18190	Serra Disciple
18191	Settle the Score
18192	Shalai, Voice of Plenty
18193	Shanna, Sisay's Legacy
18194	Shield of the Realm
18195	Shivan Fire
18196	Short Sword
18197	Skittering Surveyor
18198	Slimefoot, the Stowaway
18199	Slinn Voda, the Rising Deep
18200	Song of Freyalise
18201	Sorcerer's Wand
18202	Soul Salvage
18203	Sparring Construct
18204	Spore Swarm
18205	Sporecrown Thallid
18206	Squee, the Immortal
18207	Steel Leaf Champion
18208	Stronghold Confessor
18209	Sylvan Awakening
18210	Tatyova, Benthic Druid
18211	Teferi's Sentinel
18212	Teferi, Hero of Dominaria
18213	Teferi, Timebender
18214	Tempest Djinn
18215	Temporal Machinations
18216	Territorial Allosaurus
18217	Teshar, Ancestor's Apostle
18218	Tetsuko Umezawa, Fugitive
18219	Thallid Omnivore
18220	Thallid Soothsayer
18221	The Antiquities War
18222	The Eldest Reborn
18223	The First Eruption
18224	The Flame of Keld
18225	The Mending of Dominaria
18226	The Mirari Conjecture
18227	Thran Temporal Gateway
18228	Tiana, Ship's Caretaker
18229	Time of Ice
18230	Tolarian Scholar
18231	Torgaar, Famine Incarnate
18232	Traxos, Scourge of Kroog
18233	Triumph of Gerrard
18234	Two-Headed Giant
18235	Untamed Kavu
18236	Unwind
18237	Urgoros, the Empty One
18238	Urza's Ruinous Blast
18239	Urza's Tome
18240	Valduk, Keeper of the Flame
18241	Verix Bladewing
18242	Vicious Offering
18243	Vodalian Arcanist
18244	Voltaic Servant
18245	Warcry Phoenix
18246	Warlord's Fury
18247	Weatherlight
18248	Weight of Memory
18249	Whisper, Blood Liturgist
18250	Wild Onslaught
18251	Windgrace Acolyte
18252	Wizard's Lightning
18253	Wizard's Retort
18254	Yargle, Glutton of Urborg
18255	Yavimaya Sapherd
18256	Yawgmoth's Vile Offering
18257	Zahid, Djinn of the Lamp
18258	Zhalfirin Void
18259	Arcane Artisan
18260	Archfiend of Despair
18261	Archon of Valor's Reach
18262	Arena Rector
18263	Aurora Champion
18264	Azra Bladeseeker
18265	Azra Oddsmaker
18266	Blaring Captain
18267	Blaring Recruiter
18268	Bloodborn Scoundrels
18269	Bonus Round
18270	Bountiful Promenade
18271	Bramble Sovereign
18272	Brightling
18273	Bring Down
18274	Bull-Rush Bruiser
18275	Chakram Retriever
18276	Chakram Slinger
18277	Charging Binox
18278	Cheering Fanatic
18279	Combo Attack
18280	Decorated Champion
18281	Dwarven Lightsmith
18282	Fan Favorite
18283	Fumble
18284	Game Plan
18285	Gang Up
18286	Generous Patron
18287	Gorm the Great
18288	Grothama, All-Devouring
18289	Huddle Up
18290	Impetuous Protege
18291	Inner Demon
18292	Jubilant Mascot
18293	Jungle Wayfinder
18294	Khorvath Brightflame
18295	Khorvath's Fury
18296	Krav, the Unredeemed
18297	Last One Standing
18298	Lava-Field Overlord
18299	Ley Weaver
18300	Lore Weaver
18301	Luxury Suite
18302	Magma Hellion
18303	Mindblade Render
18304	Morphic Pool
18305	Najeela, the Blade-Blossom
18306	Nimbus Champion
18307	Okaun, Eye of Chaos
18308	Out of Bounds
18309	Pir's Whim
18310	Pir, Imaginative Rascal
18311	Play of the Game
18312	Proud Mentor
18313	Regna's Sanction
18314	Regna, the Redeemer
18315	Rowan Kenrith
18316	Rushblade Commander
18317	Saltwater Stalwart
18318	Sea of Clouds
18319	Sentinel Tower
18320	Sickle Dancer
18321	Skystreamer
18322	Soaring Show-Off
18323	Soulblade Corrupter
18324	Soulblade Renewer
18325	Spellseeker
18326	Spellweaver Duo
18327	Spire Garden
18328	Stadium Vendors
18329	Stolen Strategy
18330	Stunning Reversal
18331	Sylvia Brightspear
18332	The Crowd Goes Wild
18333	Thrasher Brute
18334	Thrilling Encore
18335	Together Forever
18336	Toothy, Imaginary Friend
18337	Vampire Charmseeker
18338	Victory Chimes
18339	Virtus the Veiled
18340	Virtus's Maneuver
18341	Will Kenrith
18342	Zndrsplt's Judgment
18343	Zndrsplt, Eye of Wisdom
18344	Aggressive Instinct
18345	Ancestor Dragon
18346	Armored Whirl Turtle
18347	Breath of Fire
18348	Cleansing Screech
18349	Colorful Feiyi Sparrow
18350	Confidence from Strength
18351	Dragon's Presence
18352	Drown in Shapelessness
18353	Earth-Origin Yak
18354	Earthshaking Si
18355	Feiyi Snake
18356	Ferocious Zheng
18357	Fire-Omen Crane
18358	Hardened-Scale Armor
18359	Heavenly Qilin
18360	Jiang Yanggu
18361	Journey for the Elixir
18362	Leopard-Spotted Jiao
18363	Moon-Eating Dog
18364	Mu Yanling
18365	Nine-Tail White Fox
18366	Purple-Crystal Crab
18367	Qilin's Blessing
18368	Reckless Pangolin
18369	Rhythmic Water Vortex
18370	Sacred White Deer
18371	Screeching Phoenix
18372	Stormcloud Spirit
18373	Vivid Flying Fish
18374	Lathliss, Dragon Queen
18375	Abnormal Endurance
18376	Aegis of the Heavens
18377	Aerial Engineer
18378	Aether Tunnel
18379	Aethershield Artificer
18380	Aggressive Mammoth
18381	Ajani's Influence
18382	Ajani's Last Stand
18383	Ajani's Welcome
18384	Ajani, Adversary of Tyrants
18385	Ajani, Wise Counselor
18386	Alpine Moon
18387	Amulet of Safekeeping
18388	Angel of the Dawn
18389	Apex of Power
18390	Arcades, the Strategist
18391	Arcane Encyclopedia
18392	Arisen Gorgon
18393	Aven Wind Mage
18394	Aviation Pioneer
18395	Blood Divination
18396	Bogstomper
18397	Bone Dragon
18398	Brawl-Bash Ogre
18399	Bristling Boar
18400	Catalyst Elemental
18401	Cavalry Drillmaster
18402	Chaos Wand
18403	Chromium, the Mutable
18404	Cleansing Nova
18405	Colossal Majesty
18406	Court Cleric
18407	Dark-Dweller Oracle
18408	Daybreak Chaplain
18409	Declare Dominance
18410	Demanding Dragon
18411	Demon of Catastrophes
18412	Departed Deckhand
18413	Desecrated Tomb
18414	Detection Tower
18415	Diamond Mare
18416	Dismissive Pyromancer
18417	Doublecast
18418	Draconic Disciple
18419	Dragon's Hoard
18420	Druid of Horns
18421	Dryad Greenseeker
18422	Dwarven Priest
18423	Dwindle
18424	Elvish Clancaller
18425	Elvish Rejuvenator
18426	Epicure of Blood
18427	Exclusion Mage
18428	Fell Specter
18429	Fiery Finish
18430	Fountain of Renewal
18431	Fraying Omnipotence
18432	Frilled Sea Serpent
18433	Gallant Cavalry
18434	Gearsmith Guardian
18435	Gearsmith Prodigy
18436	Ghastbark Twins
18437	Gigantosaurus
18438	Goblin Instigator
18439	Goblin Motivator
18440	Goblin Trashmaster
18441	Goreclaw, Terror of Qal Sisma
18442	Gravewaker
18443	Graveyard Marshal
18444	Greenwood Sentinel
18445	Havoc Devils
18446	Herald of Faith
18447	Heroic Reinforcements
18448	Hieromancer's Cage
18449	Hired Blade
18450	Hostile Minotaur
18451	Hungering Hydra
18452	Infernal Reckoning
18453	Inferno Hellion
18454	Isareth the Awakener
18455	Isolate
18456	Kargan Dragonrider
18457	Knight of the Tusk
18458	Knight's Pledge
18459	Lena, Selfless Champion
18460	Leonin Vanguard
18461	Leonin Warleader
18462	Lich's Caress
18463	Lightning Mare
18464	Liliana's Contract
18465	Liliana's Spoils
18466	Liliana, Untouched by Death
18467	Liliana, the Necromancer
18468	Loxodon Line Breaker
18469	Marauder's Axe
18470	Metamorphic Alteration
18471	Meteor Golem
18472	Militia Bugler
18473	Mirror Image
18474	Mistcaller
18475	Mystic Archaeologist
18476	Nexus of Fate
18477	Nicol Bolas, the Ravager // Nicol Bolas, the Arisen
18478	Nightmare's Thirst
18479	Novice Knight
18480	Onakke Ogre
18481	One with the Machine
18482	Open the Graves
18483	Palladia-Mors, the Ruiner
18484	Patient Rebuilding
18485	Plague Mare
18486	Poison-Tip Archer
18487	Prodigious Growth
18488	Psychic Corrosion
18489	Psychic Symbiont
18490	Ravenous Harpy
18491	Regal Bloodlord
18492	Remorseful Cleric
18493	Resplendent Angel
18494	Revitalize
18495	Rhox Oracle
18496	Riddlemaster Sphinx
18497	Root Snare
18498	Runic Armasaur
18499	Rustwing Falcon
18500	Sai, Master Thopterist
18501	Salvager of Secrets
18502	Sarkhan's Dragonfire
18503	Sarkhan's Unsealing
18504	Sarkhan's Whelp
18505	Sarkhan, Dragonsoul
18506	Sarkhan, Fireblood
18507	Satyr Enchanter
18508	Scholar of Stars
18509	Serra's Guardian
18510	Shield Mare
18511	Siegebreaker Giant
18512	Sigiled Sword of Valeron
18513	Silverbeak Griffin
18514	Skalla Wolf
18515	Skeleton Archer
18516	Skilled Animator
18517	Skyrider Patrol
18518	Skyscanner
18519	Sovereign's Bite
18520	Sparktongue Dragon
18521	Spit Flame
18522	Star-Crowned Stag
18523	Stitcher's Supplier
18524	Strangling Spores
18525	Suncleanser
18526	Supreme Phantom
18527	Surge Mare
18528	Suspicious Bookcase
18529	Take Vengeance
18530	Talons of Wildwood
18531	Tezzeret's Gatebreaker
18532	Tezzeret's Strider
18533	Tezzeret, Artifice Master
18534	Tezzeret, Cruel Machinist
18535	Thorn Lieutenant
18536	Thud
18537	Transmogrifying Wand
18538	Trusty Packbeast
18539	Two-Headed Zombie
18540	Uncomfortable Chill
18541	Ursine Champion
18542	Vaevictis Asmadi, the Dire
18543	Valiant Knight
18544	Vampire Neonate
18545	Vampire Sovereign
18546	Viashino Pyromancer
18547	Vigilant Baloth
18548	Vine Mare
18549	Vivien Reid
18550	Vivien of the Arkbow
18551	Vivien's Invocation
18552	Vivien's Jaguar
18553	Volley Veteran
18554	Wall of Mist
18555	Angelic Reward
18556	Confront the Assault
18557	Feral Roar
18558	Inspiring Commander
18559	River's Favor
18560	Shrine Keeper
18561	Tactical Advantage
18562	Treetop Warden
18563	Zephyr Gull
18564	Cruel Cut
18565	Goblin Gang Leader
18566	Nimble Pilferer
18567	Soulhunter Rakshasa
18568	Diabolical Salvation
18569	Inzerva, Master of Insights
18570	M'Odo, the Gnarled Oracle
18571	Aminatou, the Fateshifter
18572	Estrid, the Masked
18573	Lord Windgrace
18574	Saheeli, the Gifted
18575	Aminatou's Augury
18576	Ancient Stone Idol
18577	Arixmethes, Slumbering Isle
18578	Bloodtracker
18579	Boreas Charger
18580	Brudiclad, Telchor Engineer
18581	Coveted Jewel
18582	Crash of Rhino Beetles
18583	Echo Storm
18584	Emissary of Grudges
18585	Empyrial Storm
18586	Enchanter's Bane
18587	Endless Atlas
18588	Entreat the Dead
18589	Estrid's Invocation
18590	Ever-Watching Threshold
18591	Forge of Heroes
18592	Fury Storm
18593	Genesis Storm
18594	Geode Golem
18595	Gyrus, Waker of Corpses
18596	Heavenly Blademaster
18597	Isolated Watchtower
18598	Kestia, the Cultivator
18599	Loyal Apprentice
18600	Loyal Drake
18601	Loyal Guardian
18602	Loyal Subordinate
18603	Loyal Unicorn
18604	Magus of the Balance
18605	Myth Unbound
18606	Nesting Dragon
18607	Night Incarnate
18608	Nylea's Colossus
18609	Octopus Umbra
18610	Primordial Mist
18611	Ravenous Slime
18612	Reality Scramble
18613	Retrofitter Foundry
18614	Saheeli's Directive
18615	Skull Storm
18616	Sower of Discord
18617	Tawnos, Urza's Apprentice
18618	Thantis, the Warweaver
18619	Treasure Nabber
18620	Turntimber Sower
18621	Tuvasa the Sunlit
18622	Varchild, Betrayer of Kjeldor
18623	Varina, Lich Queen
18624	Vedalken Humiliator
18625	Whiptongue Hydra
18626	Windgrace's Judgment
18627	Xantcha, Sleeper Agent
18628	Yennett, Cryptic Sovereign
18629	Yuriko, the Tiger's Shadow
18630	Ral, Izzet Viceroy
18631	Vraska, Golgari Queen
18632	Affectionate Indrik
18633	Arboretum Elemental
18634	Arclight Phoenix
18635	Artful Takedown
18636	Assassin's Trophy
18637	Assure // Assemble
18638	Attendant of Vraska
18639	Aurelia, Exemplar of Justice
18640	Barging Sergeant
18641	Barrier of Bones
18642	Bartizan Bats
18643	Beacon Bolt
18644	Beamsplitter Mage
18645	Beast Whisperer
18646	Blade Instructor
18647	Blood Operative
18648	Book Devourer
18649	Boros Challenger
18650	Boros Locket
18651	Bounty Agent
18652	Bounty of Might
18653	Burglar Rat
18654	Camaraderie
18655	Candlelight Vigil
18656	Capture Sphere
18657	Centaur Peacemaker
18658	Chamber Sentry
18659	Chance for Glory
18660	Charnel Troll
18661	Chemister's Insight
18662	Circuitous Route
18663	Citywatch Sphinx
18664	Citywide Bust
18665	Collar the Culprit
18666	Command the Storm
18667	Conclave Cavalier
18668	Conclave Guildmage
18669	Conclave Tribunal
18670	Connive // Concoct
18671	Cosmotronic Wave
18672	Crackling Drake
18673	Creeping Chill
18674	Crush Contraband
18675	Darkblade Agent
18676	Dawn of Hope
18677	Dazzling Lights
18678	Deadly Visit
18679	Deafening Clarion
18680	Demotion
18681	Devious Cover-Up
18682	Devkarin Dissident
18683	Dimir Informant
18684	Dimir Locket
18685	Dimir Spybug
18686	Direct Current
18687	Discovery // Dispersal
18688	Disinformation Campaign
18689	District Guide
18690	Divine Visitation
18691	Doom Whisperer
18692	Douser of Lights
18693	Dream Eater
18694	Drowned Secrets
18695	Electrostatic Field
18696	Emmara, Soul of the Accord
18697	Enhanced Surveillance
18698	Erratic Cyclops
18699	Erstwhile Trooper
18700	Etrata, the Silencer
18701	Expansion // Explosion
18702	Experimental Frenzy
18703	Fearless Halberdier
18704	Find // Finality
18705	Fire Urchin
18706	Firemind's Research
18707	Flight of Equenauts
18708	Flower // Flourish
18709	Fresh-Faced Recruit
18710	Garrison Sergeant
18711	Gatekeeper Gargoyle
18712	Gateway Plaza
18713	Generous Stray
18714	Gird for Battle
18715	Glaive of the Guildpact
18716	Glowspore Shaman
18717	Goblin Banneret
18718	Goblin Cratermaker
18719	Goblin Locksmith
18720	Golgari Findbroker
18721	Golgari Locket
18722	Golgari Raiders
18723	Grappling Sundew
18724	Gravitic Punch
18725	Gruesome Menagerie
18726	Guild Summit
18727	Guildmages' Forum
18728	Haazda Marshal
18729	Hammer Dropper
18730	Hatchery Spider
18731	Healer's Hawk
18732	Hellkite Whelp
18733	Hired Poisoner
18734	House Guildmage
18735	Hunted Witness
18736	Hypothesizzle
18737	Impervious Greatwurm
18738	Inescapable Blaze
18739	Inspiring Unicorn
18740	Integrity // Intervention
18741	Intrusive Packbeast
18742	Invert // Invent
18743	Ionize
18744	Izoni, Thousand-Eyed
18745	Izzet Locket
18746	Join Shields
18747	Justice Strike
18748	Knight of Autumn
18749	Kraul Foragers
18750	Kraul Harpooner
18751	Kraul Raider
18752	Kraul Swarm
18753	Lava Coil
18754	Lazav, the Multifarious
18755	League Guildmage
18756	Leapfrog
18757	Ledev Champion
18758	Ledev Guardian
18759	Legion Guildmage
18760	Legion Warboss
18761	Light of the Legion
18762	Lotleth Giant
18763	Loxodon Restorer
18764	March of the Multitudes
18765	Mausoleum Secrets
18766	Maximize Altitude
18767	Maximize Velocity
18768	Mephitic Vapors
18769	Midnight Reaper
18770	Mission Briefing
18771	Mnemonic Betrayal
18772	Molderhulk
18773	Moodmark Painter
18774	Murmuring Mystic
18775	Muse Drake
18776	Necrotic Wound
18777	Never Happened
18778	Nightveil Predator
18779	Nightveil Sprite
18780	Niv-Mizzet, Parun
18781	Notion Rain
18782	Nullhide Ferox
18783	Ochran Assassin
18784	Omnispell Adept
18785	Ornery Goblin
18786	Pack's Favor
18787	Parhelion Patrol
18788	Passwall Adept
18789	Pause for Reflection
18790	Pelt Collector
18791	Pilfering Imp
18792	Piston-Fist Cyclops
18793	Pitiless Gorgon
18794	Plaguecrafter
18795	Portcullis Vine
18796	Precision Bolt
18797	Price of Fame
18798	Quasiduplicate
18799	Radical Idea
18800	Ral's Dispersal
18801	Ral's Staticaster
18802	Ral, Caller of Storms
18803	Rampaging Monument
18804	Response // Resurgence
18805	Rhizome Lurcher
18806	Risk Factor
18807	Ritual of Soot
18808	Roc Charger
18809	Rosemane Centaur
18810	Rubblebelt Boar
18811	Runaway Steam-Kin
18812	Selective Snare
18813	Selesnya Locket
18814	Severed Strands
18815	Silent Dart
18816	Sinister Sabotage
18817	Skyline Scout
18818	Smelt-Ward Minotaur
18819	Sonic Assault
18820	Spinal Centipede
18821	Sprouting Renewal
18822	Status // Statue
18823	Street Riot
18824	Sumala Woodshaper
18825	Sunhome Stalwart
18826	Swarm Guildmage
18827	Swathcutter Giant
18828	Swiftblade Vindicator
18829	Sworn Companions
18830	Tajic, Legion's Edge
18831	Take Heart
18832	Tenth District Guard
18833	Thief of Sanity
18834	Thought Erasure
18835	Thoughtbound Phantasm
18836	Thousand-Year Storm
18837	Torch Courier
18838	Trostani Discordant
18839	Truefire Captain
18840	Undercity Necrolisk
18841	Undercity Uprising
18842	Underrealm Lich
18843	Unexplained Disappearance
18844	Unmoored Ego
18845	Urban Utopia
18846	Vedalken Mesmerist
18847	Veiled Shade
18848	Venerated Loxodon
18849	Vernadi Shieldmate
18850	Vicious Rumors
18851	Vigorspore Wurm
18852	Vivid Revival
18853	Vraska's Stoneglare
18854	Vraska, Regal Gorgon
18855	Wand of Vertebrae
18856	Wary Okapi
18857	Watcher in the Mist
18858	Whisper Agent
18859	Whispering Snitch
18860	Wild Ceratok
18861	Wishcoin Crab
18862	Wojek Bodyguard
18863	Worldsoul Colossus
18864	Angelic Guardian
18865	Angler Turtle
18866	Immortal Phoenix
18867	Rampaging Brontodon
18868	Vengeant Vampire
18869	Avatar of Growth
18870	Goblin Goliath
18871	Inspired Sphinx
18872	Militant Angel
18873	Rot Hulk
18874	Bog Humbugs
18875	Domri, Chaos Bringer
18876	Kaya, Orzhov Usurper
18877	Amplifire
18878	Awaken the Erstwhile
18879	Bedeck // Bedazzle
18880	Bedevil
18881	Benthic Biomancer
18882	Biogenic Ooze
18883	Biomancer's Familiar
18884	Cindervines
18885	Deputy of Detention
18886	Electrodominance
18887	Emergency Powers
18888	End-Raze Forerunners
18889	Ethereal Absolution
18890	Font of Agonies
18891	Gate Colossus
18892	Growth Spiral
18893	Growth-Chamber Guardian
18894	Gruul Spellbreaker
18895	Guardian Project
18896	Gutterbones
18897	Hero of Precinct One
18898	Hydroid Krasis
18899	Immolation Shaman
18900	Incubation Druid
18901	Judith, the Scourge Diva
18902	Kaya's Wrath
18903	Lavinia, Azorius Renegade
18904	Light Up the Stage
18905	Lumbering Battlement
18906	Mass Manipulation
18907	Mirror March
18908	Nikya of the Old Ways
18909	Plaza of Harmony
18910	Precognitive Perception
18911	Priest of Forgotten Gods
18912	Rakdos Firewheeler
18913	Rakdos, the Showstopper
18914	Rampage of the Clans
18915	Ravager Wurm
18916	Rix Maadi Reveler
18917	Seraph of the Scales
18918	Simic Ascendancy
18919	Skarrgan Hellkite
18920	Smothering Tithe
18921	Spawn of Mayhem
18922	Sphinx of Foresight
18923	Teysa Karlov
18924	Theater of Horrors
18925	Tithe Taker
18926	Unbreakable Formation
18927	Zegana, Utopian Speaker
18928	Aeromunculus
18929	Angel of Grace
18930	Angelic Exaltation
18931	Applied Biomancy
18932	Archway Angel
18933	Arrester's Admonition
18934	Arrester's Zeal
18935	Axebane Beast
18936	Azorius Knight-Arbiter
18937	Azorius Locket
18938	Azorius Skyguard
18939	Bankrupt in Blood
18940	Basilica Bell-Haunt
18941	Biogenic Upgrade
18942	Blade Juggler
18943	Bladebrand
18944	Bloodmist Infiltrator
18945	Bolrac-Clan Crusher
18946	Bring to Trial
18947	Burn Bright
18948	Burning-Tree Vandal
18949	Captive Audience
18950	Carnival // Carnage
18951	Carrion Imp
18952	Catacomb Crocodile
18953	Cavalcade of Calamity
18954	Charging War Boar
18955	Chillbringer
18956	Civic Stalwart
18957	Clamor Shaman
18958	Clan Guildmage
18959	Clear the Mind
18960	Clear the Stage
18961	Code of Constraint
18962	Collision // Colossus
18963	Combine Guildmage
18964	Consecrate // Consume
18965	Consign to the Pit
18966	Coral Commando
18967	Cry of the Carnarium
18968	Cult Guildmage
18969	Dagger Caster
18970	Dead Revels
18971	Debtors' Transport
18972	Deface
18973	Depose // Deploy
18974	Domri's Nodorog
18975	Domri, City Smasher
18976	Dovin's Acuity
18977	Dovin's Automaton
18978	Dovin's Dismissal
18979	Dovin, Architect of Law
18980	Dovin, Grand Arbiter
18981	Drill Bit
18982	Elite Arrester
18983	Enraged Ceratok
18984	Essence Capture
18985	Expose to Daylight
18986	Eyes Everywhere
18987	Faerie Duelist
18988	Feral Maaka
18989	Final Payment
18990	Fireblade Artist
18991	Flames of the Raze-Boar
18992	Footlight Fiend
18993	Forbidding Spirit
18994	Frenzied Arynx
18995	Frilled Mystic
18996	Galloping Lizrog
18997	Gatebreaker Ram
18998	Gates Ablaze
18999	Gateway Sneak
19000	Get the Point
19001	Ghor-Clan Wrecker
19002	Glass of the Guildpact
19003	Goblin Gathering
19004	Grasping Thrull
19005	Gravel-Hide Goblin
19006	Grotesque Demise
19007	Gruul Beastmaster
19008	Gruul Locket
19009	Gyre Engineer
19010	Haazda Officer
19011	Hackrobat
19012	High Alert
19013	Humongulus
19014	Ill-Gotten Inheritance
19015	Impassioned Orator
19016	Imperious Oligarch
19017	Incubation // Incongruity
19018	Justiciar's Portal
19019	Knight of Sorrows
19020	Knight of the Last Breath
19021	Lawmage's Binding
19022	Macabre Mockery
19023	Mesmerizing Benthid
19024	Ministrant of Obligation
19025	Noxious Groodion
19026	Open the Gates
19027	Orzhov Enforcer
19028	Orzhov Locket
19029	Orzhov Racketeers
19030	Persistent Petitioners
19031	Pestilent Spirit
19032	Pitiless Pontiff
19033	Plague Wight
19034	Prime Speaker Vannifar
19035	Prowling Caracal
19036	Prying Eyes
19037	Pteramander
19038	Quench
19039	Rafter Demon
19040	Ragefire
19041	Rakdos Locket
19042	Rakdos Roustabout
19043	Rakdos Trumpeter
19044	Rally to Battle
19045	Rampaging Rendhorn
19046	Regenesis
19047	Repudiate // Replicate
19048	Resolute Watchdog
19049	Revival // Revenge
19050	Rhythm of the Wild
19051	Rubble Reading
19052	Rubble Slinger
19053	Rubblebelt Recluse
19054	Rubblebelt Runner
19055	Rumbling Ruin
19056	Sage's Row Savant
19057	Sagittars' Volley
19058	Saruli Caretaker
19059	Sauroform Hybrid
19060	Savage Smash
19061	Scorchmark
19062	Screaming Shield
19063	Scuttlegator
19064	Senate Courier
19065	Senate Griffin
19066	Senate Guildmage
19067	Sentinel's Mark
19068	Sharktocrab
19069	Shimmer of Possibility
19070	Silhana Wayfinder
19071	Simic Locket
19072	Skatewing Spy
19073	Skewer the Critics
19074	Skitter Eel
19075	Sky Tether
19076	Slimebind
19077	Smelt-Ward Ignus
19078	Spear Spewer
19079	Sphinx of New Prahv
19080	Sphinx of the Guildpact
19081	Sphinx's Insight
19082	Spikewheel Acrobat
19083	Spire Mangler
19084	Spirit of the Spires
19085	Steeple Creeper
19086	Stony Strength
19087	Storm Strike
19088	Summary Judgment
19089	Sunder Shaman
19090	Swirling Torrent
19091	Sylvan Brushstrider
19092	Syndicate Guildmage
19093	Syndicate Messenger
19094	Tenth District Veteran
19095	Territorial Boar
19096	The Haunt of Hightower
19097	Thirsting Shade
19098	Thought Collapse
19099	Thrash // Threat
19100	Tin Street Dodger
19101	Titanic Brawl
19102	Tome of the Guildpact
19103	Trollbred Guardian
19104	Twilight Panther
19105	Undercity Scavenger
19106	Undercity's Embrace
19107	Verity Circle
19108	Vindictive Vampire
19109	Vizkopa Vampire
19110	Wall of Lost Thoughts
19111	Warrant // Warden
19112	Watchful Giant
19113	Wilderness Reclamation
19114	Windstorm Drake
19115	Wrecking Beast
19116	Zhur-Taa Goblin
19117	Liliana's Triumph
19118	Time Wipe
19119	Gideon Blackblade
19120	Nicol Bolas, Dragon-God
19121	Ajani, the Greathearted
19122	Angrath, Captain of Chaos
19123	Arlinn, Voice of the Pack
19124	Ashiok, Dream Render
19125	Awakening of Vitu-Ghazi
19126	Bioessence Hydra
19127	Blast Zone
19128	Bolas's Citadel
19129	Casualties of War
19130	Chandra, Fire Artisan
19131	Command the Dreadhorde
19132	Commence the Endgame
19133	Davriel, Rogue Shadowmage
19134	Deliver Unto Evil
19135	Domri, Anarch of Bolas
19136	Dovin's Veto
19137	Dovin, Hand of Control
19138	Dreadhorde Arcanist
19139	Dreadhorde Butcher
19140	Dreadhorde Invasion
19141	Enter the God-Eternals
19142	Fblthp, the Lost
19143	Feather, the Redeemed
19144	Finale of Devastation
19145	Finale of Eternity
19146	Finale of Glory
19147	Finale of Promise
19148	Finale of Revelation
19149	God-Eternal Bontu
19150	God-Eternal Kefnet
19151	God-Eternal Oketra
19152	God-Eternal Rhonas
19153	Huatli, the Sun's Heart
19154	Ignite the Beacon
19155	Ilharg, the Raze-Boar
19156	Jace, Wielder of Mysteries
19157	Jaya, Venerated Firemage
19158	Jiang Yanggu, Wildcrafter
19159	Karn's Bastion
19160	Karn, the Great Creator
19161	Kasmina, Enigmatic Mentor
19162	Kaya, Bane of the Dead
19163	Kiora, Behemoth Beckoner
19164	Krenko, Tin Street Kingpin
19165	Liliana, Dreadhorde General
19166	Living Twister
19167	Massacre Girl
19168	Mizzium Tank
19169	Mobilized District
19170	Nahiri, Storm of Stone
19171	Narset's Reversal
19172	Narset, Parter of Veils
19173	Neheb, Dreadhorde Champion
19174	Nissa, Who Shakes the World
19175	Niv-Mizzet Reborn
19176	Oath of Kaya
19177	Ob Nixilis, the Hate-Twisted
19178	Paradise Druid
19179	Parhelion II
19180	Planewide Celebration
19181	Ral, Storm Conduit
19182	Ravnica at War
19183	Roalesk, Apex Hybrid
19184	Role Reversal
19185	Saheeli, Sublime Artificer
19186	Samut, Tyrant Smasher
19187	Sarkhan the Masterless
19188	Silent Submersible
19189	Single Combat
19190	Solar Blaze
19191	Sorin, Vengeful Bloodlord
19192	Soul Diviner
19193	Spark Double
19194	Storrev, Devkarin Lich
19195	Tamiyo, Collector of Tales
19196	Teferi, Time Raveler
19197	Teyo, the Shieldmage
19198	The Elderspell
19199	The Wanderer
19200	Tibalt, Rakish Instigator
19201	Tolsimir, Friend to Wolves
19202	Tomik, Distinguished Advokist
19203	Ugin, the Ineffable
19204	Vivien's Arkbow
19205	Vivien, Champion of the Wilds
19206	Vraska, Swarm's Eminence
19207	Widespread Brutality
19208	Ahn-Crop Invader
19209	Aid the Fallen
19210	Angrath's Rampage
19211	Arboreal Grazer
19212	Arlinn's Wolf
19213	Ashiok's Skulker
19214	Aven Eternal
19215	Band Together
19216	Banehound
19217	Battlefield Promotion
19218	Bleeding Edge
19219	Blindblast
19220	Bloom Hulk
19221	Bolt Bend
19222	Bond of Discipline
19223	Bond of Flourishing
19224	Bond of Insight
19225	Bond of Passion
19226	Bond of Revival
19227	Bulwark Giant
19228	Burning Prophet
19229	Callous Dismissal
19230	Centaur Nurturer
19231	Chainwhip Cyclops
19232	Challenger Troll
19233	Chandra's Triumph
19234	Charity Extractor
19235	Charmed Stray
19236	Contentious Plan
19237	Courage in Crisis
19238	Cruel Celebrant
19239	Crush Dissent
19240	Cyclops Electromancer
19241	Davriel's Shadowfugue
19242	Deathsprout
19243	Despark
19244	Desperate Lunge
19245	Devouring Hellion
19246	Divine Arrow
19247	Domri's Ambush
19248	Dreadhorde Twins
19249	Dreadmalkin
19250	Duskmantle Operative
19251	Elite Guardmage
19252	Emergence Zone
19253	Enforcer Griffin
19254	Erratic Visionary
19255	Eternal Skylord
19256	Eternal Taskmaster
19257	Evolution Sage
19258	Firemind Vessel
19259	Flux Channeler
19260	Forced Landing
19261	Gideon's Battle Cry
19262	Gideon's Company
19263	Gideon's Sacrifice
19264	Gideon's Triumph
19265	Gideon, the Oathsworn
19266	Gleaming Overseer
19267	Goblin Assailant
19268	Goblin Assault Team
19269	God-Pharaoh's Statue
19270	Grateful Apparition
19271	Grim Initiate
19272	Guild Globe
19273	Guildpact Informant
19274	Heartfire
19275	Heartwarming Redemption
19276	Herald of the Dreadhorde
19277	Honor the God-Pharaoh
19278	Huatli's Raptor
19279	Interplanar Beacon
19280	Invade the City
19281	Invading Manticore
19282	Iron Bully
19283	Ironclad Krovod
19284	Jace's Projection
19285	Jace's Ruse
19286	Jace's Triumph
19287	Jace, Arcane Strategist
19288	Jaya's Greeting
19289	Kasmina's Transmutation
19290	Kaya's Ghostform
19291	Kiora's Dambreaker
19292	Kraul Stinger
19293	Kronch Wrangler
19294	Law-Rune Enforcer
19295	Lazotep Behemoth
19296	Lazotep Plating
19297	Lazotep Reaver
19298	Leyline Prowler
19299	Loxodon Sergeant
19300	Makeshift Battalion
19301	Mana Geode
19302	Martyr for the Cause
19303	Mayhem Devil
19304	Merfolk Skydiver
19305	Mowu, Loyal Companion
19306	Naga Eternal
19307	Nahiri's Stoneblades
19308	Neoform
19309	Nissa's Triumph
19310	No Escape
19311	Ob Nixilis's Cruelty
19312	Pledge of Unity
19313	Pollenbright Druid
19314	Pouncing Lynx
19315	Price of Betrayal
19316	Prismite
19317	Prison Realm
19318	Raging Kronch
19319	Ral's Outburst
19320	Rally of Wings
19321	Relentless Advance
19322	Rescuer Sphinx
19323	Return to Nature
19324	Rising Populace
19325	Rubblebelt Rioters
19326	Saheeli's Silverwing
19327	Samut's Sprint
19328	Sarkhan's Catharsis
19329	Shriekdiver
19330	Sky Theater Strix
19331	Snarespinner
19332	Spark Harvest
19333	Spark Reaper
19334	Spellgorger Weird
19335	Spellkeeper Weird
19336	Steady Aim
19337	Stealth Mission
19338	Storm the Citadel
19339	Sunblade Angel
19340	Tamiyo's Epiphany
19341	Teferi's Time Twist
19342	Tenth District Legionnaire
19343	Teyo's Lightshield
19344	Tezzeret, Master of the Bridge
19345	Thunder Drake
19346	Thundering Ceratok
19347	Tibalt's Rager
19348	Tithebearer Giant
19349	Toll of the Invasion
19350	Topple the Statue
19351	Trusted Pegasus
19352	Turret Ogre
19353	Tyrant's Scorn
19354	Ugin's Conjurant
19355	Unlikely Aid
19356	Vampire Opportunist
19357	Vivien's Grizzly
19358	Vizier of the Scorpion
19359	Vraska's Finisher
19360	Wall of Runes
19361	Wanderer's Strike
19362	War Screecher
19363	Wardscale Crocodile
19364	Abominable Treefolk
19365	Alpine Guide
19366	Amorphous Axe
19367	Answered Prayers
19368	Archmage's Charm
19369	Arcum's Astrolabe
19370	Aria of Flame
19371	Astral Drift
19372	Ayula's Influence
19373	Ayula, Queen Among Bears
19374	Azra Smokeshaper
19375	Bazaar Trademage
19376	Bellowing Elk
19377	Birthing Boughs
19378	Bladeback Sliver
19379	Blizzard Strix
19380	Bogardan Dragonheart
19381	Cabal Therapist
19382	Cave of Temptation
19383	Changeling Outcast
19384	Chillerpillar
19385	Cleaving Sliver
19386	Cloudshredder Sliver
19387	Collected Conjuring
19388	Collector Ouphe
19389	Conifer Wurm
19390	Cordial Vampire
19391	Crashing Footfalls
19392	Cunning Evasion
19393	Dead of Winter
19394	Deep Forest Hermit
19395	Defile
19396	Dregscape Sliver
19397	Echo of Eons
19398	Endling
19399	Enduring Sliver
19400	Ephemerate
19401	Etchings of the Chosen
19402	Everdream
19403	Excavating Anurid
19404	Eyekite
19405	Face of Divinity
19406	Faerie Seer
19407	Fallen Shinobi
19408	Farmstead Gleaner
19409	Feaster of Fools
19410	Fiery Islet
19411	First Sliver's Chosen
19412	First-Sphere Gargantua
19413	Fists of Flame
19414	Force of Despair
19415	Force of Negation
19416	Force of Rage
19417	Force of Vigor
19418	Force of Virtue
19419	Fountain of Ichor
19420	Frostwalk Bastion
19421	Frostwalla
19422	Generous Gift
19423	Geomancer's Gambit
19424	Giver of Runes
19425	Glacial Revelation
19426	Gluttonous Slug
19427	Goatnap
19428	Goblin Champion
19429	Goblin Engineer
19430	Goblin Oriflamme
19431	Goblin War Party
19432	Good-Fortune Unicorn
19433	Graveshifter
19434	Hall of Heliod's Generosity
19435	Headless Specter
19436	Hexdrinker
19437	Hogaak, Arisen Necropolis
19438	Hollowhead Sliver
19439	Ice-Fang Coatl
19440	Iceberg Cancrix
19441	Icehide Golem
19442	Igneous Elemental
19443	Impostor of the Sixth Pride
19444	Ingenious Infiltrator
19445	Irregular Cohort
19446	Kaya's Guile
19447	King of the Pride
19448	Knight of Old Benalia
19449	Lancer Sliver
19450	Lavabelly Sliver
19451	Lesser Masticore
19452	Lightning Skelemental
19453	Llanowar Tribe
19454	Magmatic Sinkhole
19455	Marit Lage's Slumber
19456	Martyr's Soul
19457	Mind Rake
19458	Mirrodin Besieged
19459	Mist-Syndicate Naga
19460	Mob
19461	Moonblade Shinobi
19462	Morophon, the Boundless
19463	Mother Bear
19464	Mox Tantalite
19465	Munitions Expert
19466	Murasa Behemoth
19467	Nature's Chant
19468	Ninja of the New Moon
19469	Nurturing Peatland
19470	On Thin Ice
19471	Oneirophage
19472	Orcish Hellraiser
19473	Ore-Scale Guardian
19474	Pashalik Mons
19475	Phantasmal Form
19476	Phantom Ninja
19477	Plague Engineer
19478	Planebound Accomplice
19479	Pondering Mage
19480	Prismatic Vista
19481	Putrid Goblin
19482	Pyrophobia
19483	Quakefoot Cyclops
19484	Rain of Revelation
19485	Ranger-Captain of Eos
19486	Rank Officer
19487	Ransack the Lab
19488	Ravenous Giant
19489	Reap the Past
19490	Recruit the Worthy
19491	Reprobation
19492	Return from Extinction
19493	Rhox Veteran
19494	Rime Tender
19495	Rotwidow Pack
19496	Ruination Rioter
19497	Saddled Rimestag
19498	Sadistic Obsession
19499	Savage Swipe
19500	Scale Up
19501	Scour All Possibilities
19502	Scrapyard Recombiner
19503	Scuttling Sliver
19504	Seasoned Pyromancer
19505	Segovian Angel
19506	Serra the Benevolent
19507	Settle Beyond Reality
19508	Shatter Assumptions
19509	Shenanigans
19510	Silent Clearing
19511	Silumgar Scavenger
19512	Sisay, Weatherlight Captain
19513	Sling-Gang Lieutenant
19514	Smiting Helix
19515	Smoke Shroud
19516	Soul-Strike Technique
19517	Soulherder
19518	Spell Snuff
19519	Spinehorn Minotaur
19520	Spiteful Sliver
19521	Splicer's Skill
19522	Springbloom Druid
19523	Stirring Address
19524	Stream of Thought
19525	String of Disappearances
19526	Sunbaked Canyon
19527	Sword of Sinew and Steel
19528	Sword of Truth and Justice
19529	Talisman of Conviction
19530	Talisman of Creativity
19531	Talisman of Curiosity
19532	Talisman of Hierarchy
19533	Talisman of Resilience
19534	Tectonic Reformation
19535	Tempered Sliver
19536	The First Sliver
19537	Thornado
19538	Throatseeker
19539	Throes of Chaos
19540	Thundering Djinn
19541	Treefolk Umbra
19542	Treetop Ambusher
19543	Tribute Mage
19544	Trumpeting Herd
19545	Trustworthy Scout
19546	Twin-Silk Spider
19547	Twisted Reflection
19548	Umezawa's Charm
19549	Unbound Flourishing
19550	Undead Augur
19551	Universal Automaton
19552	Unsettled Mariner
19553	Urza, Lord High Artificer
19554	Valiant Changeling
19555	Vengeful Devil
19556	Venomous Changeling
19557	Vesperlark
19558	Viashino Sandsprinter
19559	Volatile Claws
19560	Wall of One Thousand Cuts
19561	Warteye Witch
19562	Watcher for Tomorrow
19563	Waterlogged Grove
19564	Weather the Storm
19565	Webweaver Changeling
19566	Windcaller Aven
19567	Winding Way
19568	Winds of Abandon
19569	Winter's Rest
19570	Wrenn and Six
19571	Yawgmoth, Thran Physician
19572	Zhalfirin Decoy
19573	Aerial Assault
19574	Aether Gust
19575	Agent of Treachery
19576	Agonizing Syphon
19577	Ajani, Inspiring Leader
19578	Ajani, Strength of the Pride
19579	Ancestral Blade
19580	Angel of Vitality
19581	Apostle of Purifying Light
19582	Atemsis, All-Seeing
19583	Audacious Thief
19584	Bag of Holding
19585	Barkhide Troll
19586	Battalion Foot Soldier
19587	Bishop of Wings
19588	Blightbeetle
19589	Blood Burglar
19590	Blood for Bones
19591	Bloodsoaked Altar
19592	Bloodthirsty Aerialist
19593	Boneclad Necromancer
19594	Boreal Elemental
19595	Brightwood Tracker
19596	Brineborn Cutthroat
19597	Brought Back
19598	Captivating Gyre
19599	Cavalier of Dawn
19600	Cavalier of Flame
19601	Cavalier of Gales
19602	Cavalier of Night
19603	Cavalier of Thorns
19604	Celestial Messenger
19605	Cerulean Drake
19606	Chandra's Embercat
19607	Chandra's Flame Wave
19608	Chandra's Regulator
19609	Chandra, Acolyte of Flame
19610	Chandra, Awakened Inferno
19611	Chandra, Flame's Fury
19612	Chandra, Novice Pyromancer
19613	Cloudkin Seer
19614	Colossus Hammer
19615	Corpse Knight
19616	Creeping Trailblazer
19617	Cryptic Caves
19618	Daggersail Aeronaut
19619	Dark Remedy
19620	Dawning Angel
19621	Destructive Digger
19622	Devout Decree
19623	Diamond Knight
19624	Diviner's Lockbox
19625	Drakuseth, Maw of Flames
19626	Drawn from Dreams
19627	Dread Presence
19628	Elvish Reclaimer
19629	Embodiment of Agonies
19630	Empyrean Eagle
19631	Engulfing Eruption
19632	Eternal Isolation
19633	Ethereal Elk
19634	Ferocious Pup
19635	Field of the Dead
19636	Flame Sweep
19637	Flood of Tears
19638	Fry
19639	Gargos, Vicious Watcher
19640	Gauntlets of Light
19641	Glint-Horn Buccaneer
19642	Gnarlback Rhino
19643	Goblin Bird-Grabber
19644	Goblin Smuggler
19645	Goldmane Griffin
19646	Golos, Tireless Pilgrim
19647	Gorging Vulture
19648	Growth Cycle
19649	Gruesome Scourger
19650	Hanged Executioner
19651	Hard Cover
19652	Healer of the Glade
19653	Herald of the Sun
19654	Howling Giant
19655	Icon of Ancestry
19656	Imperial Outrider
19657	Infuriate
19658	Ironroot Warlord
19659	Kaalia, Zenith Seeker
19660	Kethis, the Hidden Hand
19661	Knight of the Ebon Legion
19662	Kykar, Wind's Fury
19663	Lavakin Brawler
19664	Leafkin Druid
19665	Legion's End
19666	Leyline of Abundance
19667	Leyline of Combustion
19668	Lightning Stormkin
19669	Lotus Field
19670	Loxodon Lifechanter
19671	Manifold Key
19672	Marauding Raptor
19673	Mask of Immolation
19674	Masterful Replication
19675	Moat Piranhas
19676	Moldervine Reclamation
19677	Mu Yanling, Celestial Wind
19678	Mu Yanling, Sky Dancer
19679	Mystic Forge
19680	Nightpack Ambusher
19681	Nimble Birdsticker
19682	Noxious Grasp
19683	Octoprophet
19684	Ogre Siegebreaker
19685	Omnath, Locus of the Roil
19686	Overgrowth Elemental
19687	Pack Mastiff
19688	Pattern Matcher
19689	Portal of Sanctuary
19690	Pyroclastic Elemental
19691	Rapacious Dragon
19692	Reckless Air Strike
19693	Repeated Reverberation
19694	Retributive Wand
19695	Rienne, Angel of Rebirth
19696	Risen Reef
19697	Rotting Regisaur
19698	Salvager of Ruin
19699	Savage Gorger
19700	Savannah Sage
19701	Scampering Scorcher
19702	Scheming Symmetry
19703	Scholar of the Ages
19704	Scorch Spitter
19705	Season of Growth
19706	Sephara, Sky's Blade
19707	Shared Summons
19708	Shifting Ceratops
19709	Silverback Shaman
19710	Skyknight Vanguard
19711	Sorcerer of the Fang
19712	Sorin's Guide
19713	Sorin, Imperious Bloodlord
19714	Sorin, Vampire Lord
19715	Spectral Sailor
19716	Squad Captain
19717	Starfield Mystic
19718	Steadfast Sentry
19719	Tale's End
19720	Thicket Crasher
19721	Thirsting Bloodlord
19722	Thought Distortion
19723	Thunderkin Awakener
19724	Tomebound Lich
19725	Twinblade Paladin
19726	Unchained Berserker
19727	Unholy Indenture
19728	Vampire of the Dire Moon
19729	Veil of Summer
19730	Vengeful Warchief
19731	Vilis, Broker of Blood
19732	Vivien's Crocodile
19733	Vivien, Arkbow Ranger
19734	Vivien, Nature's Avenger
19735	Voracious Hydra
19736	Wakeroot Elemental
19737	Waterkin Shaman
19738	Wildfire Elemental
19739	Winged Words
19740	Wolfrider's Saddle
19741	Woodland Champion
19742	Woodland Mystic
19743	Yanling's Harbinger
19744	Yarok's Fenlurker
19745	Yarok's Wavecrasher
19746	Yarok, the Desecrated
19747	Kharis & The Beholder
19748	Optimus Prime, Inspiring Leader
19749	Sol, Advocate Eternal
19750	The Legend of Arena
19751	Aeon Engine
19752	Anje Falkenrath
19753	Anje's Ravager
19754	Apex Altisaur
19755	Archfiend of Spite
19756	Atla Palani, Nest Tender
19757	Backdraft Hellkite
19758	Bloodthirsty Blade
19759	Bone Miser
19760	Chainer, Nightmare Adept
19761	Cliffside Rescuer
19762	Commander's Insignia
19763	Curse of Fool's Wisdom
19764	Dockside Extortionist
19765	Doomed Artisan
19766	Elsha of the Infinite
19767	Empowered Autogenerator
19768	Full Flowering
19769	Gerrard, Weatherlight Hero
19770	Ghired's Belligerence
19771	Ghired, Conclave Exile
19772	Gift of Doom
19773	Greven, Predator Captain
19774	Grismold, the Dreadsower
19775	Hate Mirage
19776	Idol of Oblivion
19777	Ignite the Future
19778	K'rrik, Son of Yawgmoth
19779	Kadena's Silencer
19780	Kadena, Slinking Sorcerer
19781	Leadership Vacuum
19782	Mandate of Peace
19783	Marisi, Breaker of the Coil
19784	Mass Diminish
19785	Mire in Misery
19786	Nightmare Unmaking
19787	Ohran Frostfang
19788	Pendant of Prosperity
19789	Pramikon, Sky Rampart
19790	Rayami, First of the Fallen
19791	Road of Return
19792	Sanctum of Eternity
19793	Scaretiller
19794	Scroll of Fate
19795	Selesnya Eulogist
19796	Sevinne's Reclamation
19797	Sevinne, the Chronoclasm
19798	Skyfire Phoenix
19799	Song of the Worldsoul
19800	Sudden Substitution
19801	Tahngarth, First Mate
19802	Tectonic Hellion
19803	Thalia's Geistcaller
19804	Thieving Amalgam
19805	Thought Sponge
19806	Voice of Many
19807	Volrath, the Shapestealer
19808	Wall of Stolen Identity
19809	Wildfire Devils
19810	Acclaimed Contender
19811	Alela, Artful Provocateur
19812	All That Glitters
19813	Animating Faerie // Bring to Life
19814	Arcane Signet
19815	Arcanist's Owl
19816	Archon of Absolution
19817	Ardenvale Paladin
19818	Ardenvale Tactician // Dizzying Swoop
19819	Ayara, First of Locthwain
19820	Bake into a Pie
19821	Banish into Fable
19822	Barge In
19823	Barrow Witches
19824	Bartered Cow
19825	Beanstalk Giant // Fertile Footsteps
19826	Belle of the Brawl
19827	Beloved Princess
19828	Blacklance Paragon
19829	Bloodhaze Wolverine
19830	Blow Your House Down
19831	Bog Naughty
19832	Bonecrusher Giant // Stomp
19833	Bramblefort Fink
19834	Brazen Borrower // Petty Theft
19835	Brimstone Trebuchet
19836	Burning-Yard Trainer
19837	Castle Ardenvale
19838	Castle Embereth
19839	Castle Garenbrig
19840	Castle Locthwain
19841	Castle Vantress
19842	Cauldron Familiar
19843	Cauldron's Gift
19844	Charmed Sleep
19845	Charming Prince
19846	Chittering Witch
19847	Chulane, Teller of Tales
19848	Clackbridge Troll
19849	Claim the Firstborn
19850	Clockwork Servant
19851	Corridor Monitor
19852	Covetous Urge
19853	Crashing Drawbridge
19854	Crystal Slipper
19855	Curious Pair // Treats to Share
19856	Dance of the Manse
19857	Deafening Silence
19858	Deathless Knight
19859	Didn't Say Please
19860	Doom Foretold
19861	Drown in the Loch
19862	Dwarven Mine
19863	Edgewall Innkeeper
19864	Elite Headhunter
19865	Embercleave
19866	Embereth Paladin
19867	Embereth Shieldbreaker // Battle Display
19868	Embereth Skyblazer
19869	Emry, Lurker of the Loch
19870	Enchanted Carriage
19871	Epic Downfall
19872	Escape to the Wilds
19873	Eye Collector
19874	Fabled Passage
19875	Fae of Wishes // Granted
19876	Faeburrow Elder
19877	Faerie Formation
19878	Faerie Guidemother // Gift of the Fae
19879	Faerie Vandal
19880	Feasting Troll King
19881	Fell the Pheasant
19882	Ferocity of the Wilds
19883	Fervent Champion
19884	Festive Funeral
19885	Fierce Witchstalker
19886	Fireborn Knight
19887	Fires of Invention
19888	Flaxen Intruder // Welcome Home
19889	Flutterfox
19890	Folio of Fancies
19891	Foreboding Fruit
19892	Forever Young
19893	Fortifying Provisions
19894	Foulmire Knight // Profane Insight
19895	Frogify
19896	Gadwick, the Wizened
19897	Garenbrig Carver // Shield's Might
19898	Garenbrig Paladin
19899	Garenbrig Squire
19900	Garrison Griffin
19901	Garruk, Cursed Huntsman
19902	Giant Killer // Chop Down
19903	Giant Opportunity
19904	Giant's Skewer
19905	Gilded Goose
19906	Gingerbread Cabin
19907	Gingerbrute
19908	Glass Casket
19909	Gluttonous Troll
19910	Golden Egg
19911	Grumgully, the Generous
19912	Happily Ever After
19913	Harmonious Archon
19914	Henge Walker
19915	Heraldic Banner
19916	Hushbringer
19917	Hypnotic Sprite // Mesmeric Glare
19918	Idyllic Grange
19919	Improbable Alliance
19920	Inquisitive Puppet
19921	Insatiable Appetite
19922	Inspiring Veteran
19923	Into the Story
19924	Irencrag Feat
19925	Irencrag Pyromancer
19926	Joust
19927	Jousting Dummy
19928	Keeper of Fables
19929	Kenrith's Transformation
19930	Kenrith, the Returned King
19931	Knight of the Keep
19932	Knights' Charge
19933	Korvold, Fae-Cursed King
19934	Lash of Thorns
19935	Linden, the Steadfast Queen
19936	Loch Dragon
19937	Lochmere Serpent
19938	Locthwain Gargoyle
19939	Locthwain Paladin
19940	Lonesome Unicorn // Rider in Need
19941	Lost Legion
19942	Lovestruck Beast // Heart's Desire
19943	Lucky Clover
19944	Mace of the Valiant
19945	Mad Ratter
19946	Malevolent Noble
19947	Mantle of Tides
19948	Maraleaf Pixie
19949	Maraleaf Rider
19950	Memory Theft
19951	Merchant of the Vale // Haggle
19952	Merfolk Secretkeeper // Venture Deeper
19953	Midnight Clock
19954	Mirrormade
19955	Mistford River Turtle
19956	Moonlit Scavengers
19957	Murderous Rider // Swift End
19958	Mysterious Pathlighter
19959	Mystic Sanctuary
19960	Mystical Dispute
19961	Oakhame Adversary
19962	Oakhame Ranger // Bring Back
19963	Oathsworn Knight
19964	Ogre Errant
19965	Oko's Accomplices
19966	Oko's Hospitality
19967	Oko, Thief of Crowns
19968	Oko, the Trickster
19969	Once Upon a Time
19970	Once and Future
19971	Opportunistic Dragon
19972	Order of Midnight // Alter Fate
19973	Outflank
19974	Outlaws' Merriment
19975	Outmuscle
19976	Overwhelmed Apprentice
19977	Piper of the Swarm
19978	Prized Griffin
19979	Prophet of the Peak
19980	Queen of Ice // Rage of Winter
19981	Questing Beast
19982	Raging Redcap
19983	Rally for the Throne
19984	Rampart Smasher
19985	Rankle, Master of Pranks
19986	Realm-Cloaked Giant // Cast Off
19987	Reaper of Night // Harvest Fear
19988	Redcap Melee
19989	Redcap Raiders
19990	Resolute Rider
19991	Return of the Wildspeaker
19992	Revenge of Ravens
19993	Rimrock Knight // Boulder Rush
19994	Robber of the Rich
19995	Rosethorn Acolyte // Seasonal Ritual
19996	Rosethorn Halberd
19997	Roving Keep
19998	Rowan's Battleguard
19999	Rowan's Stalwarts
20000	Rowan, Fearless Sparkmage
20001	Run Away Together
20002	Sage of the Falls
20003	Savvy Hunter
20004	Scalding Cauldron
20005	Scorching Dragonfire
20006	Searing Barrage
20007	Seven Dwarves
20008	Shambling Suit
20009	Shepherd of the Flock // Usher to Safety
20010	Shimmer Dragon
20011	Shinechaser
20012	Shining Armor
20013	Signpost Scarecrow
20014	Silverflame Ritual
20015	Silverflame Squire // On Alert
20016	Silverwing Squadron
20017	Skullknocker Ogre
20018	Slaying Fire
20019	Smitten Swordmaster // Curry Favor
20020	So Tiny
20021	Sorcerer's Broom
20022	Specter's Shriek
20023	Spinning Wheel
20024	Steelbane Hydra
20025	Steelclaw Lance
20026	Steelgaze Griffin
20027	Stolen by the Fae
20028	Stonecoil Serpent
20029	Stormfist Crusader
20030	Sundering Stroke
20031	Syr Alin, the Lion's Claw
20032	Syr Carah, the Bold
20033	Syr Elenora, the Discerning
20034	Syr Faren, the Hengehammer
20035	Syr Gwyn, Hero of Ashvale
20036	Syr Konrad, the Grim
20037	Tall as a Beanstalk
20038	Taste of Death
20039	Tempting Witch
20040	The Cauldron of Eternity
20041	The Circle of Loyalty
20042	The Great Henge
20043	The Magic Mirror
20044	The Royal Scions
20045	Thorn Mammoth
20046	Thrill of Possibility
20047	Thunderous Snapper
20048	Tome Raider
20049	Tome of Legends
20050	Torbran, Thane of Red Fell
20051	Tournament Grounds
20052	Trail of Crumbs
20053	Trapped in the Tower
20054	True Love's Kiss
20055	Tuinvale Treefolk // Oaken Boon
20056	Turn into a Pumpkin
20057	Unexplained Vision
20058	Vantress Gargoyle
20059	Vantress Paladin
20060	Venerable Knight
20061	Wandermare
20062	Weapon Rack
20063	Weaselback Redcap
20064	Wicked Guardian
20065	Wicked Wolf
20066	Wildborn Preserver
20067	Wildwood Tracker
20068	Wintermoor Commander
20069	Wishclaw Talisman
20070	Wishful Merfolk
20071	Witch's Cottage
20072	Witch's Oven
20073	Witch's Vengeance
20074	Witching Well
20075	Wolf's Quarry
20076	Workshop Elders
20077	Worthy Knight
20078	Yorvo, Lord of Garenbrig
20079	Nightmare Moon // Princess Luna
20080	Princess Twilight Sparkle
20081	Rarity
20082	A Good Thing
20083	Abian, Luvion Usurper
20084	Aggressive Crag
20085	Animate Spell
20086	Banding Sliver
20087	Baneslayer Aspirant
20088	Barry's Land
20089	Bear with Set's Mechanic
20090	Bind // Liberate
20091	Biting Remark
20092	Blood Poet
20093	Bombardment
20094	Bone Rattler
20095	Bucket List
20096	Buried Ogre
20097	Celestine Cave Witch
20098	Chimney Goyf
20099	Chronobot
20100	Command the Chaff
20101	Control Win Condition
20102	Corrupted Key
20103	Cyclopean Titan
20104	Do-Over
20105	Domesticated Mammoth
20106	Domesticated Watercourse
20107	Enchanted Prairie
20108	Enchantmentize
20109	Enroll in the Coalition
20110	Everlasting Lich
20111	Evil Boros Charm
20112	Experiment Five
20113	Five Kids in a Trenchcoat
20114	Form of the Mulldrifter
20115	Frenemy of the Guildpact
20116	Frogkin Kidnapper
20117	Frontier Explorer
20118	Generated Horizons
20119	Geometric Weird
20120	Gold Mine
20121	Golgari Death Swarm
20122	Gorilla Tactics
20123	Graveyard Dig
20124	Growth Charm
20125	Gunk Slug
20126	High Troller
20127	How to Keep an Izzet Mage Busy
20128	Imaginary Friends
20129	Impatient Iguana
20130	Innocuous Insect
20131	Inspirational Antelope
20132	Interplanar Brushwagg
20133	Jasconian Isle
20134	Kaya, Ghost Haunter
20135	Khod, Etlan Shiis Envoy
20136	Krosan Adaptation
20137	Lantern of Undersight
20138	Largepox
20139	Lazier Goblin
20140	Learned Learner
20141	Lightning Colt
20142	Loopy Lobster
20143	Louvaq, the Aberrant
20144	Mana Abundance
20145	Maro's Gone Nuts
20146	Memory Bank
20147	Metagamer
20148	Mirrored Lotus
20149	Noxious Bayou
20150	One with Death
20151	Patient Turtle
20152	Personal Decoy
20153	Pick Your Poison
20154	Pithing Spyglass
20155	Plane-Merge Elf
20156	Planequake
20157	Priority Avenger
20158	Problematic Volcano
20159	Puresteel Angel
20160	Queue of Beetles
20161	Ral's Vanguard
20162	Recycla-bird
20163	Red Herring
20164	Rift
20165	Ruff, Underdog Champ
20166	Sarah's Wings
20167	Scaled Destruction
20168	Seasoned Weaponsmith
20169	Seek Bolas's Counsel
20170	Siege Elemental
20171	Sliv-Mizzet, Hivemind
20172	Slivdrazi Monstrosity
20173	Smelt // Herd // Saw
20174	Soulmates
20175	Spellmorph Raise Dead
20176	Squidnapper
20177	Stack of Paperwork
20178	Start // Fire
20179	Sunimret
20180	Swarm of Locus
20181	Taiga Stadium
20182	The Grand Tour
20183	Throat Wolf
20184	Tibalt the Chaotic
20185	Time Sidewalk
20186	Transcantation
20187	Trial and Error
20188	Truth or Dare
20189	Underdark Beholder
20190	Unicycle
20191	Vazal, the Compleat
20192	Visitor from Planet Q
20193	Waste Land
20194	Weaponized Scrap
20195	Whammy Burn
20196	Witty Demon
20197	Wizened Arbiter
20198	Wrath of Sod
20199	Xyru Specter
20200	Yawgmoth's Testament
20201	You're in Command
20202	Zyym, Mesmeric Lord
20203	Calculating Lich
20204	Earthshaker Giant
20205	Fiendish Duo
20206	Highcliff Felidar
20207	Sphinx of Enlightenment
20208	Decorated Knight // Present Arms
20209	Allure of the Unknown
20210	Aphemia, the Cacophony
20211	Arasta of the Endless Web
20212	Archon of Sun's Grace
20213	Ashiok's Erasure
20214	Ashiok, Nightmare Muse
20215	Atris, Oracle of Half-Truths
20216	Bronzehide Lion
20217	Calix, Destiny's Hand
20218	Dalakos, Crafter of Wonders
20219	Dream Trawler
20220	Dryad of the Ilysian Grove
20221	Eat to Extinction
20222	Eidolon of Obstruction
20223	Elspeth Conquers Death
20224	Elspeth, Sun's Nemesis
20225	Enigmatic Incarnation
20226	Erebos's Intervention
20227	Erebos, Bleak-Hearted
20228	Gallia of the Endless Dance
20229	Gravebreaker Lamia
20230	Haktos the Unscarred
20231	Heliod's Intervention
20232	Heliod, Sun-Crowned
20233	Kiora Bests the Sea God
20234	Klothys, God of Destiny
20235	Kroxa, Titan of Death's Hunger
20236	Kunoros, Hound of Athreos
20237	Labyrinth of Skophos
20238	Mantle of the Wolf
20239	Nadir Kraken
20240	Nessian Boar
20241	Nightmare Shepherd
20242	Nylea's Intervention
20243	Nylea, Keen-Eyed
20244	Nyx Lotus
20245	Nyxbloom Ancient
20246	Ox of Agonas
20247	Phoenix of Ash
20248	Polukranos, Unchained
20249	Protean Thaumaturge
20250	Purphoros's Intervention
20251	Purphoros, Bronze-Blooded
20252	Setessan Champion
20253	Shadowspear
20254	Shatter the Sky
20255	Storm Herald
20256	Storm's Wrath
20257	Taranika, Akroan Veteran
20258	Tectonic Giant
20259	Thassa's Intervention
20260	Thassa's Oracle
20261	Thassa, Deep-Dwelling
20262	The Akroan War
20263	The First Iroan Games
20264	Thryx, the Sudden Storm
20265	Treacherous Blessing
20266	Tymaret Calls the Dead
20267	Underworld Breach
20268	Uro, Titan of Nature's Wrath
20269	Wavebreak Hippocamp
20270	Woe Strider
20271	Acolyte of Affliction
20272	Agonizing Remorse
20273	Alirios, Enraptured
20274	Alseid of Life's Bounty
20275	Altar of the Pantheon
20276	Anax, Hardened in the Forge
20277	Archon of Falling Stars
20278	Arena Trickster
20279	Ashiok's Forerunner
20280	Ashiok, Sculptor of Fears
20281	Aspect of Lamprey
20282	Aspect of Manticore
20283	Athreos, Shroud-Veiled
20284	Blight-Breath Catoblepas
20285	Blood Aspirant
20286	Brine Giant
20287	Bronze Sword
20288	Callaphe, Beloved of the Sea
20289	Captivating Unicorn
20290	Careless Celebrant
20291	Chain to Memory
20292	Chainweb Aracnir
20293	Cling to Dust
20294	Commanding Presence
20295	Dawn Evangel
20296	Daxos, Blessed by the Sun
20297	Daybreak Chimera
20298	Deathbellow War Cry
20299	Demon of Loathing
20300	Deny the Divine
20301	Destiny Spinner
20302	Devourer of Memory
20303	Discordant Piper
20304	Drag to the Underworld
20305	Dreadful Apathy
20306	Dreamshaper Shaman
20307	Dreamstalker Manticore
20308	Eidolon of Inspiration
20309	Eidolon of Philosophy
20310	Elite Instructor
20311	Elspeth's Devotee
20312	Elspeth's Nightmare
20313	Elspeth, Undaunted Hero
20314	Enemy of Enlightenment
20315	Entrancing Lyre
20316	Escape Velocity
20317	Eutropia the Twice-Favored
20318	Fateful End
20319	Favored of Iroas
20320	Final Death
20321	Final Flare
20322	Flicker of Fate
20323	Flummoxed Cyclops
20324	Fruit of Tizerus
20325	Funeral Rites
20326	Furious Rise
20327	Glimpse of Freedom
20328	Glory Bearers
20329	Grasping Giant
20330	Grim Physician
20331	Hateful Eidolon
20332	Heliod's Punishment
20333	Hero of the Games
20334	Hero of the Nyxborn
20335	Hero of the Pride
20336	Hero of the Winds
20337	Heroes of the Revel
20338	Hydra's Growth
20339	Hyrax Tower Scout
20340	Ichthyomorphosis
20341	Ilysian Caryatid
20342	Impending Doom
20343	Incendiary Oracle
20344	Inevitable End
20345	Inspire Awe
20346	Iroas's Blessing
20347	Ironscale Hydra
20348	Irreverent Revelers
20349	Karametra's Blessing
20350	Klothys's Design
20351	Lagonna-Band Storyteller
20352	Lampad of Death's Vigil
20353	Leonin of the Lost Pride
20354	Loathsome Chimera
20355	Medomai's Prophecy
20356	Memory Drain
20357	Mindwrack Harpy
20358	Minion's Return
20359	Mire Triton
20360	Mire's Grasp
20361	Mirror Shield
20362	Mischievous Chimera
20363	Mogis's Favor
20364	Moss Viper
20365	Mystic Repeal
20366	Naiad of Hidden Coves
20367	Nessian Hornbeetle
20368	Nessian Wanderer
20369	Nexus Wardens
20370	Nylea's Forerunner
20371	Nylea's Huntmaster
20372	Nyx Herald
20373	Nyxborn Brute
20374	Nyxborn Colossus
20375	Nyxborn Courser
20376	Nyxborn Marauder
20377	Nyxborn Seaguard
20378	Omen of the Dead
20379	Omen of the Forge
20380	Omen of the Hunt
20381	Omen of the Sea
20382	Omen of the Sun
20383	One with the Stars
20384	Oread of Mountain's Blaze
20385	Phalanx Tactics
20386	Pharika's Libation
20387	Pharika's Spawn
20388	Pheres-Band Brawler
20389	Pious Wayfarer
20390	Rage-Scarred Berserker
20391	Relentless Pursuit
20392	Renata, Called to the Hunt
20393	Reverent Hoplite
20394	Riptide Turtle
20395	Rise to Glory
20396	Rumbling Sentry
20397	Sage of Mysteries
20398	Satyr's Cunning
20399	Scavenging Harpy
20400	Sea God's Scorn
20401	Sentinel's Eyes
20402	Serpent of Yawning Depths
20403	Setessan Petitioner
20404	Setessan Skirmisher
20405	Setessan Training
20406	Shimmerwing Chimera
20407	Shoal Kraken
20408	Siona, Captain of the Pyleas
20409	Skola Grovedancer
20410	Skophos Maze-Warden
20411	Skophos Warleader
20412	Slaughter-Priest of Mogis
20413	Sleep of the Dead
20414	Soul-Guide Lantern
20415	Soulreaper of Mogis
20416	Sphinx Mindbreaker
20417	Staggering Insight
20418	Stampede Rider
20419	Starlit Mantle
20420	Stern Dismissal
20421	Stinging Lionfish
20422	Sunlit Hoplite
20423	Sunmane Pegasus
20424	Sweet Oblivion
20425	Swimmer in Nightmares
20426	Temple Thief
20427	Terror of Mount Velus
20428	Thaumaturge's Familiar
20429	The Binding of the Titans
20430	The Birth of Meletis
20431	The Triumph of Anax
20432	Thirst for Meaning
20433	Threnody Singer
20434	Thundering Chariot
20435	Towering-Wave Mystic
20436	Transcendent Envoy
20437	Treeshaker Chimera
20438	Triton Waverider
20439	Triumphant Surge
20440	Tymaret, Chosen from Death
20441	Underworld Charger
20442	Underworld Fires
20443	Underworld Rage-Hound
20444	Underworld Sentinel
20445	Venomous Hierophant
20446	Vexing Gull
20447	Victory's Envoy
20448	Voracious Typhon
20449	Warbriar Blessing
20450	Warden of the Chained
20451	Whirlwind Denial
20452	Wings of Hubris
20453	Witness of Tomorrows
20454	Wolfwillow Haven
20455	Acorn Stash
20456	Abstract Iguanart
20457	Acornelia, Fashionable Filcher
20458	Alexander Clamilton
20459	B.O.B. (Bevy of Beebles)
20460	Bat-
20461	Boomstacker
20462	Flavor Judge
20463	Infernius Spawnington III, Esq.
20464	Pippa, Duchess of Dice
20465	Rings a Bell
20466	Spirit of the Season
20467	Stet, Draconic Proofreader
20468	Strutting Turkey
20469	Surgeon General Commander
20470	Syr Cadian, Knight Owl
20471	Underdome
20472	Agitator Ant
20473	Akim, the Soaring Wind
20474	Avenging Huntbonder
20475	Bonder's Ornament
20476	Boneyard Mycodrax
20477	Brallin, Skyshark Rider
20478	Call the Coppercoats
20479	Capricopian
20480	Cartographer's Hawk
20481	Cazur, Ruthless Stalker
20482	Cryptic Trilobite
20483	Crystalline Resonance
20484	Curious Herd
20485	Daring Fiendbonder
20486	Deadly Rollick
20487	Decoy Gambit
20488	Deflecting Swat
20489	Dismantling Wave
20490	Dredge the Mire
20491	Eon Frolicker
20492	Ethereal Forager
20493	Fierce Guardianship
20494	Fireflux Squad
20495	Flawless Maneuver
20496	Frontier Warmonger
20497	Gavi, Nest Warden
20498	Glademuse
20499	Haldan, Avid Arcanist
20500	Herald of the Forgotten
20501	Jirina Kudro
20502	Kalamax, the Stormsire
20503	Kathril, Aspect Warper
20504	Kelsien, the Plague
20505	Lavabrink Floodgates
20506	Manascape Refractor
20507	Martial Impetus
20508	Mindleecher
20509	Molten Echoes
20510	Nascent Metamorph
20511	Nesting Grounds
20512	Netherborn Altar
20513	Nikara, Lair Scavenger
20514	Obscuring Haze
20515	Otrimi, the Ever-Playful
20516	Pako, Arcane Retriever
20517	Parasitic Impetus
20518	Predatory Impetus
20519	Psychic Impetus
20520	Ravenous Gigantotherium
20521	Sanctuary Blade
20522	Sawtusk Demolisher
20523	Selective Adaptation
20524	Shabraz, the Skyshark
20525	Shiny Impetus
20526	Silvar, Devourer of the Free
20527	Slippery Bogbonder
20528	Souvenir Snatcher
20529	Species Specialist
20530	Spellpyre Phoenix
20531	Surly Badgersaur
20532	Tayam, Luminous Enigma
20533	Tidal Barracuda
20534	Titan Hunter
20535	Trynn, Champion of Freedom
20536	Twinning Staff
20537	Ukkima, Stalking Shadow
20538	Verge Rangers
20539	Vitality Hunter
20540	Xyris, the Writhing Storm
20541	Yannik, Scavenging Sentinel
20542	Zaxara, the Exemplary
20543	Adaptive Shimmerer
20544	Aegis Turtle
20545	Alert Heedbonder
20546	Almighty Brushwagg
20547	Archipelagore
20548	Auspicious Starrix
20549	Avian Oddity
20550	Back for More
20551	Barrier Breach
20552	Bastion of Remembrance
20553	Blade Banish
20554	Blisterspit Gremlin
20555	Blitz Leech
20556	Blitz of the Thunder-Raptor
20557	Blood Curdle
20558	Bonders' Enclave
20559	Boneyard Lurker
20560	Boon of the Wish-Giver
20561	Boot Nipper
20562	Brokkos, Apex of Forever
20563	Bushmeat Poacher
20564	Call of the Death-Dweller
20565	Cavern Whisperer
20566	Channeled Force
20567	Charge of the Forever-Beast
20568	Checkpoint Officer
20569	Chevill, Bane of Monsters
20570	Chittering Harvester
20571	Clash of Titans
20572	Cloudpiercer
20573	Colossification
20574	Coordinated Charge
20575	Crystacean
20576	Crystalline Giant
20577	Cubwarden
20578	Cunning Nightbonder
20579	Daysquad Marshal
20580	Death's Oasis
20581	Dire Tactics
20582	Dirge Bat
20583	Drannith Healer
20584	Drannith Magistrate
20585	Drannith Stinger
20586	Dreamtail Heron
20587	Durable Coilbug
20588	Duskfang Mentor
20589	Easy Prey
20590	Eerie Ultimatum
20591	Emergent Ultimatum
20592	Escape Protocol
20593	Essence Symbiote
20594	Everquill Phoenix
20595	Excavation Mole
20596	Extinction Event
20597	Exuberant Wolfbear
20598	Facet Reader
20599	Farfinder
20600	Ferocious Tigorilla
20601	Fiend Artisan
20602	Fight as One
20603	Fire Prophecy
20604	Flame Spill
20605	Flourishing Fox
20606	Flycatcher Giraffid
20607	Footfall Crater
20608	Forbidden Friendship
20609	Frillscare Mentor
20610	Frondland Felidar
20611	Frostveil Ambush
20612	Fully Grown
20613	Garrison Cat
20614	Gemrazer
20615	General Kudro of Drannith
20616	General's Enforcer
20617	Genesis Ultimatum
20618	Glimmerbell
20619	Gloom Pangolin
20620	Glowstone Recluse
20621	Go for Blood
20622	Grimdancer
20623	Gust of Wind
20624	Gyruda, Doom of Depths
20625	Hampering Snare
20626	Heartless Act
20627	Heightened Reflexes
20628	Helica Glider
20629	Honey Mammoth
20630	Hornbash Mentor
20631	Humble Naturalist
20632	Hunted Nightmare
20633	Huntmaster Liger
20634	Illuna, Apex of Wishes
20635	Imposing Vantasaur
20636	Indatha Crystal
20637	Indatha Triome
20638	Insatiable Hemophage
20639	Inspired Ultimatum
20640	Jegantha, the Wellspring
20641	Jubilant Skybonder
20642	Kaheera, the Orphanguard
20643	Keensight Mentor
20644	Keep Safe
20645	Keruga, the Macrosage
20646	Ketria Crystal
20647	Ketria Triome
20648	Kinnan, Bonder Prodigy
20649	Kogla, the Titan Ape
20650	Labyrinth Raptor
20651	Lava Serpent
20652	Lavabrink Venturer
20653	Light of Hope
20654	Lore Drakkis
20655	Lukka, Coppercoat Outcast
20656	Luminous Broodmoth
20657	Lurking Deadeye
20658	Lurrus of the Dream-Den
20659	Lutri, the Spellchaser
20660	Majestic Auricorn
20661	Maned Serval
20662	Memory Leak
20663	Migration Path
20664	Migratory Greathorn
20665	Momentum Rumbler
20666	Monstrous Step
20667	Mosscoat Goriak
20668	Mutual Destruction
20669	Mysterious Egg
20670	Mystic Subdual
20671	Mythos of Brokkos
20672	Mythos of Illuna
20673	Mythos of Nethroi
20674	Mythos of Snapdax
20675	Mythos of Vadrok
20676	Narset of the Ancient Way
20677	Necropanther
20678	Nethroi, Apex of Death
20679	Neutralize
20680	Nightsquad Commando
20681	Obosh, the Preypiercer
20682	Of One Mind
20683	Offspring's Revenge
20684	Ominous Seas
20685	Parcelbeast
20686	Patagia Tiger
20687	Perimeter Sergeant
20688	Phase Dolphin
20689	Pollywog Symbiote
20690	Porcuparrot
20691	Pouncing Shoreshark
20692	Prickly Marmoset
20693	Primal Empathy
20694	Proud Wildbonder
20695	Pyroceratops
20696	Quartzwood Crasher
20697	Raking Claws
20698	Ram Through
20699	Raugrin Crystal
20700	Raugrin Triome
20701	Reconnaissance Mission
20702	Regal Leosaur
20703	Reptilian Reflection
20704	Rielle, the Everwise
20705	Rooting Moloch
20706	Ruinous Ultimatum
20707	Rumbling Rockslide
20708	Sanctuary Lockdown
20709	Sanctuary Smasher
20710	Savai Crystal
20711	Savai Sabertooth
20712	Savai Thundermane
20713	Savai Triome
20714	Sea-Dasher Octopus
20715	Serrated Scorpion
20716	Shark Typhoon
20717	Shredded Sails
20718	Skull Prophet
20719	Skycat Sovereign
20720	Sleeper Dart
20721	Slitherwisp
20722	Snapdax, Apex of the Hunt
20723	Snare Tactician
20724	Solid Footing
20725	Song of Creation
20726	Sonorous Howlbonder
20727	Spelleater Wolverine
20728	Splendor Mare
20729	Spontaneous Flight
20730	Springjaw Trap
20731	Sprite Dragon
20732	Startling Development
20733	Stormwild Capridor
20734	Sudden Spinnerets
20735	Suffocating Fumes
20736	Survivors' Bond
20737	Swallow Whole
20738	Tentative Connection
20739	The Ozolith
20740	Thieving Otter
20741	Thwart the Enemy
20742	Titanoth Rex
20743	Titans' Nest
20744	Trumpeting Gnarr
20745	Umori, the Collector
20746	Unbreakable Bond
20747	Unexpected Fangs
20748	Unpredictable Cyclone
20749	Vadrok, Apex of Thunder
20750	Valiant Rescuer
20751	Vivien, Monsters' Advocate
20752	Void Beckoner
20753	Voracious Greatshark
20754	Vulpikeet
20755	Weaponize the Monsters
20756	Whirlwind of Thought
20757	Whisper Squad
20758	Will of the All-Hunter
20759	Wilt
20760	Wingfold Pteron
20761	Wingspan Mentor
20762	Winota, Joiner of Forces
20763	Yidaro, Wandering Monster
20764	Yorion, Sky Nomad
20765	Zagoth Crystal
20766	Zagoth Mamba
20767	Zagoth Triome
20768	Zenith Flare
20769	Zilortha, Strength Incarnate
20770	Zirda, the Dawnwaker
20771	Adherent of Hope
20772	Alchemist's Gift
20773	Alpine Houndmaster
20774	Alpine Watchdog
20775	Angelic Ascension
20776	Animal Sanctuary
20777	Anointed Chorister
20778	Archfiend's Vessel
20779	Aven Gagglemaster
20780	Bad Deal
20781	Barrin, Tolarian Archmage
20782	Basri Ket
20783	Basri's Acolyte
20784	Basri's Aegis
20785	Basri's Lieutenant
20786	Basri's Solidarity
20787	Basri, Devoted Paladin
20788	Blood Glutton
20789	Bolt Hound
20790	Bone Pit Brute
20791	Brash Taunter
20792	Burlfist Oak
20793	Caged Zombie
20794	Canopy Stalker
20795	Carrion Grub
20796	Celestial Enforcer
20797	Chandra's Firemaw
20798	Chandra's Incinerator
20799	Chandra's Magmutt
20800	Chandra's Pyreling
20801	Chandra, Flame's Catalyst
20802	Chandra, Heart of Fire
20803	Chromatic Orrery
20804	Chrome Replicator
20805	Conclave Mentor
20806	Conspicuous Snoop
20807	Crypt Lurker
20808	Daybreak Charger
20809	Demonic Embrace
20810	Dire Fleet Warmonger
20811	Discontinuity
20812	Double Vision
20813	Drowsing Tyrannodon
20814	Elder Gargaroth
20815	Eliminate
20816	Enthralling Hold
20817	Experimental Overload
20818	Falconer Adept
20819	Feline Sovereign
20820	Fiery Emancipation
20821	Finishing Blow
20822	Forgotten Sentinel
20823	Frantic Inventory
20824	Fungal Rebirth
20825	Gadrak, the Crown-Scourge
20826	Gale Swooper
20827	Garruk's Gorehorn
20828	Garruk's Harbinger
20829	Garruk's Uprising
20830	Garruk's Warsteed
20831	Garruk, Savage Herald
20832	Garruk, Unleashed
20833	Ghostly Pilferer
20834	Gloom Sower
20835	Gnarled Sage
20836	Goblin Wizardry
20837	Goremand
20838	Griffin Aerie
20839	Havoc Jester
20840	Heartfire Immolator
20841	Hellkite Punisher
20842	Historian of Zhalfir
20843	Hobblefiend
20844	Hooded Blightfang
20845	Hunter's Edge
20846	Idol of Endurance
20847	Igneous Cur
20848	Indulging Patrician
20849	Invigorating Surge
20850	Jolrael, Mwonvuli Recluse
20851	Kaervek, the Spiteful
20852	Keen Glidemaster
20853	Keral Keep Disciples
20854	Kinetic Augur
20855	Leafkin Avenger
20856	Library Larcenist
20857	Light of Promise
20858	Liliana's Devotee
20859	Liliana's Scorn
20860	Liliana's Scrounger
20861	Liliana's Standard Bearer
20862	Liliana's Steward
20863	Liliana, Death Mage
20864	Liliana, Waker of the Dead
20865	Llanowar Visionary
20866	Lofty Denial
20867	Malefic Scythe
20868	Mangara, the Diplomat
20869	Masked Blackguard
20870	Mazemind Tome
20871	Miscast
20872	Mistral Singer
20873	Mystic Skyfish
20874	Necromentia
20875	Niambi, Esteemed Speaker
20876	Nine Lives
20877	Obsessive Stitcher
20878	Ornery Dilophosaur
20879	Pack Leader
20880	Peer into the Abyss
20881	Pestilent Haze
20882	Predatory Wurm
20883	Pridemalkin
20884	Primal Might
20885	Pursued Whale
20886	Radha, Heart of Keld
20887	Rambunctious Mutt
20888	Read the Tides
20889	Rin and Seri, Inseparable
20890	Rise Again
20891	Roaming Ghostlight
20892	Rookie Mistake
20893	Rousing Read
20894	Run Afoul
20895	Sabertooth Mauler
20896	Sanctum of All
20897	Sanctum of Calm Waters
20898	Sanctum of Fruitful Harvest
20899	Sanctum of Shattered Heights
20900	Sanctum of Stone Fangs
20901	Sanctum of Tranquil Light
20902	Sanguine Indulgence
20903	Seasoned Hallowblade
20904	Secure the Scene
20905	See the Truth
20906	Selfless Savior
20907	Shacklegeist
20908	Shipwreck Dowser
20909	Siege Striker
20910	Sigiled Contender
20911	Silversmote Ghoul
20912	Skyway Sniper
20913	Soul Sear
20914	Sparkhunter Masticore
20915	Speaker of the Heavens
20916	Spined Megalodon
20917	Spirit of Malevolence
20918	Sporeweb Weaver
20919	Staunch Shieldmate
20920	Storm Caller
20921	Stormwing Entity
20922	Subira, Tulzidi Caravanner
20923	Sublime Epiphany
20924	Swift Response
20925	Teferi's Ageless Insight
20926	Teferi's Protege
20927	Teferi's Tutelage
20928	Teferi's Wavecaster
20929	Teferi, Master of Time
20930	Teferi, Timeless Voyager
20931	Tempered Veteran
20932	Terror of the Peaks
20933	Thieves' Guild Enforcer
20934	Tide Skimmer
20935	Tolarian Kraken
20936	Tome Anima
20937	Track Down
20938	Traitorous Greed
20939	Transmogrify
20940	Trufflesnout
20941	Twinblade Assassins
20942	Unleash Fury
20943	Valorous Steed
20944	Village Rites
20945	Vito, Thorn of the Dusk Rose
20946	Volcanic Salvo
20947	Waker of Waves
20948	Warded Battlements
20949	Warden of the Woods
20950	Watcher of the Spheres
20951	Wildwood Patrol
20952	Wildwood Scourge
20953	Witch's Cauldron
20954	Allosaurus Shepherd
20955	Archaeomender
20956	Blessed Sanctuary
20957	Branching Evolution
20958	Brightmare
20959	Bruvac the Grandiloquent
20960	Chained Brute
20961	Corsair Captain
20962	Emiel the Blessed
20963	Immolating Gyre
20964	Inniaz, the Gale Force
20965	Kels, Fight Fixer
20966	Lightning Phoenix
20967	Lightning Visionary
20968	Lightning-Core Excavator
20969	Living Lightning
20970	Muxus, Goblin Grandee
20971	Neyith of the Dire Hunt
20972	Nocturnal Feeder
20973	Ormos, Archive Keeper
20974	Release the Dogs
20975	Scholar of the Lost Trove
20976	Sethron, Hurloon General
20977	Spiteful Prankster
20978	Steel-Plume Marshal
20979	Stone Haven Pilgrim
20980	Supply Runners
20981	Thriving Bluff
20982	Thriving Grove
20983	Thriving Heath
20984	Thriving Isle
20985	Thriving Moor
20986	Tinybones, Trinket Thief
20987	Towering Titan
20988	Trusty Retriever
20989	Witch of the Moors
20990	Zurzoth, Chaos Rider
20991	Champions of Archery // Join the Group
20992	Collectigull // Only the Best
20993	Fabled Path of Searo Point
20994	Keeper of the Secret Lair
20995	Myntasha, Honored One
20996	The Cinematic Phoenix
20997	War of the Spark
20998	Baloth Packhunter
20999	Compound Fracture
21000	Hallowed Priest
21001	Mardu Outrider
21002	Shorecomber Crab
21003	Tin Street Cadet
21004	Agadeem's Awakening // Agadeem, the Undercrypt
21005	Akiri, Fearless Voyager
21006	Ancient Greenwarden
21007	Angel of Destiny
21008	Archon of Emeria
21009	Archpriest of Iona
21010	Ashaya, Soul of the Wild
21011	Branchloft Pathway // Boulderloft Pathway
21012	Brightclimb Pathway // Grimclimb Pathway
21013	Charix, the Raging Isle
21014	Clearwater Pathway // Murkwater Pathway
21015	Confounding Conundrum
21016	Coralhelm Chronicler
21017	Coveted Prize
21018	Cragcrown Pathway // Timbercrown Pathway
21019	Cragplate Baloth
21020	Crawling Barrens
21021	Drana, the Last Bloodchief
21022	Emeria's Call // Emeria, Shattered Skyclave
21023	Felidar Retreat
21024	Forsaken Monument
21025	Glasspool Mimic // Glasspool Shore
21026	Grakmaw, Skyclave Ravager
21027	Hagra Mauling // Hagra Broodpit
21028	Inscription of Abundance
21029	Inscription of Insight
21030	Inscription of Ruin
21031	Jace, Mirror Mage
21032	Kargan Intimidator
21033	Kaza, Roil Chaser
21034	Kazandu Mammoth // Kazandu Valley
21035	Legion Angel
21036	Leyline Tyrant
21037	Linvala, Shield of Sea Gate
21038	Lithoform Engine
21039	Luminarch Aspirant
21040	Maddening Cacophony
21041	Magmatic Channeler
21042	Master of Winds
21043	Maul of the Skyclaves
21044	Moraug, Fury of Akoum
21045	Myriad Construct
21046	Nahiri's Lithoforming
21047	Nahiri, Heir of the Ancients
21048	Needleverge Pathway // Pillarverge Pathway
21049	Nighthawk Scavenger
21050	Nimble Trapfinder
21051	Nissa of Shadowed Boughs
21052	Nullpriest of Oblivion
21053	Omnath, Locus of Creation
21054	Ondu Inversion // Ondu Skyruins
21055	Orah, Skyclave Hierophant
21056	Oran-Rief Ooze
21057	Phylath, World Sculptor
21058	Relic Robber
21059	Riverglide Pathway // Lavaglide Pathway
21060	Roiling Vortex
21061	Scourge of the Skyclaves
21062	Scute Swarm
21063	Sea Gate Restoration // Sea Gate, Reborn
21064	Sea Gate Stormcaller
21065	Shadows' Verdict
21066	Shatterskull Charger
21067	Shatterskull Smashing // Shatterskull, the Hammer Pass
21068	Skyclave Apparition
21069	Skyclave Relic
21070	Skyclave Shade
21071	Soul Shatter
21072	Squad Commander
21073	Swarm Shambler
21074	Taborax, Hope's Demise
21075	Tajuru Paragon
21076	Tazri, Beacon of Unity
21077	Thieving Skydiver
21078	Throne of Makindi
21079	Turntimber Symbiosis // Turntimber, Serpentine Wood
21080	Valakut Awakening // Valakut Stoneforge
21081	Valakut Exploration
21082	Verazol, the Split Current
21083	Wayward Guide-Beast
21084	Yasharn, Implacable Earth
21085	Zagras, Thief of Heartbeats
21086	Zareth San, the Trickster
21087	Double-Faced Substitute Card
21088	Anowon, the Ruin Thief
21089	Enigma Thief
21090	Geode Rager
21091	Obuun, Mul Daya Ancestor
21092	Trove Warden
21093	Whispersteel Dagger
21094	Acquisitions Expert
21095	Adventure Awaits
21096	Akoum Hellhound
21097	Akoum Warrior // Akoum Teeth
21098	Allied Assault
21099	Angelheart Protector
21100	Anticognition
21101	Ardent Electromancer
21102	Attended Healer
21103	Bala Ged Recovery // Bala Ged Sanctuary
21104	Base Camp
21105	Beyeen Veil // Beyeen Coast
21106	Blackbloom Rogue // Blackbloom Bog
21107	Blood Beckoning
21108	Blood Price
21109	Bloodchief's Thirst
21110	Broken Wings
21111	Brushfire Elemental
21112	Bubble Snare
21113	Canopy Baloth
21114	Canyon Jerboa
21115	Cascade Seer
21116	Chilling Trap
21117	Cinderclasm
21118	Cleansing Wildfire
21119	Cleric of Chill Depths
21120	Cleric of Life's Bond
21121	Cliffhaven Kitesail
21122	Cliffhaven Sell-Sword
21123	Concerted Defense
21124	Cunning Geysermage
21125	Dauntless Survivor
21126	Dauntless Unity
21127	Deadly Alliance
21128	Deliberate
21129	Demon's Disciple
21130	Drana's Silencer
21131	Dreadwurm
21132	Emeria Captain
21133	Expedition Champion
21134	Expedition Diviner
21135	Expedition Healer
21136	Expedition Skulker
21137	Farsight Adept
21138	Fearless Fledgling
21139	Feed the Swarm
21140	Field Research
21141	Fireblade Charger
21142	Fissure Wizard
21143	Ghastly Gloomhunter
21144	Glacial Grasp
21145	Gnarlid Colony
21146	Goma Fada Vanguard
21147	Grotag Bug-Catcher
21148	Grotag Night-Runner
21149	Guul Draz Mucklord
21150	Hagra Constrictor
21151	Highborn Vampire
21152	Inordinate Rage
21153	Iridescent Hornbeetle
21154	Joraga Visionary
21155	Journey to Oblivion
21156	Jwari Disruption // Jwari Ruins
21157	Kabira Outrider
21158	Kabira Takedown // Kabira Plateau
21159	Kargan Warleader
21160	Kazandu Nectarpot
21161	Kazandu Stomper
21162	Kazuul's Fury // Kazuul's Cliffs
21163	Khalni Ambush // Khalni Territory
21164	Kitesail Cleric
21165	Kor Blademaster
21166	Kor Celebrant
21167	Lithoform Blight
21168	Living Tempest
21169	Lullmage's Domination
21170	Lullmage's Familiar
21171	Makindi Ox
21172	Makindi Stampede // Makindi Mesas
21173	Malakir Blood-Priest
21174	Malakir Rebirth // Malakir Mire
21175	Marauding Blight-Priest
21176	Merfolk Falconer
21177	Merfolk Windrobber
21178	Mesa Lynx
21179	Might of Murasa
21180	Mind Carver
21181	Mind Drain
21182	Molten Blast
21183	Moss-Pit Skeleton
21184	Murasa Brute
21185	Murasa Rootgrazer
21186	Murasa Sproutling
21187	Nahiri's Binding
21188	Nimana Skitter-Sneak
21189	Nimana Skydancer
21190	Nissa's Zendikon
21191	Oblivion's Hunger
21192	Paired Tactician
21193	Pelakka Predation // Pelakka Caverns
21194	Practiced Tactics
21195	Prowling Felidar
21196	Pyroclastic Hellion
21197	Ravager's Mace
21198	Reclaim the Wastes
21199	Relic Amulet
21200	Relic Axe
21201	Relic Golem
21202	Relic Vial
21203	Resolute Strike
21204	Risen Riptide
21205	Rockslide Sorcerer
21206	Roil Eruption
21207	Roiling Regrowth
21208	Roost of Drakes
21209	Ruin Crab
21210	Scale the Heights
21211	Scavenged Blade
21212	Scion of the Swarm
21213	Scorch Rider
21214	Sea Gate Banneret
21215	Sea Gate Colossus
21216	Seafloor Stalker
21217	Sejiri Shelter // Sejiri Glacier
21218	Shadow Stinger
21219	Shatterskull Minotaur
21220	Shell Shield
21221	Shepherd of Heroes
21222	Silundi Vision // Silundi Isle
21223	Sizzling Barrage
21224	Skyclave Cleric // Skyclave Basilica
21225	Skyclave Geopede
21226	Skyclave Pick-Axe
21227	Skyclave Plunder
21228	Skyclave Sentinel
21229	Skyclave Shadowcat
21230	Skyclave Squid
21231	Sneaking Guide
21232	Soaring Thought-Thief
21233	Song-Mad Treachery // Song-Mad Ruins
21234	Spare Supplies
21235	Spikefield Hazard // Spikefield Cave
21236	Spitfire Lagac
21237	Spoils of Adventure
21238	Springmantle Cleric
21239	Stonework Packbeast
21240	Strength of Solidarity
21241	Sure-Footed Infiltrator
21242	Synchronized Spellcraft
21243	Tajuru Blightblade
21244	Tajuru Snarecaster
21245	Tangled Florahedron // Tangled Vale
21246	Taunting Arbormage
21247	Tazeem Raptor
21248	Tazeem Roilmage
21249	Teeterpeak Ambusher
21250	Territorial Scythecat
21251	Thundering Rebuke
21252	Thundering Sparkmage
21253	Thwart the Grave
21254	Tuktuk Rubblefort
21255	Turntimber Ascetic
21256	Umara Mystic
21257	Umara Wizard // Umara Skyfalls
21258	Utility Knife
21259	Vastwood Fortification // Vastwood Thicket
21260	Vastwood Surge
21261	Veteran Adventurer
21262	Vine Gecko
21263	Windrider Wizard
21264	Zof Consumption // Zof Bloodbog
21265	Zulaport Duelist
21266	Enkira, Hostile Scavenger
21267	Gisa's Favorite Shovel
21268	Gregor, Shrewd Magistrate
21269	Greymond, Avacyn's Stalwart
21270	Hansk, Slayer Zealot
21271	Malik, Grim Manipulator
21272	Abomination of Llanowar
21273	Aesi, Tyrant of Gyre Strait
21274	Akroma's Will
21275	Akroma, Vision of Ixidor
21276	Alena, Kessig Trapper
21277	Alharu, Solemn Ritualist
21278	Amareth, the Lustrous
21279	Amphin Mutineer
21280	Anara, Wolvid Familiar
21281	Annoyed Altisaur
21282	Anointer of Valor
21283	Apex Devastator
21284	Araumi of the Dead Tide
21285	Archelos, Lagoon Mystic
21286	Archon of Coronation
21287	Ardenn, Intrepid Archaeologist
21288	Armix, Filigree Thrasher
21289	Armored Skyhunter
21290	Aurora Phoenix
21291	Averna, the Chaos Bloom
21292	Azure Fleet Admiral
21293	Belbe, Corrupted Observer
21294	Bell Borca, Spectral Sergeant
21295	Benevolent Blessing
21296	Biowaste Blob
21297	Bladegriff Prototype
21298	Blazing Sunsteel
21299	Blim, Comedic Genius
21300	Boarding Party
21301	Body of Knowledge
21302	Breeches, Brazen Plunderer
21303	Briarblade Adept
21304	Brinelin, the Moon Kraken
21305	Captain Vargus Wrath
21306	Coastline Marauders
21307	Coercive Recruiter
21308	Colfenor, the Last Yew
21309	Commander's Plate
21310	Court of Ambition
21311	Court of Bounty
21312	Court of Cunning
21313	Court of Grace
21314	Court of Ire
21315	Crimson Fleet Commodore
21316	Dargo, the Shipwrecker
21317	Dawnglade Regent
21318	Demonic Lore
21319	Eligeth, Crossroads Augur
21320	Elvish Doomsayer
21321	Elvish Dreadlord
21322	Emberwilde Captain
21323	Esior, Wardwing Familiar
21324	Explosion of Riches
21325	Exquisite Huntmaster
21326	Eyeblight Cullers
21327	Fall from Favor
21328	Falthis, Shadowcat Familiar
21329	Fathom Fleet Swordjack
21330	Feast of Succession
21331	Fin-Clade Fugitives
21332	Flamekin Herald
21333	Forceful Denial
21334	Frenzied Saddlebrute
21335	Ghen, Arcanum Weaver
21336	Ghost of Ramirez DePietro
21337	Gilanra, Caller of Wirewood
21338	Glacian, Powerstone Engineer
21339	Gnostro, Voice of the Crags
21340	Gor Muldrak, Amphinologist
21341	Guildless Commons
21342	Halana, Kessig Ranger
21343	Hamza, Guardian of Arashin
21344	Hans Eriksson
21345	Hellkite Courser
21346	Horizon Stone
21347	Hullbreacher
21348	Ich-Tekik, Salvage Splicer
21349	Imoti, Celebrant of Bounty
21350	Impulsive Pilferer
21351	Ingenuity Engine
21352	Jared Carthalion, True Heir
21353	Jeska's Will
21354	Jeska, Thrice Reborn
21355	Jeweled Lotus
21356	Juri, Master of the Revue
21357	Kamahl's Will
21358	Kamahl, Heart of Krosa
21359	Kangee's Lieutenant
21360	Kangee, Sky Warden
21361	Kediss, Emberclaw Familiar
21362	Keeper of the Accord
21363	Keleth, Sunmane Familiar
21364	Keskit, the Flesh Sculptor
21365	Kinsbaile Courier
21366	Kitesail Skirmisher
21367	Kodama of the East Tree
21368	Krark, the Thumbless
21369	Kwain, Itinerant Meddler
21370	Laboratory Drudge
21371	Lathiel, the Bounteous Dawn
21372	Liesa, Shroud of Dusk
21373	Livio, Oathsworn Sentinel
21374	Maelstrom Colossus
21375	Magus of the Order
21376	Malcolm, Keen-Eyed Navigator
21377	Merchant Raiders
21378	Meteoric Mace
21379	Miara, Thorn of the Glade
21380	Mnemonic Deluge
21381	Nadier's Nightblade
21382	Nadier, Agent of the Duskenel
21383	Natural Reclamation
21384	Necrotic Hex
21385	Nevinyrral, Urborg Tyrant
21386	Nightshade Harvester
21387	Numa, Joraga Chieftain
21388	Nymris, Oona's Trickster
21389	Obeka, Brute Chronologist
21390	Opposition Agent
21391	Phyrexian Triniform
21392	Plague Reaver
21393	Port Razer
21394	Prava of the Steel Legion
21395	Pride of the Perfect
21396	Profane Transfusion
21397	Promise of Tomorrow
21398	Radiant, Serra Archangel
21399	Rakshasa Debaser
21400	Rebbec, Architect of Ascension
21401	Rejuvenating Springs
21402	Reshape the Earth
21403	Reyav, Master Smith
21404	Rograkh, Son of Rohgahh
21405	Rootweaver Druid
21406	Sakashima of a Thousand Faces
21407	Sakashima's Protege
21408	Sakashima's Will
21409	Sengir, the Dark Baron
21410	Seraphic Greatsword
21411	Siani, Eye of the Storm
21412	Slash the Ranks
21413	Slurrk, All-Ingesting
21414	Soul of Eternity
21415	Soulfire Eruption
21416	Spectator Seating
21417	Sphinx of the Second Sun
21418	Staunch Throneguard
21419	Stumpsquall Hydra
21420	Sweet-Gum Recluse
21421	Szat's Will
21422	Tevesh Szat, Doom of Fools
21423	Thalisse, Reverent Medium
21424	The Prismatic Piper
21425	Timely Ward
21426	Toggo, Goblin Weaponsmith
21427	Tormod, the Desecrator
21428	Training Center
21429	Trench Behemoth
21430	Triumphant Reckoning
21431	Trove Tracker
21432	Tuya Bearclaw
21433	Undergrowth Stadium
21434	Vault of Champions
21435	Volcanic Torrent
21436	Vow of Torment
21437	War Room
21438	Wheel of Misfortune
21439	Wrong Turn
21440	Wyleth, Soul of Steel
21441	Yurlok of Scorch Thrash
21442	Zara, Renegade Recruiter
21443	Topdeck the Halls
21444	Bounty of Skemfar
21445	Cosmic Intervention
21446	Crown of Skemfar
21447	Elderfang Venom
21448	Ethereal Valkyrie
21449	Hero of Bretagard
21450	Lathril, Blade of the Elves
21451	Pact of the Serpent
21452	Ranar the Ever-Watchful
21453	Ruthless Winnower
21454	Sage of the Beyond
21455	Serpent's Soul-Jar
21456	Spectral Deluge
21457	Stoic Farmer
21458	Tales of the Ancestors
21459	Wolverine Riders
21460	Absorb Identity
21461	Aegar, the Freezing Flame
21462	Alpine Meadow
21463	Alrund's Epiphany
21464	Alrund, God of the Cosmos // Hakka, Whispering Raven
21465	Arachnoform
21466	Arctic Treeline
21467	Armed and Armored
21468	Arni Brokenbrow
21469	Arni Slays the Troll
21470	Ascendant Spirit
21471	Ascent of the Worthy
21472	Augury Raven
21473	Avalanche Caller
21474	Axgard Armory
21475	Axgard Braggart
21476	Axgard Cavalry
21477	Barkchannel Pathway // Tidechannel Pathway
21478	Basalt Ravager
21479	Battershield Warrior
21480	Battle Mammoth
21481	Battle for Bretagard
21482	Battle of Frost and Fire
21483	Battlefield Raptor
21484	Bearded Axe
21485	Behold the Multiverse
21486	Berg Strider
21487	Beskir Shieldmate
21488	Bind the Monster
21489	Binding the Old Gods
21490	Birgi, God of Storytelling // Harnfel, Horn of Bounty
21491	Blessing of Frost
21492	Blightstep Pathway // Searstep Pathway
21493	Blizzard Brawl
21494	Blood on the Snow
21495	Bloodline Pretender
21496	Bloodsky Berserker
21497	Boreal Outrider
21498	Bound in Gold
21499	Breakneck Berserker
21500	Bretagard Stronghold
21501	Brinebarrow Intruder
21502	Burning-Rune Demon
21503	Calamity Bearer
21504	Canopy Tactician
21505	Cinderheart Giant
21506	Clarion Spirit
21507	Cleaving Reaper
21508	Codespell Cleric
21509	Colossal Plow
21510	Cosima, God of the Voyage // The Omenkeel
21511	Cosmos Charger
21512	Cosmos Elixir
21513	Craven Hulk
21514	Crippling Fear
21515	Crush the Weak
21516	Cyclone Summoner
21517	Darkbore Pathway // Slitherbore Pathway
21518	Deathknell Berserker
21519	Demon Bolt
21520	Demonic Gifts
21521	Depart the Realm
21522	Divine Gambit
21523	Dogged Pursuit
21524	Doomskar
21525	Doomskar Oracle
21526	Doomskar Titan
21527	Dragonkin Berserker
21528	Draugr Necromancer
21529	Draugr Recruiter
21530	Draugr Thought-Thief
21531	Draugr's Helm
21532	Dread Rider
21533	Dream Devourer
21534	Dual Strike
21535	Duskwielder
21536	Dwarven Hammer
21537	Dwarven Reinforcements
21538	Egon, God of Death // Throne of Death
21539	Elderfang Disciple
21540	Elderfang Ritualist
21541	Elderleaf Mentor
21542	Elven Ambush
21543	Elven Bow
21544	Elvish Warmaster
21545	Eradicator Valkyrie
21546	Esika's Chariot
21547	Esika, God of the Tree // The Prismatic Bridge
21548	Faceless Haven
21549	Fall of the Impostor
21550	Fearless Liberator
21551	Fearless Pup
21552	Feed the Serpent
21553	Fire Giant's Fury
21554	Firja's Retribution
21555	Firja, Judge of Valor
21556	Forging the Tyrite Sword
21557	Frenzied Raider
21558	Frost Augur
21559	Frost Bite
21560	Frostpeak Yeti
21561	Frostpyre Arcanist
21562	Funeral Longboat
21563	Fynn, the Fangbearer
21564	Gates of Istfell
21565	Giant Ox
21566	Giant's Amulet
21567	Giant's Grasp
21568	Gilded Assault Cart
21569	Glacial Floodplain
21570	Gladewalker Ritualist
21571	Glimpse the Cosmos
21572	Glittering Frost
21573	Glorious Protector
21574	Gnottvold Recluse
21575	Gnottvold Slumbermound
21576	Gods' Hall Guardian
21577	Goldmaw Champion
21578	Goldspan Dragon
21579	Goldvein Pick
21580	Graven Lore
21581	Great Hall of Starnheim
21582	Grim Draugr
21583	Grizzled Outrider
21584	Guardian Gladewalker
21585	Hagi Mob
21586	Hailstorm Valkyrie
21587	Halvar, God of Battle // Sword of the Realms
21588	Harald Unites the Elves
21589	Harald, King of Skemfar
21590	Haunting Voyage
21591	Hengegate Pathway // Mistgate Pathway
21592	Highland Forest
21593	Horizon Seeker
21594	Ice Tunnel
21595	Icebind Pillar
21596	Icebreaker Kraken
21597	Icehide Troll
21598	Immersturm Predator
21599	Immersturm Raider
21600	Immersturm Skullcairn
21601	In Search of Greatness
21602	Infernal Pet
21603	Inga Rune-Eyes
21604	Invasion of the Giants
21605	Iron Verdict
21606	Jarl of the Forsaken
21607	Jaspera Sentinel
21608	Jorn, God of Winter // Kaldring, the Rimestaff
21609	Kardur's Vicious Return
21610	Kardur, Doomscourge
21611	Karfell Harbinger
21612	Karfell Kennel-Master
21613	Kaya the Inexorable
21614	Kaya's Onslaught
21615	King Harald's Revenge
21616	King Narfi's Betrayal
21617	Koll, the Forgemaster
21618	Kolvori, God of Kinship // The Ringhart Crest
21619	Koma's Faithful
21620	Koma, Cosmos Serpent
21621	Littjara Glade-Warden
21622	Littjara Kinseekers
21623	Littjara Mirrorlake
21624	Magda, Brazen Outlaw
21625	Maja, Bretagard Protector
21626	Mammoth Growth
21627	Masked Vandal
21628	Maskwood Nexus
21629	Master Skald
21630	Mists of Littjara
21631	Mistwalker
21632	Moritte of the Frost
21633	Mystic Reflection
21634	Narfi, Betrayer King
21635	Niko Aris
21636	Niko Defies Destiny
21637	Old-Growth Troll
21638	Open the Omenpaths
21639	Orvar, the All-Form
21640	Path to the World Tree
21641	Pilfering Hawk
21642	Poison the Cup
21643	Port of Karfell
21644	Priest of the Haunted Edge
21645	Provoke the Trolls
21646	Pyre of Heroes
21647	Quakebringer
21648	Raiders' Karve
21649	Raise the Draugr
21650	Rally the Ranks
21651	Rampage of the Valkyries
21652	Raven Wings
21653	Ravenform
21654	Ravenous Lindwurm
21655	Realmwalker
21656	Reckless Crew
21657	Reflections of Littjara
21658	Reidane, God of the Worthy // Valkmira, Protector's Shield
21659	Renegade Reaper
21660	Replicating Ring
21661	Resplendent Marshal
21662	Return Upon the Tide
21663	Righteous Valkyrie
21664	Rimewood Falls
21665	Rise of the Dread Marn
21666	Rootless Yew
21667	Roots of Wisdom
21668	Run Ashore
21669	Rune of Flight
21670	Rune of Might
21671	Rune of Mortality
21672	Rune of Speed
21673	Rune of Sustenance
21674	Runed Crown
21675	Runeforge Champion
21676	Sarulf's Packmate
21677	Sarulf, Realm Eater
21678	Saw It Coming
21679	Scorn Effigy
21680	Sculptor of Winter
21681	Search for Glory
21682	Seize the Spoils
21683	Shackles of Treachery
21684	Shepherd of the Cosmos
21685	Shimmerdrift Vale
21686	Showdown of the Skalds
21687	Sigrid, God-Favored
21688	Skemfar Avenger
21689	Skemfar Elderhall
21690	Skemfar Shadowsage
21691	Skull Raid
21692	Smashing Success
21693	Snakeskin Veil
21694	Snowfield Sinkhole
21695	Spectral Steel
21696	Spirit of the Aldergard
21697	Squash
21698	Stalwart Valkyrie
21699	Starnheim Aspirant
21700	Starnheim Courser
21701	Starnheim Unleashed
21702	Story Seeker
21703	Struggle for Skemfar
21704	Sulfurous Mire
21705	Surtland Elementalist
21706	Surtland Flinger
21707	Surtland Frostpyre
21708	Svella, Ice Shaper
21709	Tergrid's Shadow
21710	Tergrid, God of Fright // Tergrid's Lantern
21711	The Bears of Littjara
21712	The Bloodsky Massacre
21713	The Raven's Warning
21714	The Three Seasons
21715	The Trickster-God's Heist
21716	The World Tree
21717	Thornmantle Striker
21718	Tibalt's Trickery
21719	Toralf, God of Fury // Toralf's Hammer
21720	Tormentor's Helm
21721	Toski, Bearer of Secrets
21722	Tundra Fumarole
21723	Tuskeri Firewalker
21724	Tyrite Sanctum
21725	Tyvar Kell
21726	Undersea Invader
21727	Usher of the Fallen
21728	Valki, God of Lies // Tibalt, Cosmic Impostor
21729	Valkyrie Harbinger
21730	Valkyrie's Sword
21731	Valor of the Worthy
21732	Varragoth, Bloodsky Sire
21733	Vault Robber
21734	Vega, the Watcher
21735	Vengeful Reaper
21736	Volatile Fjord
21737	Vorinclex, Monstrous Raider
21738	Waking the Trolls
21739	Warchanter Skald
21740	Warhorn Blast
21741	Weathered Runestone
21742	Weigh Down
21743	Wings of the Cosmos
21744	Withercrown
21745	Woodland Chasm
21746	Youthful Valkyrie
21747	Adrix and Nev, Twincasters
21748	Alibou, Ancient Witness
21749	Angel of the Ruins
21750	Archaeomancer's Map
21751	Audacious Reshapers
21752	Author of Shadows
21753	Battlemage's Bracers
21754	Blight Mound
21755	Blossoming Bogbeast
21756	Bold Plagiarist
21757	Breena, the Demagogue
21758	Bronze Guardian
21759	Combat Calligrapher
21760	Commander's Insight
21761	Creative Technique
21762	Cunning Rhetoric
21763	Curiosity Crafter
21764	Cursed Mirror
21765	Dazzling Sphinx
21766	Deekah, Fractal Theorist
21767	Digsite Engineer
21768	Elementalist's Palette
21769	Esix, Fractal Bloom
21770	Essence Pulse
21771	Excavation Technique
21772	Ezzaroot Channeler
21773	Fain, the Broker
21774	Felisa, Fang of Silverquill
21775	Fiery Encore
21776	Fractal Harness
21777	Geometric Nexus
21778	Guardian Archon
21779	Guardian Augmenter
21780	Gyome, Master Chef
21781	Healing Technique
21782	Incarnation Technique
21783	Inferno Project
21784	Inkshield
21785	Inspiring Refrain
21786	Keen Duelist
21787	Laelia, the Blade Reforged
21788	Losheel, Clockwork Scholar
21789	Marshland Bloodcaster
21790	Monologue Tax
21791	Muse Vortex
21792	Nils, Discipline Enforcer
21793	Octavia, Living Thesis
21794	Osgir, the Reconstructor
21795	Oversimplify
21796	Paradox Zone
21797	Perplexing Test
21798	Pest Infestation
21799	Promise of Loyalty
21800	Radiant Performer
21801	Reinterpret
21802	Replication Technique
21803	Revival Experiment
21804	Rionya, Fire Dancer
21805	Rousing Refrain
21806	Ruin Grinder
21807	Ruxa, Patient Professor
21808	Scholarship Sponsor
21809	Sequence Engine
21810	Sly Instigator
21811	Spawning Kraken
21812	Sproutback Trudge
21813	Stinging Study
21814	Study Hall
21815	Surge to Victory
21816	Tempting Contract
21817	Theoretical Duplication
21818	Tivash, Gloom Summoner
21819	Triplicate Titan
21820	Trudge Garden
21821	Veinwitch Coven
21822	Veyran, Voice of Duality
21823	Wake the Past
21824	Willowdusk, Essence Seer
21825	Witch's Clinic
21826	Yedora, Grave Gardener
21827	Zaffai, Thunder Conductor
21828	Academic Probation
21829	Accomplished Alchemist
21830	Archmage Emeritus
21831	Augmenter Pugilist // Echoing Equation
21832	Baleful Mastery
21833	Basic Conjuration
21834	Beledros Witherbloom
21835	Blade Historian
21836	Blex, Vexing Pest // Search for Blex
21837	Blot Out the Sky
21838	Body of Research
21839	Callous Bloodmage
21840	Codie, Vociferous Codex
21841	Confront the Past
21842	Conspiracy Theorist
21843	Crackle with Power
21844	Culling Ritual
21845	Culmination of Studies
21846	Daemogoth Titan
21847	Devastating Mastery
21848	Double Major
21849	Draconic Intervention
21850	Dragonsguard Elite
21851	Dramatic Finale
21852	Dream Strix
21853	Ecological Appreciation
21854	Efreet Flamepainter
21855	Elemental Expressionist
21856	Elite Spellbinder
21857	Exponential Growth
21858	Extus, Oriq Overlord // Awaken the Blood Avatar
21859	Fervent Mastery
21860	Flamescroll Celebrant // Revel in Silence
21861	Frostboil Snarl
21862	Furycalm Snarl
21863	Galazeth Prismari
21864	Gnarled Professor
21865	Hall of Oracles
21866	Harness Infinity
21867	Hofri Ghostforge
21868	Illuminate History
21869	Ingenious Mastery
21870	Jadzi, Oracle of Arcavios // Journey to the Oracle
21871	Kasmina, Enigma Sage
21872	Kianne, Dean of Substance // Imbraham, Dean of Theory
21873	Leonin Lightscribe
21874	Lorehold Command
21875	Magma Opus
21876	Manifestation Sage
21877	Mascot Exhibition
21878	Mavinda, Students' Advocate
21879	Mila, Crafty Companion // Lukka, Wayward Bonder
21880	Multiple Choice
21881	Necroblossom Snarl
21882	Oriq Loremage
21883	Pestilent Cauldron // Restorative Burst
21884	Plargg, Dean of Chaos // Augusta, Dean of Order
21885	Poet's Quill
21886	Prismari Command
21887	Professor Onyx
21888	Quandrix Command
21889	Radiant Scrollwielder
21890	Retriever Phoenix
21891	Rowan, Scholar of Sparks // Will, Scholar of Frost
21892	Rushed Rebirth
21893	Sedgemoor Witch
21894	Selfless Glyphweaver // Deadly Vanity
21895	Semester's End
21896	Shadrix Silverquill
21897	Shaile, Dean of Radiance // Embrose, Dean of Shadow
21898	Shineshadow Snarl
21899	Silverquill Command
21900	Silverquill Silencer
21901	Sparring Regimen
21902	Strict Proctor
21903	Strixhaven Stadium
21904	Tanazir Quandrix
21905	Teachings of the Archaics
21906	Tempted by the Oriq
21907	The Biblioplex
21908	Torrent Sculptor // Flamethrower Sonata
21909	Uvilda, Dean of Perfection // Nassari, Dean of Expression
21910	Valentin, Dean of the Vein // Lisette, Dean of the Root
21911	Vanishing Verse
21912	Velomachus Lorehold
21913	Venerable Warsinger
21914	Verdant Mastery
21915	Vineglimmer Snarl
21916	Wandering Archaic // Explore the Vastlands
21917	Witherbloom Command
21918	Abundant Harvest
21919	Academic Dispute
21920	Access Tunnel
21921	Aether Helix
21922	Ageless Guardian
21923	Arcane Subtraction
21924	Archway Commons
21925	Ardent Dustspeaker
21926	Arrogant Poet
21927	Bayou Groff
21928	Beaming Defiance
21929	Biblioplex Assistant
21930	Big Play
21931	Biomathematician
21932	Blood Age General
21933	Blood Researcher
21934	Bookwurm
21935	Brackish Trudge
21936	Burrog Befuddler
21937	Bury in Books
21938	Campus Guide
21939	Charge Through
21940	Clever Lumimancer
21941	Closing Statement
21942	Cogwork Archivist
21943	Combat Professor
21944	Containment Breach
21945	Cram Session
21946	Creative Outburst
21947	Crushing Disappointment
21948	Curate
21949	Daemogoth Woe-Eater
21950	Deadly Brew
21951	Decisive Denial
21952	Defend the Campus
21953	Detention Vortex
21954	Devouring Tendrils
21955	Dina, Soul Steeper
21956	Divide by Zero
21957	Dragon's Approach
21958	Dueling Coach
21959	Eager First-Year
21960	Elemental Masterpiece
21961	Elemental Summoning
21962	Emergent Sequence
21963	Enthusiastic Study
21964	Environmental Sciences
21965	Essence Infusion
21966	Eureka Moment
21967	Excavated Wall
21968	Exhilarating Elocution
21969	Expanded Anatomy
21970	Expel
21971	Explosive Welcome
21972	Expressive Iteration
21973	Eyetwitch
21974	Field Trip
21975	First Day of Class
21976	Flunk
21977	Fortifying Draught
21978	Fractal Summoning
21979	Fracture
21980	Frost Trickster
21981	Fuming Effigy
21982	Go Blank
21983	Golden Ratio
21984	Guiding Voice
21985	Hall Monitor
21986	Heated Debate
21987	Honor Troll
21988	Humiliate
21989	Hunt for Specimens
21990	Igneous Inspiration
21991	Illustrious Historian
21992	Infuse with Vitality
21993	Inkling Summoning
21994	Introduction to Annihilation
21995	Introduction to Prophecy
21996	Karok Wrangler
21997	Kelpie Guide
21998	Killian, Ink Duelist
21999	Lash of Malice
22000	Leech Fanatic
22001	Letter of Acceptance
22002	Leyline Invocation
22003	Lorehold Apprentice
22004	Lorehold Campus
22005	Lorehold Excavation
22006	Lorehold Pledgemage
22007	Maelstrom Muse
22008	Mage Duel
22009	Mage Hunter
22010	Mage Hunters' Onslaught
22011	Make Your Mark
22012	Mascot Interception
22013	Master Symmetrist
22014	Mentor's Guidance
22015	Mercurial Transformation
22016	Moldering Karok
22017	Mortality Spear
22018	Necrotic Fumes
22019	Needlethorn Drake
22020	Novice Dissector
22021	Oggyar Battle-Seer
22022	Overgrown Arch
22023	Owlin Shieldmage
22024	Pest Summoning
22025	Pigment Storm
22026	Pilgrim of the Ages
22027	Pillardrop Rescuer
22028	Pillardrop Warden
22029	Plumb the Forbidden
22030	Pop Quiz
22031	Practical Research
22032	Prismari Apprentice
22033	Prismari Campus
22034	Prismari Pledgemage
22035	Professor of Symbology
22036	Professor of Zoomancy
22037	Professor's Warning
22038	Promising Duskmage
22039	Quandrix Apprentice
22040	Quandrix Campus
22041	Quandrix Cultivator
22042	Quandrix Pledgemage
22043	Quintorius, Field Historian
22044	Reckless Amplimancer
22045	Reconstruct History
22046	Reduce to Memory
22047	Reflective Golem
22048	Reject
22049	Relic Sloth
22050	Resculpt
22051	Returned Pastcaller
22052	Rip Apart
22053	Rise of Extus
22054	Rootha, Mercurial Artist
22055	Scurrid Colony
22056	Secret Rendezvous
22057	Serpentine Curve
22058	Shadewing Laureate
22059	Show of Confidence
22060	Silverquill Apprentice
22061	Silverquill Campus
22062	Silverquill Pledgemage
22063	Snow Day
22064	Solve the Equation
22065	Soothsayer Adept
22066	Spectacle Mage
22067	Specter of the Fens
22068	Spell Satchel
22069	Spined Karok
22070	Spirit Summoning
22071	Spiteful Squad
22072	Springmane Cervin
22073	Square Up
22074	Star Pupil
22075	Start from Scratch
22076	Stonebinder's Familiar
22077	Stonebound Mentor
22078	Stonerise Spirit
22079	Storm-Kiln Artist
22080	Study Break
22081	Sudden Breakthrough
22082	Symmetry Sage
22083	Tangletrap
22084	Teach by Example
22085	Team Pennant
22086	Tend the Pests
22087	Tenured Inkcaster
22088	Test of Talents
22089	Thrilling Discovery
22090	Thunderous Orator
22091	Tome Shredder
22092	Twinscroll Shaman
22093	Umbral Juke
22094	Unwilling Ingredient
22095	Vortex Runner
22096	Waterfall Aerialist
22097	Witherbloom Apprentice
22098	Witherbloom Campus
22099	Witherbloom Pledgemage
22100	Wormhole Serpent
22101	Zephyr Boots
22102	Zimone, Quandrix Prodigy
22103	Academy Manufactor
22104	Aeve, Progenitor Ooze
22105	Archon of Cruelty
22106	Asmoranomardicadaistinaculdacar
22107	Bloodbraid Marauder
22108	Breya's Apprentice
22109	Calibrated Blast
22110	Carth the Lion
22111	Chatterfang, Squirrel General
22112	Chef's Kiss
22113	Chitterspitter
22114	Dakkon, Shadow Slayer
22115	Damn
22116	Dauthi Voidwalker
22117	Dermotaxi
22118	Diamond Lion
22119	Dress Down
22120	Endurance
22121	Esper Sentinel
22122	Fractured Sanity
22123	Fury
22124	Gaea's Will
22125	Garth One-Eye
22126	General Ferrous Rokiric
22127	Geyadrone Dihada
22128	Glimpse of Tomorrow
22129	Grief
22130	Grist, the Hunger Tide
22131	Harmonic Prodigy
22132	Ignoble Hierarch
22133	Inevitable Betrayal
22134	Kaldra Compleat
22135	Lonis, Cryptozoologist
22136	Magus of the Bridge
22137	Master of Death
22138	Moderation
22139	Murktide Regent
22140	Necrogoyf
22141	Nettlecyst
22142	Nykthos Paragon
22143	Obsidian Charmaw
22144	Out of Time
22145	Persist
22146	Piru, the Volatile
22147	Priest of Fell Rites
22148	Profane Tutor
22149	Ragavan, Nimble Pilferer
22150	Resurgent Belief
22151	Rise and Shine
22152	Rishadan Dockhand
22153	Sanctifier en-Vec
22154	Sanctum Weaver
22155	Scion of Draco
22156	Search the Premises
22157	Serra's Emissary
22158	Sol Talisman
22159	Solitude
22160	Subtlety
22161	Suspend
22162	Svyelun of Sea and Sky
22163	Sword of Hearth and Home
22164	Sylvan Anthem
22165	Sythis, Harvest's Hand
22166	Territorial Kavu
22167	Thought Monitor
22168	Thrasta, Tempest's Roar
22169	Timeless Dragon
22170	Tourach, Dread Cantor
22171	Unmarked Grave
22172	Urza's Saga
22173	Verdant Command
22174	Void Mirror
22175	Yavimaya, Cradle of Growth
22176	Yusri, Fortune's Flame
22177	Zabaz, the Glimmerwasp
22178	Abiding Grace
22179	Aeromoeba
22180	Altar of the Goyf
22181	Arcbound Javelineer
22182	Arcbound Mouser
22183	Arcbound Prototype
22184	Arcbound Shikari
22185	Arcbound Slasher
22186	Arcbound Tracker
22187	Arcbound Whelp
22188	Archfiend of Sorrows
22189	Arcus Acolyte
22190	Bannerhide Krushok
22191	Barbed Spike
22192	Batterbone
22193	Battle Plan
22194	Blacksmith's Skill
22195	Blazing Rootwalla
22196	Blessed Respite
22197	Blossoming Calm
22198	Bone Shards
22199	Bottle Golems
22200	Brainstone
22201	Break Ties
22202	Break the Ice
22203	Breathless Knight
22204	Burdened Aerialist
22205	Cabal Initiate
22206	Caprichrome
22207	Captain Ripley Vance
22208	Captured by Lagacs
22209	Chatterstorm
22210	Chrome Courier
22211	Clattering Augur
22212	Combine Chrysalis
22213	Constable of the Realm
22214	Crack Open
22215	Darkmoss Bridge
22216	Deepwood Denizen
22217	Dihada's Ploy
22218	Discerning Taste
22219	Disciple of the Sun
22220	Dragon's Rage Channeler
22221	Drey Keeper
22222	Drossforge Bridge
22223	Duskshell Crawler
22224	Echoing Return
22225	Etherium Spinner
22226	Ethersworn Sphinx
22227	Fae Offering
22228	Fairgrounds Patrol
22229	Faithless Salvaging
22230	Fast // Furious
22231	Feast of Sanity
22232	Filigree Attendant
22233	Flame Blitz
22234	Flametongue Yearling
22235	Flay Essence
22236	Floodhound
22237	Flourishing Strike
22238	Fodder Tosser
22239	Foul Watcher
22240	Foundation Breaker
22241	Foundry Helix
22242	Funnel-Web Recluse
22243	Galvanic Relay
22244	Gargadon
22245	Ghost-Lit Drifter
22246	Gilt-Blade Prowler
22247	Glimmer Bairn
22248	Glinting Creeper
22249	Glorious Enforcer
22250	Goblin Anarchomancer
22251	Goblin Traprunner
22252	Goldmire Bridge
22253	Gouged Zealot
22254	Graceful Restoration
22255	Guardian Kirin
22256	Hard Evidence
22257	Healer's Flock
22258	Hell Mongrel
22259	Herd Baloth
22260	Jade Avenger
22261	Jewel-Eyed Cobra
22262	Junk Winder
22263	Kaleidoscorch
22264	Kitchen Imp
22265	Knighted Myr
22266	Landscaper Colos
22267	Late to Dinner
22268	Lazotep Chancellor
22269	Legion Vanguard
22270	Lens Flare
22271	Lightning Spear
22272	Liquimetal Torque
22273	Loathsome Curator
22274	Lose Focus
22275	Lucid Dreams
22276	Marble Gargoyle
22277	Mental Journey
22278	Mine Collapse
22279	Mistvault Bridge
22280	Monoskelion
22281	Mount Velus Manticore
22282	Myr Scrapling
22283	Mystic Redaction
22284	Necromancer's Familiar
22285	Nested Shambler
22286	Orchard Strider
22287	Ornithopter of Paradise
22288	Parcel Myr
22289	Phantasmal Dreadmaw
22290	Piercing Rays
22291	Power Depot
22292	Prismatic Ending
22293	Prophetic Titan
22294	Radiant Epicure
22295	Rakdos Headliner
22296	Ravenous Squirrel
22297	Raving Visionary
22298	Razortide Bridge
22299	Recalibrate
22300	Revolutionist
22301	Rift Sower
22302	Road // Ruin
22303	Rustvale Bridge
22304	Said // Done
22305	Sanctuary Raptor
22306	Scour the Desert
22307	Scurry Oak
22308	Scuttletide
22309	Shattered Ego
22310	Silverbluff Bridge
22311	Sinister Starfish
22312	Skophos Reaver
22313	Skyblade's Boon
22314	Slag Strider
22315	Slagwoods Bridge
22316	Smell Fear
22317	So Shiny
22318	Sojourner's Companion
22319	Soul of Migration
22320	Specimen Collector
22321	Spreading Insurrection
22322	Squirrel Sanctuary
22323	Squirrel Sovereign
22324	Steel Dromedary
22325	Steelfin Whale
22326	Step Through
22327	Storm God's Oracle
22328	Strike It Rich
22329	Sudden Edict
22330	Sweep the Skies
22331	Tanglepool Bridge
22332	Tavern Scoundrel
22333	Terminal Agony
22334	Terramorph
22335	The Underworld Cookbook
22336	Thornglint Bridge
22337	Thraben Watcher
22338	Tide Shaper
22339	Timeless Witness
22340	Tireless Provisioner
22341	Tizerus Charger
22342	Tormod's Cryptkeeper
22343	Tourach's Canticle
22344	Tragic Fall
22345	Unbounded Potential
22346	Underworld Hermit
22347	Unholy Heat
22348	Urban Daggertooth
22349	Vectis Gloves
22350	Vedalken Infiltrator
22351	Vermin Gorger
22352	Viashino Lashclaw
22353	Vile Entomber
22354	Wavesifter
22355	World-Weary
22356	Wren's Run Hydra
22357	Young Necromancer
22358	Orb of Dragonkind
22359	Arcane Endeavor
22360	Bag of Devouring
22361	Bag of Tricks
22362	Belt of Giant Strength
22363	Berserker's Frenzy
22364	Bucknard's Everfull Purse
22365	Catti-brie of Mithral Hall
22366	Chaos Dragon
22367	Clay Golem
22368	Component Pouch
22369	Danse Macabre
22370	Death Tyrant
22371	Diviner's Portent
22372	Dragonborn Champion
22373	Druid of Purification
22374	Ebony Fly
22375	Extract Brain
22376	Fevered Suspicion
22377	Fey Steed
22378	Fiendlash
22379	Galea, Kindler of Hope
22380	Grave Endeavor
22381	Grim Hireling
22382	Hellish Rebuke
22383	Holy Avenger
22384	Hurl Through Hell
22385	Immovable Rod
22386	Indomitable Might
22387	Karazikar, the Eye Tyrant
22388	Klauth's Will
22389	Klauth, Unrivaled Ancient
22390	Lorcan, Warlock Collector
22391	Maddening Hex
22392	Mantle of the Ancients
22393	Midnight Pathlighter
22394	Minn, Wily Illusionist
22395	Netherese Puzzle-Ward
22396	Neverwinter Hydra
22397	Nihiloor
22398	Phantom Steed
22399	Prosper, Tome-Bound
22400	Radiant Solar
22401	Reckless Endeavor
22402	Revivify
22403	Ride the Avalanche
22404	Robe of Stars
22405	Rod of Absorption
22406	Sefris of the Hidden Ways
22407	Share the Spoils
22408	Song of Inspiration
22409	Storvald, Frost Giant Jarl
22410	Sword of Hours
22411	Thorough Investigation
22412	Underdark Rift
22413	Valiant Endeavor
22414	Vengeful Ancestor
22415	Vrondiss, Rage of Ancients
22416	Wand of Orcus
22417	Wild Endeavor
22418	Wild-Magic Sorcerer
22419	Winged Boots
22420	Wulfgar of Icewind Dale
22421	+2 Mace
22422	Aberrant Mind Sorcerer
22423	Acererak the Archlich
22424	Adult Gold Dragon
22425	Air-Cult Elemental
22426	Arborea Pegasus
22427	Arcane Investigator
22428	Armory Veteran
22429	Asmodeus the Archfiend
22430	Baleful Beholder
22431	Bar the Gate
22432	Barbarian Class
22433	Bard Class
22434	Barrowin of Clan Undurr
22435	Battle Cry Goblin
22436	Black Dragon
22437	Blink Dog
22438	Blue Dragon
22439	Boots of Speed
22440	Brazen Dwarf
22441	Bruenor Battlehammer
22442	Bulette
22443	Bull's Strength
22444	Burning Hands
22445	Cave of the Frost Dragon
22446	Celestial Unicorn
22447	Chaos Channeler
22448	Check for Traps
22449	Choose Your Weapon
22450	Circle of Dreams Druid
22451	Circle of the Moon Druid
22452	Clattering Skeletons
22453	Cleric Class
22454	Clever Conjurer
22455	Cloister Gargoyle
22456	Compelled Duel
22457	Contact Other Plane
22458	Critical Hit
22459	Dancing Sword
22460	Dawnbringer Cleric
22461	Deadly Dispute
22462	Death-Priest of Myrkul
22463	Delina, Wild Mage
22464	Delver's Torch
22465	Demilich
22466	Demogorgon's Clutches
22467	Den of the Bugbear
22468	Devoted Paladin
22469	Devour Intellect
22470	Dire Wolf Prowler
22471	Displacer Beast
22472	Divine Smite
22473	Djinni Windseer
22474	Dragon Turtle
22475	Dragon's Disciple
22476	Dragon's Fire
22477	Drider
22478	Drizzt Do'Urden
22479	Druid Class
22480	Dueling Rapier
22481	Dungeon Crawler
22482	Dungeon Descent
22483	Dungeon Map
22484	Dwarfhold Champion
22485	Earth-Cult Elemental
22486	Ebondeath, Dracolich
22487	Eccentric Apprentice
22488	Ellywick Tumblestrum
22489	Elturgard Ranger
22490	Eye of Vecna
22491	Eyes of the Beholder
22492	Farideh's Fireball
22493	Farideh, Devil's Chosen
22494	Fates' Reversal
22495	Feign Death
22496	Feywild Trickster
22497	Fifty Feet of Rope
22498	Fighter Class
22499	Find the Path
22500	Flameskull
22501	Flumph
22502	Fly
22503	Forsworn Paladin
22504	Froghemoth
22505	Gelatinous Cube
22506	Gloom Stalker
22507	Gnoll Hunter
22508	Goblin Javelineer
22509	Goblin Morningstar
22510	Grand Master of Flowers
22511	Grazilaxx, Illithid Scholar
22512	Greataxe
22513	Green Dragon
22514	Gretchen Titchwillow
22515	Grim Bounty
22516	Grim Wanderer
22517	Guardian of Faith
22518	Guild Thief
22519	Half-Elf Monk
22520	Hall of Storm Giants
22521	Hama Pashar, Ruin Seeker
22522	Hand of Vecna
22523	Herald of Hadar
22524	Hill Giant Herdgorger
22525	Hired Hexblade
22526	Hive of the Eye Tyrant
22527	Hoard Robber
22528	Hoarding Ogre
22529	Hobgoblin Bandit Lord
22530	Hobgoblin Captain
22531	Hulking Bugbear
22532	Hunter's Mark
22533	Icingdeath, Frost Tyrant
22534	Improvised Weaponry
22535	Inferno of the Star Mounts
22536	Ingenious Smith
22537	Inspiring Bard
22538	Instrument of the Bards
22539	Intrepid Outlander
22540	Iron Golem
22541	Iymrith, Desert Doom
22542	Jaded Sell-Sword
22543	Kalain, Reclusive Painter
22544	Keen-Eared Sentry
22545	Kick in the Door
22546	Krydle of Baldur's Gate
22547	Lair of the Hydra
22548	Leather Armor
22549	Lightfoot Rogue
22550	Loathsome Troll
22551	Lolth, Spider Queen
22552	Long Rest
22553	Loyal Warhound
22554	Lurking Roper
22555	Magic Missile
22556	Manticore
22557	Meteor Swarm
22558	Mimic
22559	Mind Flayer
22560	Minimus Containment
22561	Minion of the Mighty
22562	Minsc, Beloved Ranger
22563	Monk Class
22564	Monk of the Open Hand
22565	Moon-Blessed Cleric
22566	Mordenkainen
22567	Mordenkainen's Polymorph
22568	Nadaar, Selfless Paladin
22569	Neverwinter Dryad
22570	Ochre Jelly
22571	Old Gnawbone
22572	Orcus, Prince of Undeath
22573	Oswald Fiddlebender
22574	Owlbear
22575	Paladin Class
22576	Paladin's Shield
22577	Pixie Guide
22578	Planar Ally
22579	Plate Armor
22580	Plundering Barbarian
22581	Portable Hole
22582	Potion of Healing
22583	Power Word Kill
22584	Power of Persuasion
22585	Precipitous Drop
22586	Price of Loyalty
22587	Priest of Ancient Lore
22588	Prosperous Innkeeper
22589	Purple Worm
22590	Rally Maneuver
22591	Ranger Class
22592	Ranger's Hawk
22593	Ranger's Longbow
22594	Ray of Enfeeblement
22595	Ray of Frost
22596	Reaper's Talisman
22597	Red Dragon
22598	Rimeshield Frost Giant
22599	Rogue Class
22600	Rust Monster
22601	Scaled Herbalist
22602	Scion of Stygia
22603	Secret Door
22604	Sepulcher Ghoul
22605	Shambling Ghast
22606	Shessra, Death's Whisper
22607	Shocking Grasp
22608	Shortcut Seeker
22609	Silver Raven
22610	Skeletal Swarming
22611	Skullport Merchant
22612	Sorcerer Class
22613	Soulknife Spy
22614	Spare Dagger
22615	Sphere of Annihilation
22616	Spiked Pit Trap
22617	Split the Party
22618	Spoils of the Hunt
22619	Steadfast Paladin
22620	Sudden Insight
22621	Swarming Goblins
22622	Sylvan Shepherd
22623	Targ Nar, Demon-Fang Gnoll
22624	Tasha's Hideous Laughter
22625	Teleportation Circle
22626	Temple of the Dragon Queen
22627	The Blackstaff of Waterdeep
22628	The Book of Exalted Deeds
22629	The Book of Vile Darkness
22630	The Deck of Many Things
22631	The Tarrasque
22632	Thieves' Tools
22633	Tiamat
22634	Tiger-Tribe Hunter
22635	Treasure Chest
22636	Treasure Vault
22637	Trelasarra, Moon Dancer
22638	Trickster's Talisman
22639	Triumphant Adventurer
22640	True Polymorph
22641	Underdark Basilisk
22642	Unexpected Windfall
22643	Valor Singer
22644	Vampire Spawn
22645	Varis, Silverymoon Ranger
22646	Veteran Dungeoneer
22647	Volo, Guide to Monsters
22648	Vorpal Sword
22649	Wandering Troubadour
22650	Warlock Class
22651	Werewolf Pack Leader
22652	Westgate Regent
22653	White Dragon
22654	Wight
22655	Wild Shape
22656	Wish
22657	Wizard Class
22658	Wizard's Spellbook
22659	Xanathar, Guild Kingpin
22660	Xorn
22661	You Come to a River
22662	You Come to the Gnoll Camp
22663	You Find Some Prisoners
22664	You Find a Cursed Idol
22665	You Find the Villains' Lair
22666	You Happen On a Glade
22667	You Hear Something on Watch
22668	You Meet in a Tavern
22669	You See a Guard Approach
22670	You See a Pair of Goblins
22671	You're Ambushed on the Road
22672	Yuan-Ti Fang-Blade
22673	Yuan-Ti Malison
22674	Zalto, Fire Giant Duke
22675	Zariel, Archduke of Avernus
22676	Zombie Ogre
22677	Dungeon of the Mad Mage
22678	Lost Mine of Phandelver
22679	Tomb of Annihilation
22680	Euroakus
22681	Mountain Mover
22682	The Secret Lair
22683	Baffling Defenses
22684	Benalish Partisan
22685	Boneyard Aberration
22686	Bounty of the Deep
22687	Davriel's Withering
22688	Davriel, Soul Broker
22689	Ethereal Grasp
22690	Faceless Agent
22691	Freyalise, Skyshroud Partisan
22692	Kiora, the Tide's Fury
22693	Leonin Sanctifier
22694	Longtusk Stalker
22695	Lumbering Lightshield
22696	Managorger Phoenix
22697	Manor Guardian
22698	Mentor of Evos Isle
22699	Plaguecrafter's Familiar
22700	Pool of Vigorous Growth
22701	Reckless Ringleader
22702	Sarkhan's Scorn
22703	Sarkhan, Wanderer to Shiv
22704	Scion of Shiv
22705	Shoreline Scout
22706	Skyshroud Ambush
22707	Skyshroud Lookout
22708	Static Discharge
22709	Subversive Acolyte
22710	Teyo, Aegis Adept
22711	Tome of the Infinite
22712	Veteran Charger
22713	Wingsteed Trainer
22714	Avacyn's Memorial
22715	Celebrate the Harvest
22716	Celestial Judgment
22717	Cleaver Skaab
22718	Crowded Crypt
22719	Curse of Clinging Webs
22720	Curse of Conformity
22721	Curse of Obsession
22722	Curse of Unbinding
22723	Curse of the Restless Dead
22724	Drown in Dreams
22725	Eloise, Nephalia Sleuth
22726	Empty the Laboratory
22727	Ghouls' Night Out
22728	Gorex, the Tombshell
22729	Heronblade Elite
22730	Hordewing Skaab
22731	Kurbis, Harvest Celebrant
22732	Kyler, Sigardian Emissary
22733	Leinore, Autumn Sovereign
22734	Lynde, Cheerful Tormentor
22735	Moorland Rescuer
22736	Prowling Geistcatcher
22737	Ravenous Rotbelly
22738	Ruinous Intrusion
22739	Shadow Kin
22740	Sigarda's Vanguard
22741	Sigardian Zealot
22742	Somberwald Beastmaster
22743	Stalwart Pathlighter
22744	Tomb Tyrant
22745	Visions of Dominance
22746	Visions of Dread
22747	Visions of Duplicity
22748	Visions of Glory
22749	Visions of Ruin
22750	Wall of Mourning
22751	Wilhelt, the Rotcleaver
22752	Abandon the Post
22753	Adeline, Resplendent Cathar
22754	Ambitious Farmhand // Seasoned Cathar
22755	Angelfire Ignition
22756	Arcane Infusion
22757	Ardent Elementalist
22758	Arlinn, the Pack's Hope // Arlinn, the Moon's Fury
22759	Arrogant Outlaw
22760	Augur of Autumn
22761	Baithook Angler // Hook-Haunt Drifter
22762	Baneblade Scoundrel // Baneclaw Marauder
22763	Bat Whisperer
22764	Beloved Beggar // Generous Soul
22765	Bereaved Survivor // Dauntless Avenger
22766	Bird Admirer // Wing Shredder
22767	Bladestitched Skaab
22768	Blessed Defiance
22769	Blood Pact
22770	Bloodline Culling
22771	Bloodthirsty Adversary
22772	Bloodtithe Collector
22773	Borrowed Time
22774	Bounding Wolf
22775	Bramble Armor
22776	Briarbridge Tracker
22777	Brimstone Vandal
22778	Brood Weaver
22779	Brutal Cathar // Moonrage Brute
22780	Burly Breaker // Dire-Strain Demolisher
22781	Burn Down the House
22782	Burn the Accursed
22783	Can't Stay Away
22784	Candlegrove Witch
22785	Candlelit Cavalry
22786	Candletrap
22787	Cathar Commando
22788	Cathar's Call
22789	Cathartic Pyre
22790	Celestus Sanctifier
22791	Champion of the Perished
22792	Chaplain of Alms // Chapel Shieldgeist
22793	Clarion Cathars
22794	Component Collector
22795	Consider
22796	Consuming Blob
22797	Contortionist Troupe
22798	Corpse Cobble
22799	Covert Cutpurse // Covetous Geist
22800	Covetous Castaway // Ghostly Castigator
22801	Crawl from the Cellar
22802	Croaking Counterpart
22803	Crossroads Candleguide
22804	Curse of Leeches // Leeching Lurker
22805	Curse of Shaken Faith
22806	Curse of Silence
22807	Curse of Surveillance
22808	Dawnhart Mentor
22809	Dawnhart Rejuvenator
22810	Dawnhart Wardens
22811	Deathbonnet Sprout // Deathbonnet Hulk
22812	Defend the Celestus
22813	Defenestrate
22814	Dennick, Pious Apprentice // Dennick, Pious Apparition
22815	Deserted Beach
22816	Devoted Grafkeeper // Departed Soulkeeper
22817	Dire-Strain Rampage
22818	Diregraf Horde
22819	Diregraf Rebirth
22820	Dreadhound
22821	Drownyard Amalgam
22822	Dryad's Revival
22823	Duel for Dominance
22824	Duelcraft Trainer
22825	Eaten Alive
22826	Eccentric Farmer
22827	Ecstatic Awakener // Awoken Demon
22828	Electric Revelation
22829	Enduring Angel // Angelic Enforcer
22830	Fading Hope
22831	Faithful Mending
22832	Falcon Abomination
22833	Falkenrath Perforator
22834	Falkenrath Pit Fighter
22835	Famished Foragers
22836	Fangblade Brigand // Fangblade Eviscerator
22837	Fateful Absence
22838	Festival Crasher
22839	Firmament Sage
22840	Flame Channeler // Embodiment of Flame
22841	Flare of Faith
22842	Fleshtaker
22843	Flip the Switch
22844	Florian, Voldaren Scion
22845	Foul Play
22846	Galedrifter // Waildrifter
22847	Galvanic Iteration
22848	Gavony Dawnguard
22849	Gavony Silversmith
22850	Gavony Trapper
22851	Geistflame Reservoir
22852	Geistwave
22853	Ghoulcaller's Harvest
22854	Ghoulish Procession
22855	Gisa, Glorious Resurrector
22856	Grafted Identity
22857	Graveyard Trespasser // Graveyard Glutton
22858	Grizzly Ghoul
22859	Hallowed Respite
22860	Harvesttide Infiltrator // Harvesttide Assailant
22861	Harvesttide Sentry
22862	Haunted Ridge
22863	Hedgewitch's Mask
22864	Heirloom Mirror // Inherited Fiend
22865	Hobbling Zombie
22866	Homestead Courage
22867	Hostile Hostel // Creeping Inn
22868	Hound Tamer // Untamed Pup
22869	Howl of the Hunt
22870	Hungry for More
22871	Infernal Grasp
22872	Intrepid Adversary
22873	Jack-o'-Lantern
22874	Jadar, Ghoulcaller of Nephalia
22875	Jerren, Corrupted Bishop // Ormendahl, the Corrupter
22876	Join the Dance
22877	Katilda, Dawnhart Prime
22878	Kessig Naturalist // Lord of the Ulvenwald
22879	Lambholt Harrier
22880	Larder Zombie
22881	Lier, Disciple of the Drowned
22882	Liesa, Forgotten Archangel
22883	Light Up the Night
22884	Locked in the Cemetery
22885	Lord of the Forsaken
22886	Loyal Gryff
22887	Ludevic, Necrogenius // Olag, Ludevic's Hubris
22888	Lunar Frenzy
22889	Lunarch Veteran // Luminous Phantom
22890	Malevolent Hermit // Benevolent Geist
22891	Mask of Griselbrand
22892	Memory Deluge
22893	Might of the Old Ways
22894	Moonrager's Slash
22895	Moonsilver Key
22896	Moonveil Regent
22897	Morbid Opportunist
22898	Morkrut Behemoth
22899	Mounted Dreadknight
22900	Mourning Patrol // Morning Apparition
22901	Mysterious Tome // Chilling Chronicle
22902	Mystic Skull // Mystic Monstrosity
22903	Nebelgast Intruder
22904	Necrosynthesis
22905	Neonate's Rush
22906	No Way Out
22907	Novice Occultist
22908	Obsessive Astronomer
22909	Odric's Outrider
22910	Old Stickfingers
22911	Olivia's Midnight Ambush
22912	Ominous Roost
22913	Organ Hoarder
22914	Otherworldly Gaze
22915	Outland Liberator // Frenzied Trapbreaker
22916	Overgrown Farmland
22917	Overwhelmed Archivist // Archive Haunt
22918	Pack's Betrayal
22919	Path to the Festival
22920	Patrician Geist
22921	Pestilent Wolf
22922	Phantom Carriage
22923	Play with Fire
22924	Poppet Stitcher // Poppet Factory
22925	Primal Adversary
22926	Purifying Dragon
22927	Raze the Effigy
22928	Reckless Stormseeker // Storm-Charged Slasher
22929	Rem Karolus, Stalwart Slayer
22930	Revenge of the Drowned
22931	Rise of the Ants
22932	Rite of Harmony
22933	Rite of Oblivion
22934	Ritual Guardian
22935	Ritual of Hope
22936	Rockfall Vale
22937	Rootcoil Creeper
22938	Rotten Reunion
22939	Sacred Fire
22940	Saryth, the Viper's Fang
22941	Search Party Captain
22942	Secrets of the Key
22943	Seize the Storm
22944	Shadowbeast Sighting
22945	Shady Traveler // Stalking Predator
22946	Shipwreck Marsh
22947	Shipwreck Sifters
22948	Siege Zombie
22949	Sigarda's Splendor
22950	Sigarda, Champion of Light
22951	Sigardian Savior
22952	Silver Bolt
22953	Siphon Insight
22954	Skaab Wrangler
22955	Slaughter Specialist
22956	Slogurk, the Overslime
22957	Sludge Monster
22958	Smoldering Egg // Ashmouth Dragon
22959	Snarling Wolf
22960	Soul-Guide Gryff
22961	Spectral Adversary
22962	Spellrune Painter // Spellrune Howler
22963	Startle
22964	Stolen Vitality
22965	Storm Skreelix
22966	Storm the Festival
22967	Stromkirk Bloodthief
22968	Stuffed Bear
22969	Sungold Barrage
22970	Sungold Sentinel
22971	Sunrise Cavalier
22972	Sunset Revelry
22973	Sunstreak Phoenix
22974	Suspicious Stowaway // Seafaring Werewolf
22975	Tainted Adversary
22976	Tapping at the Window
22977	Tavern Ruffian // Tavern Smasher
22978	Teferi, Who Slows the Sunset
22979	The Celestus
22980	The Meathook Massacre
22981	Thraben Exorcism
22982	Tireless Hauler // Dire-Strain Brawler
22983	Tovolar's Huntmaster // Tovolar's Packleader
22984	Tovolar, Dire Overlord // Tovolar, the Midnight Scourge
22985	Triskaidekaphile
22986	Turn the Earth
22987	Unblinking Observer
22988	Unnatural Growth
22989	Unnatural Moonrise
22990	Vadrik, Astral Archmage
22991	Vampire Socialite
22992	Vanquish the Horde
22993	Vengeful Strangler // Strangling Grasp
22994	Village Watch // Village Reavers
22995	Voldaren Ambusher
22996	Voldaren Stinger
22997	Wake to Slaughter
22998	Willow Geist
22999	Winterthorn Blessing
23000	Wrenn and Seven
23001	Arvinox, the Mind Flail
23002	Bjorna, Nightfall Alchemist
23003	Cecily, Haunted Mage
23004	Elmar, Ulvenwald Informant
23005	Hargilde, Kindly Runechanter
23006	Havengul Laboratory // Havengul Mystery
23007	Othelm, Sigardian Outcast
23008	Sophina, Spearsage Deserter
23009	Wernog, Rider's Chaplain
23010	Millicent, Restless Revenant
23011	Strefan, Maurer Progenitor
23012	Alchemist's Gambit
23013	Anje, Maid of Dishonor
23014	Ascendant Packleader
23015	Avabruck Caretaker // Hollowhenge Huntmaster
23016	Bloodvial Purveyor
23017	By Invitation Only
23018	Cemetery Desecrator
23019	Cemetery Gatekeeper
23020	Cemetery Illuminator
23021	Cemetery Protector
23022	Cemetery Prowler
23023	Chandra, Dressed to Kill
23024	Change of Fortune
23025	Concealing Curtains // Revealing Eye
23026	Consuming Tide
23027	Creepy Puppeteer
23028	Cultivator Colossus
23029	Curse of Hospitality
23030	Deathcap Glade
23031	Demonic Bargain
23032	Dig Up
23033	Dollhouse of Horrors
23034	Dominating Vampire
23035	Dorothea, Vengeful Victim // Dorothea's Retribution
23036	Dreadfeast Demon
23037	Dreamroot Cascade
23038	Dreamshackle Geist
23039	Dying to Serve
23040	Edgar, Charmed Groom // Edgar Markov's Coffin
23041	Eruth, Tormented Prophet
23042	Faithbound Judge // Sinner's Judgment
23043	Falkenrath Forebear
23044	Geralf, Visionary Stitcher
23045	Glorious Sunrise
23046	Graf Reaver
23047	Grolnok, the Omnivore
23048	Halana and Alena, Partners
23049	Hallowed Haunting
23050	Hamlet Vanguard
23051	Headless Rider
23052	Henrika Domnathi // Henrika, Infernal Seer
23053	Hiveheart Shaman
23054	Hopeful Initiate
23055	Howling Moon
23056	Howlpack Piper // Wildsong Howler
23057	Hullbreaker Horror
23058	Ill-Tempered Loner // Howlpack Avenger
23059	Inspired Idea
23060	Investigator's Journal
23061	Jacob Hauken, Inspector // Hauken's Insight
23062	Katilda, Dawnhart Martyr // Katilda's Rising Dawn
23063	Kaya, Geist Hunter
23064	Kessig Wolfrider
23065	Lantern Flare
23066	Manaform Hellkite
23067	Mirrorhall Mimic // Ghastly Mimicry
23068	Necroduality
23069	Odric, Blood-Cursed
23070	Old Rutstein
23071	Olivia's Attendants
23072	Olivia, Crimson Bride
23073	Overcharged Amalgam
23074	Patchwork Crawler
23075	Path of Peril
23076	Runo Stromkirk // Krothuss, Lord of the Deep
23077	Savior of Ollenbock
23078	Shattered Sanctum
23079	Sigarda's Summons
23080	Sorin the Mirthless
23081	Stensia Uprising
23082	Stormcarved Coast
23083	Sundown Pass
23084	Torens, Fist of the Angels
23085	Toxrill, the Corrosive
23086	Ulvenwald Oddity // Ulvenwald Behemoth
23087	Voice of the Blessed
23088	Volatile Arsonist // Dire-Strain Anarchist
23089	Voldaren Bloodcaster // Bloodbat Summoner
23090	Voldaren Estate
23091	Wedding Announcement // Wedding Festivity
23092	Welcoming Vampire
23093	Winged Portent
23094	Arterial Alchemy
23095	Breath of the Sleepless
23096	Breathkeeper Seraph
23097	Crossway Troublemakers
23098	Disorder in the Court
23099	Donal, Herald of Wings
23100	Doom Weaver
23101	Drogskol Reinforcements
23102	Ethereal Investigator
23103	Glass-Cast Heart
23104	Haunted Library
23105	Haunting Imitation
23106	Hollowhenge Overlord
23107	Imperious Mindbreaker
23108	Imposing Grandeur
23109	Kamber, the Plunderer
23110	Laurine, the Diversion
23111	Markov Enforcer
23112	Midnight Arsonist
23113	Mirage Phalanx
23114	Occult Epiphany
23115	Olivia's Wrath
23116	Predators' Hour
23117	Priest of the Blessed Graf
23118	Rhoda, Geist Avenger
23119	Scion of Opulence
23120	Shadowgrange Archfiend
23121	Sinister Waltz
23122	Spectral Arcanist
23123	Storm of Souls
23124	Sudden Salvation
23125	Thundering Mightmare
23126	Timin, Youthful Geist
23127	Timothar, Baron of Bats
23128	Umbris, Fear Manifest
23129	Wedding Ring
23130	Aim for the Head
23131	Alchemist's Retrieval
23132	Alluring Suitor // Deadly Dancer
23133	Ancestral Anger
23134	Ancient Lumberknot
23135	Angelic Quartermaster
23136	Apprentice Sharpshooter
23137	Archghoul of Thraben
23138	Arm the Cathars
23139	Ballista Watcher // Ballista Wielder
23140	Belligerent Guest
23141	Binding Geist // Spectral Binding
23142	Biolume Egg // Biolume Serpent
23143	Bleed Dry
23144	Blood Fountain
23145	Blood Hypnotist
23146	Blood Petal Celebrant
23147	Blood Servitor
23148	Bloodcrazed Socialite
23149	Bloodsworn Squire // Bloodsworn Knight
23150	Bloodtithe Harvester
23151	Bloody Betrayal
23152	Boarded Window
23153	Bramble Wurm
23154	Bride's Gown
23155	Brine Comber // Brinebound Gift
23156	Cartographer's Survey
23157	Catapult Fodder // Catapult Captain
23158	Ceremonial Knife
23159	Child of the Pack // Savage Packmate
23160	Chill of the Grave
23161	Circle of Confinement
23162	Cloaked Cadet
23163	Cobbled Lancer
23164	Courier Bat
23165	Cradle of Safety
23166	Crawling Infestation
23167	Cruel Witness
23168	Dawnhart Disciple
23169	Dawnhart Geist
23170	Daybreak Combatants
23171	Desperate Farmer // Depraved Harvester
23172	Diregraf Scavenger
23173	Distracting Geist // Clever Distraction
23174	Diver Skaab
23175	Dormant Grove // Gnarled Grovestrider
23176	Dread Fugue
23177	Dreadlight Monstrosity
23178	Drogskol Infantry // Drogskol Armaments
23179	Edgar's Awakening
23180	End the Festivities
23181	Estwald Shieldbasher
23182	Falkenrath Celebrants
23183	Fear of Death
23184	Fearful Villager // Fearsome Werewolf
23185	Fell Stinger
23186	Fierce Retribution
23187	Flame-Blessed Bolt
23188	Fleeting Spirit
23189	Flourishing Hunter
23190	Foreboding Statue // Forsaken Thresher
23191	Frenzied Devils
23192	Geistlight Snare
23193	Gift of Fangs
23194	Gluttonous Guest
23195	Grisly Ritual
23196	Groom's Finery
23197	Gryff Rider
23198	Gryffwing Cavalry
23199	Gutter Skulker // Gutter Shortcut
23200	Heron of Hope
23201	Heron-Blessed Geist
23202	Honeymoon Hearse
23203	Honored Heirloom
23204	Hookhand Mariner // Riphook Raider
23205	Hungry Ridgewolf
23206	Infestation Expert // Infested Werewolf
23207	Innocent Traveler // Malicious Invader
23208	Into the Night
23209	Kessig Flamebreather
23210	Kindly Ancestor // Ancestor's Embrace
23211	Lacerate Flesh
23212	Laid to Rest
23213	Lambholt Raconteur // Lambholt Ravager
23214	Lantern Bearer // Lanterns' Lift
23215	Lantern of the Lost
23216	Lightning Wolf
23217	Lunar Rejection
23218	Magma Pummeler
23219	Markov Purifier
23220	Markov Retribution
23221	Markov Waltzer
23222	Massive Might
23223	Militia Rallier
23224	Mindleech Ghoul
23225	Mischievous Catgeist // Catlike Curiosity
23226	Moldgraf Millipede
23227	Nature's Embrace
23228	Nebelgast Beguiler
23229	Nurturing Presence
23230	Oakshade Stalker // Moonlit Ambusher
23231	Ollenbock Escort
23232	Packsong Pup
23233	Panicked Bystander // Cackling Culprit
23234	Parasitic Grasp
23235	Parish-Blade Trainee
23236	Persistent Specimen
23237	Piercing Light
23238	Pointed Discussion
23239	Pyre Spawn
23240	Radiant Grace // Radiant Restraints
23241	Ragged Recluse // Odious Witch
23242	Reckless Impulse
23243	Reclusive Taxidermist
23244	Rending Flame
23245	Repository Skaab
23246	Resistance Squad
23247	Restless Bloodseeker // Bloodsoaked Reveler
23248	Retrieve
23249	Rot-Tide Gargantua
23250	Runebound Wolf
23251	Rural Recruit
23252	Sanctify
23253	Sanguine Statuette
23254	Sawblade Slinger
23255	Scattered Thoughts
23256	Screaming Swarm
23257	Selhoff Entomber
23258	Serpentine Ambush
23259	Sheltering Boughs
23260	Sigarda's Imprisonment
23261	Sigardian Paladin
23262	Skulking Killer
23263	Skull Skaab
23264	Skywarp Skaab
23265	Soulcipher Board // Cipherbound Spirit
23266	Spiked Ripsaw
23267	Spore Crawler
23268	Sporeback Wolf
23269	Steelclad Spirit
23270	Stitched Assistant
23271	Stormchaser Drake
23272	Supernatural Rescue
23273	Syphon Essence
23274	Thirst for Discovery
23275	Toxic Scorpion
23276	Traveling Minister
23277	Twinblade Geist // Twinblade Invocation
23278	Undead Butler
23279	Undying Malice
23280	Unhallowed Phalanx
23281	Unholy Officiant
23282	Vampire Slayer
23283	Vampire's Kiss
23284	Vampires' Vengeance
23285	Vilespawn Spider
23286	Voldaren Epicure
23287	Voltaic Visionary // Volt-Charged Berserker
23288	Wandering Mind
23289	Wanderlight Spirit
23290	Wash Away
23291	Weary Prisoner // Wrathful Jailbreaker
23292	Weaver of Blossoms // Blossom-Clad Werewolf
23293	Wedding Invitation
23294	Wedding Security
23295	Whispering Wizard
23296	Witch's Web
23297	Witness the Future
23298	Wolf Strike
23299	Wolfkin Outcast // Wedding Crasher
23300	Wretched Throng
23301	Last-Minute Chopping
23302	A-Demilich
23303	A-Druid Class
23304	A-Wizard Class
23305	A-Cosmos Elixir
23306	Absorb Energy
23307	Angel of Eternal Dawn
23308	Angel of Unity
23309	Antique Collector
23310	Arms Scavenger
23311	Assemble from Parts
23312	Begin Anew
23313	Bloodrage Alpha
23314	Break Expectations
23315	Brittle Blast
23316	Captain Eberhart
23317	Citystalker Connoisseur
23318	Clone Crafter
23319	Conductive Current
23320	Cursebound Witch
23321	Discover the Formula
23322	Divine Purge
23323	Electrostatic Blast
23324	Ethereal Escort
23325	Expedition Supplier
23326	Faithful Disciple
23327	Fearsome Whelp
23328	Forsaken Crossroads
23329	Frenzied Geistblaster
23330	Garruk, Wrath of the Wilds
23331	Geist of Regret
23332	Geistchanneler
23333	Geistpack Alpha
23334	Gitrog, Horror of Zhava
23335	Grizzled Huntmaster
23336	Gutmorn, Pactbound Servant
23337	Hinterland Chef
23338	Hollowhenge Wrangler
23339	Inquisitor Captain
23340	Ishkanah, Broodmother
23341	Key to the Archive
23342	Kindred Denial
23343	Lupine Harbingers
23344	Obsessive Collector
23345	Oglor, Devoted Assistant
23346	Ominous Traveler
23347	Patient Zero
23348	Predatory Sludge
23349	Puppet Raiser
23350	Rahilda, Wanted Cutthroat // Rahilda, Feral Outlaw
23351	Ravenous Pursuit
23352	Rimewall Protector
23353	Sanguine Brushstroke
23354	Sap Vitality
23355	Settle the Wilds
23356	Sigardian Evangel
23357	Sinister Reflections
23358	Slayer's Bounty
23359	Soulstealer Axe
23360	Suntail Squadron
23361	Tenacious Pup
23362	Tibalt, Wicked Tormentor
23363	Tireless Angler
23364	Toralf's Disciple
23365	Town-Razer Tyrant
23366	Unexpected Conversion
23367	Veteran Ghoulcaller
23368	Wickerwing Effigy
23369	A-Phylath, World Sculptor
23370	Arteeoh, Dread Scavenger
23371	A-Acererak the Archlich
23372	A-Cloister Gargoyle
23373	A-Dungeon Descent
23374	A-Ellywick Tumblestrum
23375	A-Fates' Reversal
23376	A-Find the Path
23377	A-Precipitous Drop
23378	A-Triumphant Adventurer
23379	A-Lier, Disciple of the Drowned
23380	A-Teferi, Time Raveler
23381	Access Denied
23382	Aerial Surveyor
23383	Akki Battle Squad
23384	Ascendant Acolyte
23385	Chishiro, the Shattered Blade
23386	Collision of Realms
23387	Concord with the Kami
23388	Cyberdrive Awakener
23389	Drumbellower
23390	Go-Shintai of Life's Origin
23391	Imposter Mech
23392	Ironsoul Enforcer
23393	Kaima, the Fractured Calm
23394	Kami of Celebration
23395	Kappa Cannoneer
23396	Katsumasa, the Animator
23397	Komainu Battle Armor
23398	Kosei, Penitent Warlord
23399	Kotori, Pilot Prodigy
23400	Myojin of Blooming Dawn
23401	Myojin of Cryptic Dreams
23402	Myojin of Grim Betrayal
23403	Myojin of Roaring Blades
23404	Myojin of Towering Might
23405	One with the Kami
23406	Organic Extinction
23407	Rampant Rejuvenator
23408	Release to Memory
23409	Research Thief
23410	Ruthless Technomancer
23411	Shorikai, Genesis Engine
23412	Silkguard
23413	Smoke Spirits' Aid
23414	Swift Reconfiguration
23415	Tanuki Transplanter
23416	Universal Surveillance
23417	Yoshimaru, Ever Faithful
23418	Acquisition Octopus
23419	Akki Ember-Keeper
23420	Akki Ronin
23421	Akki War Paint
23422	Ambitious Assault
23423	Ancestral Katana
23424	Anchor to Reality
23425	Ao, the Dawn Sky
23426	Armguard Familiar
23427	Asari Captain
23428	Assassin's Ink
23429	Atsushi, the Blazing Sky
23430	Automated Artificer
23431	Awakened Awareness
23432	Azusa's Many Journeys // Likeness of the Seeker
23433	Bamboo Grove Archer
23434	Banishing Slash
23435	Bearer of Memory
23436	Befriending the Moths // Imperial Moth
23437	Behold the Unspeakable // Vision of the Unspeakable
23438	Biting-Palm Ninja
23439	Blade of the Oni
23440	Blade-Blizzard Kitsune
23441	Blossom Prancer
23442	Boon of Boseiju
23443	Born to Drive
23444	Boseiju Reaches Skyward // Branch of Boseiju
23445	Boseiju, Who Endures
23446	Brilliant Restoration
23447	Bronze Cudgels
23448	Bronzeplate Boar
23449	Brute Suit
23450	Careful Cultivation
23451	Chainflail Centipede
23452	Circuit Mender
23453	Clawing Torment
23454	Cloudsteel Kirin
23455	Coiling Stalker
23456	Colossal Skyturtle
23457	Commune with Spirits
23458	Containment Construct
23459	Covert Technician
23460	Crackling Emergence
23461	Debt to the Kami
23462	Discover the Impossible
23463	Disruption Protocol
23464	Dockside Chef
23465	Dokuchi Shadow-Walker
23466	Dokuchi Silencer
23467	Dragonfly Suit
23468	Dragonspark Reactor
23469	Dramatist's Puppet
23470	Eater of Virtue
23471	Ecologist's Terrarium
23472	Eiganjo Exemplar
23473	Eiganjo Uprising
23474	Eiganjo, Seat of the Empire
23475	Enormous Energy Blade
23476	Enthusiastic Mechanaut
23477	Era of Enlightenment // Hand of Enlightenment
23478	Experimental Synthesizer
23479	Explosive Entry
23480	Explosive Singularity
23481	Fable of the Mirror-Breaker // Reflection of Kiki-Jiki
23482	Fang of Shigeki
23483	Farewell
23484	Favor of Jukai
23485	Flame Discharge
23486	Futurist Operative
23487	Futurist Sentinel
23488	Generous Visitor
23489	Geothermal Kami
23490	Gift of Wrath
23491	Gloomshrieker
23492	Go-Shintai of Ancient Wars
23493	Go-Shintai of Boundless Vigor
23494	Go-Shintai of Hidden Cruelty
23495	Go-Shintai of Lost Wisdom
23496	Go-Shintai of Shared Purpose
23497	Golden-Tail Disciple
23498	Goro-Goro, Disciple of Ryusei
23499	Grafted Growth
23500	Gravelighter
23501	Greasefang, Okiba Boss
23502	Greater Tanuki
23503	Guardians of Oboro
23504	Harmonious Emergence
23505	Heiko Yamazaki, the General
23506	Heir of the Ancient Fang
23507	Hidetsugu Consumes All // Vessel of the All-Consuming
23508	Hidetsugu, Devouring Chaos
23509	High-Speed Hoverbike
23510	Hinata, Dawn-Crowned
23511	Historian's Wisdom
23512	Hotshot Mechanic
23513	Imperial Oath
23514	Imperial Recovery Unit
23515	Imperial Subduer
23516	Inkrise Infiltrator
23517	Intercessor's Arrest
23518	Inventive Iteration // Living Breakthrough
23519	Invigorating Hot Spring
23520	Invoke Calamity
23521	Invoke Despair
23522	Invoke Justice
23523	Invoke the Ancients
23524	Invoke the Winds
23525	Iron Apprentice
23526	Ironhoof Boar
23527	Isshin, Two Heavens as One
23528	Jin-Gitaxias, Progress Tyrant
23529	Jugan Defends the Temple // Remnant of the Rising Star
23530	Jukai Naturalist
23531	Jukai Preserver
23532	Jukai Trainee
23533	Junji, the Midnight Sky
23534	Kairi, the Swirling Sky
23535	Kaito Shizuki
23536	Kaito's Pursuit
23537	Kami of Industry
23538	Kami of Restless Shadows
23539	Kami of Terrible Secrets
23540	Kami of Transience
23541	Kami's Flare
23542	Kappa Tech-Wrecker
23543	Kitsune Ace
23544	Kodama of the West Tree
23545	Kotose, the Silent Spider
23546	Kumano Faces Kakkazan // Etching of Kumano
23547	Kura, the Boundless Sky
23548	Kyodai, Soul of Kamigawa
23549	Leech Gauntlet
23550	Lethal Exploit
23551	Life of Toshiro Umezawa // Memory of Toshiro
23552	Light the Way
23553	Light-Paws, Emperor's Voice
23554	Lion Sash
23555	Lizard Blades
23556	Lucky Offering
23557	Malicious Malfunction
23558	March of Burgeoning Life
23559	March of Otherworldly Light
23560	March of Reckless Joy
23561	March of Swirling Mist
23562	March of Wretched Sorrow
23563	Master's Rebuke
23564	Mech Hangar
23565	Mechtitan Core
23566	Michiko's Reign of Truth // Portrait of Michiko
23567	Mindlink Mech
23568	Mirror Box
23569	Mirrorshell Crab
23570	Mnemonic Sphere
23571	Mobilizer Mech
23572	Moon-Circuit Hacker
23573	Moonfolk Puzzlemaker
23574	Moonsnare Prototype
23575	Moonsnare Specialist
23576	Mothrider Patrol
23577	Mukotai Ambusher
23578	Mukotai Soulripper
23579	Naomi, Pillar of Order
23580	Nashi, Moon Sage's Scion
23581	Network Disruptor
23582	Network Terminal
23583	Nezumi Bladeblesser
23584	Nezumi Prowler
23585	Ninja's Kunai
23586	Norika Yamazaki, the Poet
23587	Ogre-Head Helm
23588	Okiba Reckoner Raid // Nezumi Road Captain
23589	Okiba Salvage
23590	Oni-Cult Anvil
23591	Orochi Merge-Keeper
23592	Otawara, Soaring City
23593	Papercraft Decoy
23594	Patchwork Automaton
23595	Peerless Samurai
23596	Planar Incision
23597	Prodigy's Prototype
23598	Prosperous Thief
23599	Rabbit Battery
23600	Raiyuu, Storm's Edge
23601	Reality Heist
23602	Reckoner Bankbuster
23603	Reckoner Shakedown
23604	Reckoner's Bargain
23605	Regent's Authority
23606	Reinforced Ronin
23607	Reito Sentinel
23608	Repel the Vile
23609	Replication Specialist
23610	Return to Action
23611	Risona, Asari Commander
23612	Roadside Reliquary
23613	Roaring Earth
23614	Runaway Trash-Bot
23615	Saiba Trespassers
23616	Satoru Umezawa
23617	Satsuki, the Living Lore
23618	Scrap Welder
23619	Scrapyard Steelbreaker
23620	Searchlight Companion
23621	Season of Renewal
23622	Secluded Courtyard
23623	Seismic Wave
23624	Selfless Samurai
23625	Seven-Tail Mentor
23626	Shigeki, Jukai Visionary
23627	Short Circuit
23628	Shrine Steward
23629	Silver-Fur Master
23630	Simian Sling
23631	Sky-Blessed Samurai
23632	Skyswimmer Koi
23633	Sokenzan Smelter
23634	Sokenzan, Crucible of Defiance
23635	Soul Transfer
23636	Spinning Wheel Kick
23637	Spirit-Sister's Call
23638	Spirited Companion
23639	Spring-Leaf Avenger
23640	Storyweave
23641	Suit Up
23642	Sunblade Samurai
23643	Surgehacker Mech
23644	Takenuma, Abandoned Mire
23645	Tales of Master Seshiro // Seshiro's Living Legacy
23646	Tameshi, Reality Architect
23647	Tamiyo's Compleation
23648	Tamiyo's Safekeeping
23649	Tamiyo, Compleated Sage
23650	Tatsunari, Toad Rider
23651	Teachings of the Kirin // Kirin-Touched Orochi
23652	Tempered in Solitude
23653	Tezzeret, Betrayer of Flesh
23654	The Dragon-Kami Reborn // Dragon-Kami's Egg
23655	The Fall of Lord Konda // Fragment of Konda
23656	The Kami War // O-Kagachi Made Manifest
23657	The Long Reach of Night // Animus of Night's Reach
23658	The Modern Age // Vector Glider
23659	The Reality Chip
23660	The Restoration of Eiganjo // Architect of Restoration
23661	The Shattered States Era // Nameless Conqueror
23662	The Wandering Emperor
23663	Thousand-Faced Shadow
23664	Thundering Raiju
23665	Thundersteel Colossus
23666	Touch the Spirit Realm
23667	Towashi Guide-Bot
23668	Towashi Songshaper
23669	Tribute to Horobi // Echo of Death's Wail
23670	Twinshot Sniper
23671	Twisted Embrace
23672	Uncharted Haven
23673	Undercity Scrounger
23674	Unforgiving One
23675	Unstoppable Ogre
23676	Upriser Renegade
23677	Virus Beetle
23678	Voltage Surge
23679	Walking Skyscraper
23680	Wanderer's Intervention
23681	Weaver of Harmony
23682	Webspinner Cuff
23683	When We Were Young
23684	You Are Already Dead
23685	Aisha of Sparks and Smoke
23686	Baldin, Century Herdmaster
23687	Immard, the Stormcleaver
23688	Maarika, Brutal Gladiator
23689	Tadeas, Juniper Ascendant
23690	The Howling Abomination
23691	Vikya, Scorching Stalwart
23692	Zethi, Arcane Blademaster
23693	A-Death-Priest of Myrkul
23694	A-Sepulcher Ghoul
23695	A-Alrund, God of the Cosmos // A-Hakka, Whispering Raven
23696	A-Cosmos Charger
23697	A-Narfi, Betrayer King
23698	A-Vega, the Watcher
23699	A-Falcon Abomination
23700	A-Hobbling Zombie
23701	A-Cobbled Lancer
23702	A-Skull Skaab
23703	A-Stitched Assistant
23704	Artillery Enthusiast
23705	Bellowsbreath Ogre
23706	Better Offer
23707	Boseiju Pathlighter
23708	Chronicler of Worship
23709	Consuming Oni
23710	Dragonfly Pilot
23711	Experimental Pilot
23712	Forceful Cultivator
23713	Forgeborn Phoenix
23714	Foundry Beetle
23715	Fragment Reality
23716	Futurist Spellthief
23717	Holographic Double
23718	Imperial Blademaster
23719	Inchblade Companion
23720	Jukai Liberator
23721	Junkyard Scrapper
23722	Kami of Bamboo Groves
23723	Kami of Mourning
23724	Kami of Transmutation
23725	Molten Impact
23726	Mothrider Cavalry
23727	Painful Bond
23728	Runaway Growth
23729	Saiba Syphoner
23730	Semblance Scanner
23731	Soul Servitude
23732	Swarm Saboteur
23733	Undercity Plunder
23734	A-Armory Veteran
23735	A-Bruenor Battlehammer
23736	A-Dwarfhold Champion
23737	A-Plate Armor
23738	A-Shessra, Death's Whisper
23739	A-Blood Artist
23740	A-Canopy Tactician
23741	A-Elderfang Ritualist
23742	A-Elderleaf Mentor
23743	A-Elven Bow
23744	A-Harald Unites the Elves
23745	A-Harald, King of Skemfar
23746	A-Return Upon the Tide
23747	A-Skemfar Avenger
23748	A-Skemfar Elderhall
23749	A-Thornmantle Striker
23750	A-Tyvar Kell
23751	A-Spell Satchel
23752	A-Symmetry Sage
23753	A-Base Camp
23754	A-Goma Fada Vanguard
23755	A-Kargan Intimidator
23756	A-Kargan Warleader
23757	A-Nahiri, Heir of the Ancients
23758	All-Seeing Arbiter
23759	Recruitment Officer
23760	Shivan Devastator
23761	Surge Engine
23762	Workshop Warchief
23763	Krark's Thumb // Krark's Thumb
23764	Okaun, Eye of Chaos // Okaun, Eye of Chaos
23765	Propaganda // Propaganda
23766	Stitch in Time // Stitch in Time
23767	Zndrsplt, Eye of Wisdom // Zndrsplt, Eye of Wisdom
23768	Aerial Extortionist
23769	Agent's Toolkit
23770	Angelic Sleuth
23771	Anhelo, the Painter
23772	Audacious Swap
23773	Aven Courier
23774	Bellowing Mauler
23775	Bennie Bracks, Zoologist
23776	Bess, Soul Nourisher
23777	Body Count
23778	Boss's Chauffeur
23779	Boxing Ring
23780	Bribe Taker
23781	Brokers Confluence
23782	Cabaretti Confluence
23783	Caldaia Guardian
23784	Cephalid Facetaker
23785	Change of Plans
23786	Contractual Safeguard
23787	Crash the Party
23788	Cryptic Pursuit
23789	Currency Converter
23790	Damning Verdict
23791	Denry Klin, Editor in Chief
23792	Determined Iteration
23793	Dodgy Jalopy
23794	Dogged Detective
23795	Extravagant Replication
23796	False Floor
23797	Family's Favor
23798	First Responder
23799	Flawless Forgery
23800	Gavel of the Righteous
23801	Grand Crescendo
23802	Grime Gorger
23803	Henzie "Toolbox" Torre
23804	In Too Deep
23805	Indulge // Excess
23806	Industrial Advancement
23807	Jailbreak
23808	Jolene, the Plunder Queen
23809	Kamiz, Obscura Oculus
23810	Killer Service
23811	Kitt Kanto, Mayhem Diva
23812	Kros, Defense Contractor
23813	Lethal Scheme
23814	Life Insurance
23815	Life of the Party
23816	Maestros Confluence
23817	Make an Example
23818	Mari, the Killing Quill
23819	Mask of the Schemer
23820	Master of Ceremonies
23821	Mezzio Mugger
23822	Misfortune Teller
23823	Next of Kin
23824	Obscura Confluence
23825	Oskar, Rubbish Reclaimer
23826	Park Heights Maverick
23827	Parnesse, the Subtle Brush
23828	Perrie, the Pulverizer
23829	Phabine, Boss's Confidant
23830	Prosperous Partnership
23831	Protection Racket
23832	Rain of Riches
23833	Resourceful Defense
23834	Riveteers Confluence
23835	Rose Room Treasurer
23836	Scepter of Celebration
23837	Seize the Spotlight
23838	Shield Broker
23839	Sinister Concierge
23840	Skyboon Evangelist
23841	Skyway Robber
23842	Smuggler's Buggy
23843	Smuggler's Share
23844	Spellbinding Soprano
23845	Spiteful Repossession
23846	Storm of Forms
23847	Swindler's Scheme
23848	Syrix, Carrier of the Flame
23849	Tenuous Truce
23850	The Beamtown Bullies
23851	Threefold Signal
23852	Tivit, Seller of Secrets
23853	Turf War
23854	Vazi, Keen Negotiator
23855	Vivien's Stampede
23856	Waste Management
23857	Wave of Rats
23858	Weathered Sentinels
23859	Writ of Return
23860	Xander's Pact
23861	Angel of Suffering
23862	Arcane Bombardment
23863	Aven Heartstabber
23864	Black Market Tycoon
23865	Body Launderer
23866	Bootleggers' Stash
23867	Brokers Ascendancy
23868	Cabaretti Ascendancy
23869	Cemetery Tampering
23870	Corpse Explosion
23871	Cut Your Losses
23872	Cut of the Profits
23873	Depopulate
23874	Devilish Valet
23875	Elspeth Resplendent
23876	Endless Detour
23877	Errant, Street Artist
23878	Evelyn, the Covetous
23879	Even the Score
23880	Evolving Door
23881	Extraction Specialist
23882	Falco Spara, Pactweaver
23883	Fight Rigging
23884	Fleetfoot Dancer
23885	Gala Greeters
23886	Getaway Car
23887	Giada, Font of Hope
23888	Halo Fountain
23889	Hoard Hauler
23890	Hostile Takeover
23891	Incandescent Aria
23892	Jaxis, the Troublemaker
23893	Jetmir's Garden
23894	Jetmir, Nexus of Revels
23895	Jinnie Fay, Jetmir's Second
23896	Ledger Shredder
23897	Lord Xander, the Collector
23898	Luxior, Giada's Gift
23899	Maestros Ascendancy
23900	Maestros Diabolist
23901	Meeting of the Five
23902	Mysterious Limousine
23903	Ob Nixilis, the Adversary
23904	Obscura Ascendancy
23905	Obscura Interceptor
23906	Ognis, the Dragon's Lash
23907	Park Heights Pegasus
23908	Professional Face-Breaker
23909	Rabble Rousing
23910	Raffine's Tower
23911	Raffine, Scheming Seer
23912	Reservoir Kraken
23913	Rigo, Streetwise Mentor
23914	Riveteers Ascendancy
23915	Sanctuary Warden
23916	Sanguine Spy
23917	Scheming Fence
23918	Shadow of Mortality
23919	Shakedown Heavy
23920	Soul of Emancipation
23921	Spara's Headquarters
23922	Structural Assault
23923	Tenacious Underdog
23924	Titan of Industry
23925	Toluz, Clever Conductor
23926	Topiary Stomper
23927	Undercover Operative
23928	Unleash the Inferno
23929	Unlicensed Hearse
23930	Urabrask, Heretic Praetor
23931	Vivien on the Hunt
23932	Void Rend
23933	Widespread Thieving
23934	Wiretapping
23935	Xander's Lounge
23936	Ziatora's Envoy
23937	Ziatora's Proving Ground
23938	Ziatora, the Incinerator
23939	A Little Chat
23940	An Offer You Can't Refuse
23941	Angelic Observer
23942	Antagonize
23943	Arc Spitter
23944	Attended Socialite
23945	Backstreet Bruiser
23946	Backup Agent
23947	Ballroom Brawlers
23948	Big Score
23949	Body Dropper
23950	Boon of Safety
23951	Botanical Plaza
23952	Bouncer's Beatdown
23953	Brass Knuckles
23954	Brazen Upstart
23955	Brokers Charm
23956	Brokers Hideout
23957	Brokers Initiate
23958	Brokers Veteran
23959	Buy Your Silence
23960	Cabaretti Charm
23961	Cabaretti Courtyard
23962	Cabaretti Initiate
23963	Caldaia Strongarm
23964	Call In a Professional
23965	Capenna Express
23966	Case the Joint
23967	Celebrity Fencer
23968	Celestial Regulator
23969	Cement Shoes
23970	Ceremonial Groundbreaker
23971	Chrome Cat
23972	Citizen's Crowbar
23973	Civic Gardener
23974	Civil Servant
23975	Cleanup Crew
23976	Cormela, Glamour Thief
23977	Corpse Appraiser
23978	Courier's Briefcase
23979	Crew Captain
23980	Crooked Custodian
23981	Cutthroat Contender
23982	Dapper Shieldmate
23983	Daring Escape
23984	Darling of the Masses
23985	Deal Gone Bad
23986	Demon's Due
23987	Dig Up the Body
23988	Disciplined Duelist
23989	Dusk Mangler
23990	Echo Inspector
23991	Elegant Entourage
23992	Exhibition Magician
23993	Exotic Pets
23994	Expendable Lackey
23995	Extract the Truth
23996	Fake Your Own Death
23997	Fatal Grudge
23998	For the Family
23999	Forge Boss
24000	Freelance Muscle
24001	Gathering Throng
24002	Gilded Pinions
24003	Girder Goons
24004	Glamorous Outlaw
24005	Glittering Stockpile
24006	Glittermonger
24007	Goldhound
24008	Graveyard Shift
24009	Grisly Sigil
24010	Halo Scarab
24011	High-Rise Sawjack
24012	Hold for Ransom
24013	Hypnotic Grifter
24014	Illicit Shipment
24015	Illuminator Virtuoso
24016	Incriminate
24017	Inspiring Overseer
24018	Involuntary Employment
24019	Jackhammer
24020	Jetmir's Fixer
24021	Jewel Thief
24022	Join the Maestros
24023	Knockout Blow
24024	Lagrella, the Magpie
24025	Light 'Em Up
24026	Luxurious Libation
24027	Maestros Charm
24028	Maestros Initiate
24029	Maestros Theater
24030	Mage's Attendant
24031	Majestic Metamorphosis
24032	Make Disappear
24033	Masked Bandits
24034	Mayhem Patrol
24035	Metropolis Angel
24036	Midnight Assassin
24037	Most Wanted
24038	Mr. Orfeo, the Boulder
24039	Night Clubber
24040	Nimble Larcenist
24041	Obscura Charm
24042	Obscura Initiate
24043	Obscura Storefront
24044	Ominous Parcel
24045	Out of the Way
24046	Paragon of Modernity
24047	Patch Up
24048	Plasma Jockey
24049	Prizefight
24050	Psionic Snoop
24051	Psychic Pickpocket
24052	Public Enemy
24053	Pugnacious Pugilist
24054	Pyre-Sledge Arsonist
24055	Queza, Augur of Agonies
24056	Quick-Draw Dagger
24057	Racers' Ring
24058	Raffine's Guidance
24059	Raffine's Informant
24060	Raffine's Silencer
24061	Rakish Revelers
24062	Ready to Rumble
24063	Refuse to Yield
24064	Revel Ruiner
24065	Revelation of Power
24066	Rhox Pummeler
24067	Riveteers Charm
24068	Riveteers Decoy
24069	Riveteers Initiate
24070	Riveteers Overlook
24071	Riveteers Requisitioner
24072	Rob the Archives
24073	Rocco, Cabaretti Caterer
24074	Rogues' Gallery
24075	Rooftop Nuisance
24076	Rumor Gatherer
24077	Run Out of Town
24078	Scuttling Butler
24079	Security Bypass
24080	Security Rhox
24081	Sewer Crocodile
24082	Shattered Seraph
24083	Sizzling Soloist
24084	Sky Crier
24085	Skybridge Towers
24086	Sleep with the Fishes
24087	Slip Out the Back
24088	Snooping Newsie
24089	Social Climber
24090	Spara's Adjudicators
24091	Speakeasy Server
24092	Sticky Fingers
24093	Stimulus Package
24094	Strangle
24095	Swooping Protector
24096	Syndicate Infiltrator
24097	Tainted Indulgence
24098	Take to the Streets
24099	Torch Breath
24100	Tramway Station
24101	Unlucky Witness
24102	Vampire Scrivener
24103	Venom Connoisseur
24104	Voice of the Vermin
24105	Warm Welcome
24106	Waterfront District
24107	Whack
24108	Wingshield Agent
24109	Witness Protection
24110	Witty Roastmaster
24111	Wrecking Crew
24112	Agent of Raffine
24113	Arming Gala
24114	Back-Alley Gardener
24115	Bank Job
24116	Big Spender
24117	Bind to Secrecy
24118	Brokers' Safeguard
24119	Cabaretti Revels
24120	Celestial Vault
24121	Choice of Fortunes
24122	Diviner of Fates
24123	Effluence Devourer
24124	Giant Regrowth
24125	Graven Archfiend
24126	Herald of Vengeance
24127	Loose in the Park
24128	Menagerie Curator
24129	Nightclub Bouncer
24130	Obscura Polymorphist
24131	Pass the Torch
24132	Racketeer Boss
24133	Riveteers Provocateur
24134	Rope Line Attendant
24135	Shattering Finale
24136	Skyline Savior
24137	Spara's Bodyguard
24138	Spelldrain Assassin
24139	Syndicate Recruiter
24140	Traumatic Prank
24141	Xander's Wake
24142	Aarakocra Sneak
24143	Abdel Adrian, Gorion's Ward
24144	Aboleth Spawn
24145	Acolyte of Bahamut
24146	Agent of the Iron Throne
24147	Agent of the Shadow Thieves
24148	Alaundo the Seer
24149	Alora, Merry Thief
24150	Altar of Bhaal // Bone Offering
24151	Amber Gristle O'Maul
24152	Ambitious Dragonborn
24153	Amethyst Dragon // Explosive Crystal
24154	Ancient Brass Dragon
24155	Ancient Bronze Dragon
24156	Ancient Copper Dragon
24157	Ancient Gold Dragon
24158	Ancient Silver Dragon
24159	Archivist of Oghma
24160	Armor of Shadows
24161	Arms of Hadar
24162	Artificer Class
24163	Ascend from Avernus
24164	Astarion's Thirst
24165	Astarion, the Decadent
24166	Astral Confrontation
24167	Astral Dragon
24168	Atrocious Experiment
24169	Avenging Hunter
24170	Baba Lysaga, Night Witch
24171	Baeloth Barrityl, Entertainer
24172	Baldur's Gate
24173	Balor
24174	Bane's Contingency
24175	Bane's Invoker
24176	Bane, Lord of Darkness
24177	Banishment
24178	Barroom Brawl
24179	Basilisk Gate
24180	Battle Angels of Tyr
24181	Beckoning Will-o'-Wisp
24182	Bhaal's Invoker
24183	Bhaal, Lord of Murder
24184	Black Dragon Gate
24185	Black Market Connections
24186	Blessed Hippogriff // Tyr's Blessing
24187	Blood Money
24188	Bloodboil Sorcerer
24189	Blur
24190	Bonecaller Cleric
24191	Bothersome Quasit
24192	Brainstealer Dragon
24193	Breath Weapon
24194	Bronze Walrus
24195	Burakos, Party Leader
24196	Cadira, Caller of the Small
24197	Call to the Void
24198	Campfire
24199	Candlekeep Inspiration
24200	Candlekeep Sage
24201	Captain N'ghathrod
24202	Carefree Swinemaster
24203	Carnelian Orb of Dragonkind
24204	Caves of Chaos Adventurer
24205	Chain Devil
24206	Chardalyn Dragon
24207	Circle of the Land Druid
24208	Citadel Gate
24209	Clan Crafter
24210	Cliffgate
24211	Cloak of the Bat
24212	Cloakwood Hermit
24213	Cloakwood Swarmkeeper
24214	Clockwork Fox
24215	Cloudkill
24216	Colossal Badger // Dig Deep
24217	Commander Liara Portyr
24218	Cone of Cold
24219	Contraband Livestock
24220	Coronation of Chaos
24221	Criminal Past
24222	Crystal Dragon // Rob the Hoard
24223	Cultist of the Absolute
24224	Cut a Deal
24225	Death Kiss
24226	Decanter of Endless Water
24227	Deep Gnome Terramancer
24228	Delayed Blast Fireball
24229	Descent into Avernus
24230	Dire Mimic
24231	Displacer Kitten
24232	Draconic Lore
24233	Draconic Muralists
24234	Dragon Cultist
24235	Dragonborn Looter
24236	Dread Linnorm // Scale Deflection
24237	Drillworks Mole
24238	Druid of the Emerald Grove
24239	Druidic Ritual
24240	Duke Ulder Ravengard
24241	Dungeon Delver
24242	Dungeoneer's Pack
24243	Durnan of the Yawning Portal
24244	Dynaheir, Invoker Adept
24245	Earth Tremor
24246	Earthquake Dragon
24247	Elder Brain
24248	Eldritch Pact
24249	Ellyn Harbreeze, Busybody
24250	Elminster
24251	Elminster's Simulacrum
24252	Elturel Survivors
24253	Emerald Dragon // Dissonant Wave
24254	Endless Evil
24255	Erinis, Gloom Stalker
24256	Ettercap // Web Shot
24257	Explore the Underdark
24258	Faceless One
24259	Faldorn, Dread Wolf Herald
24260	Fang Dragon // Forktail Sweep
24261	Far Traveler
24262	Feywild Caretaker
24263	Feywild Visitor
24264	Firbolg Flutist
24265	Firkraag, Cunning Instigator
24266	Flaming Fist
24267	Flaming Fist Officer
24268	Folk Hero
24269	Font of Magic
24270	Fraying Line
24271	From the Catacombs
24272	Gale's Redirection
24273	Gale, Waterdeep Prodigy
24274	Ganax, Astral Hunter
24275	Genasi Enforcers
24276	Ghastly Death Tyrant
24277	Ghost Lantern // Bind Spirit
24278	Giant Ankheg
24279	Githzerai Monk
24280	Gluntch, the Bestower
24281	Gnoll War Band
24282	Goggles of Night
24283	Goliath Paladin
24284	Gond Gate
24285	Gorion, Wise Mentor
24286	Gray Harbor Merfolk
24287	Gray Slaad // Entropic Decay
24288	Greatsword of Tyr
24289	Green Slime
24290	Grell Philosopher
24291	Guardian Naga // Banishing Coils
24292	Guiding Bolt
24293	Guild Artisan
24294	Guildsworn Prowler
24295	Gut, True Soul Zealot
24296	Halsin, Emerald Archdruid
24297	Hammers of Moradin
24298	Hardy Outlander
24299	Harper Recruiter
24300	Haunted One
24301	Heap Gate
24302	Hezrou // Demonic Stench
24303	Horn of Valhalla // Ysgard's Call
24304	Icewind Stalwart
24305	Illithid Harvester // Plant Tadpoles
24306	Imoen, Mystic Trickster
24307	Ingenious Artillerist
24308	Inspired Tinkering
24309	Inspiring Leader
24310	Insufferable Balladeer
24311	Intellect Devourer
24312	Irenicus's Vile Duplication
24313	Iron Mastiff
24314	Jade Orb of Dragonkind
24315	Jaheira's Respite
24316	Jaheira, Friend of the Forest
24317	Jan Jansen, Chaos Crafter
24318	Javelin of Lightning
24319	Jon Irenicus, Shattered One
24320	Journey to the Lost City
24321	Juvenile Mist Dragon
24322	Kagha, Shadow Archdruid
24323	Karlach, Fury of Avernus
24324	Kenku Artificer
24325	Korlessa, Scale Singer
24326	Lae'zel's Acrobatics
24327	Lae'zel, Vlaakith's Champion
24328	Lantern of Revealing
24329	Lapis Orb of Dragonkind
24330	Legion Loyalty
24331	Livaan, Cultist of Tiamat
24332	Loot Dispute
24333	Lozhan, Dragons' Legacy
24334	Lulu, Loyal Hollyphant
24335	Lurking Green Dragon
24336	Mahadi, Emporium Master
24337	Majestic Genesis
24338	Manor Gate
24339	Marching Duodrone
24340	Marut
24341	Master Chef
24342	Mazzy, Truesword Paladin
24343	Mighty Servant of Leuk-o
24344	Miirym, Sentinel Wyrm
24345	Minsc & Boo, Timeless Heroes
24346	Minthara, Merciless Soul
24347	Mirror of Life Trapping
24348	Mocking Doppelganger
24349	Modify Memory
24350	Mold Folk
24351	Monster Manual // Zoological Study
24352	Moonshae Pixie // Pixie Dust
24353	Multiclass Baldric
24354	Myconid Spore Tender
24355	Myrkul's Edict
24356	Myrkul's Invoker
24357	Myrkul, Lord of Bones
24358	Mystery Key
24359	Nalfeshnee
24360	Nalia de'Arnise
24361	Nautiloid Ship
24362	Navigation Orb
24363	Neera, Wild Mage
24364	Nefarious Imp
24365	Nemesis Phoenix
24366	Nimbleclaw Adept
24367	Nimblewright Schematic
24368	Nine-Fingers Keene
24369	Noble Heritage
24370	Noble's Purse
24371	Nothic
24372	Oceanus Dragon
24373	Oji, the Exquisite Blade
24374	Overwhelming Encounter
24375	Owlbear Cub
24376	Owlbear Shepherd
24377	Pack Attack
24378	Pact Weapon
24379	Passageway Seer
24380	Passionate Archaeologist
24381	Patriar's Seal
24382	Patron of the Arts
24383	Pegasus Guardian // Rescue the Foal
24384	Poison the Blade
24385	Popular Entertainer
24386	Prized Statue
24387	Pseudodragon Familiar
24388	Psionic Ritual
24389	Raggadragga, Goreguts Boss
24390	Raised by Giants
24391	Raphael, Fiendish Savior
24392	Rasaad yn Bashir
24393	Ravenloft Adventurer
24394	Reckless Barbarian
24395	Recruitment Drive
24396	Renari, Merchant of Marvels
24397	Rescuer Chwinga
24398	Rilsa Rael, Kingpin
24399	Robe of the Archmagi
24400	Roving Harper
24401	Rug of Smothering
24402	Saddle of the Cavalier
24403	Safana, Calimport Cutthroat
24404	Sailors' Bane
24405	Sapphire Dragon // Psionic Pulse
24406	Sarevok's Tome
24407	Sarevok, Deathbringer
24408	Scaled Nurturer
24409	Scion of Halaster
24410	Scouting Hawk
24411	Sculpted Sunburst
24412	Sea Gate
24413	Sea Hag // Aquatic Ingress
24414	Seasoned Dungeoneer
24415	Shadowheart, Dark Justiciar
24416	Shameless Charlatan
24417	Sharpshooter Elf
24418	Sigil of Myrkul
24419	Silvanus's Invoker
24420	Sivriss, Nightmare Speaker
24421	Skanos Dragonheart
24422	Solemn Doomguide
24423	Spectacular Showdown
24424	Split the Spoils
24425	Steadfast Unicorn
24426	Stick Together
24427	Stirge
24428	Stirring Bard
24429	Stoneskin
24430	Stonespeaker Crystal
24431	Storm King's Thunder
24432	Street Urchin
24433	Stunning Strike
24434	Summon Undead
24435	Swashbuckler Extraordinaire
24436	Sword Coast Sailor
24437	Sword Coast Serpent // Capsizing Wave
24438	Tabaxi Toucaneers
24439	Tasha, the Witch Queen
24440	Taunting Kobold
24441	Tavern Brawler
24442	The Council of Four
24443	Thrakkus the Butcher
24444	Thunderwave
24445	Tiamat's Fanatics
24446	Tlincalli Hunter // Retrieve Prey
24447	Tomb of Horrors Adventurer
24448	Topaz Dragon // Entropic Cloud
24449	Trailblazer's Torch
24450	Two-Handed Axe // Sweeping Cleave
24451	Tymora's Invoker
24452	Uchuulon
24453	Undercellar Myconid
24454	Undercellar Sweep
24455	Underdark Explorer
24456	Undermountain Adventurer
24457	Venture Forth
24458	Veteran Soldier
24459	Vexing Puzzlebox
24460	Vhal, Candlekeep Researcher
24461	Vicious Battlerager
24462	Viconia, Drow Apostate
24463	Volo, Itinerant Scholar
24464	Vrock
24465	Wand of Wonder
24466	Warehouse Thief
24467	White Plume Adventurer
24468	Wild Magic Surge
24469	Wilson, Refined Grizzly
24470	Windshaper Planetar
24471	Winter Eladrin
24472	Wizards of Thay
24473	Wrathful Red Dragon
24474	Wyll's Reversal
24475	Wyll, Blade of Frontiers
24476	Wyrm's Crossing Patrol
24477	You Look Upon the Tarrasque
24478	You're Confronted by Robbers
24479	You've Been Caught Stealing
24480	Young Blue Dragon // Sand Augury
24481	Young Red Dragon // Bathe in Gold
24482	Your Temple Is Under Attack
24483	Zellix, Sanity Flayer
24484	Zevlor, Elturel Exile
24485	Zhentarim Bandit
24486	Baldur's Gate Wilderness
24487	A-Ochre Jelly
24488	A-Sorcerer Class
24489	A-Cauldron Familiar
24490	A-Dawnbringer Cleric
24491	A-Earthquake Dragon
24492	A-Krydle of Baldur's Gate
24493	A-Minsc & Boo, Timeless Heroes
24494	Alora, Cheerful Assassin
24495	Alora, Cheerful Mastermind
24496	Alora, Cheerful Scout
24497	Alora, Cheerful Swashbuckler
24498	Alora, Cheerful Thief
24499	Alora, Rogue Companion
24500	Ambergris, Agent of Balance
24501	Ambergris, Agent of Destruction
24502	Ambergris, Agent of Law
24503	Ambergris, Agent of Progress
24504	Ambergris, Agent of Tyranny
24505	Ambergris, Citadel Agent
24506	Arcane Archery
24507	Boareskyr Tollkeeper
24508	Calim, Djinn Emperor
24509	Champions of Tyr
24510	Chaos Balor
24511	Craving of Yeenoghu
24512	Dragonborn Immolator
24513	Favored Enemy
24514	Flames of Moradin
24515	Flaming Fist Duskguard
24516	Follow the Tracks
24517	Gale, Abyssal Conduit
24518	Gale, Conduit of the Arcane
24519	Gale, Holy Conduit
24520	Gale, Primeval Conduit
24521	Gale, Storm Conduit
24522	Gale, Temporal Conduit
24523	Gate of the Black Dragon
24524	Gate to Manorborn
24525	Gate to Seatower
24526	Gate to Tumbledown
24527	Gate to the Citadel
24528	Genasi Rabble-Rouser
24529	Giant Fire Beetles
24530	Gnoll Hunting Party
24531	Goblin Trapfinder
24532	Grave Choice
24533	Gut, Bestial Fanatic
24534	Gut, Brutal Fanatic
24535	Gut, Devious Fanatic
24536	Gut, Fanatical Priestess
24537	Gut, Furious Fanatic
24538	Gut, Zealous Fanatic
24539	Hag of Ceaseless Torment
24540	Hag of Dark Duress
24541	Hag of Death's Legion
24542	Hag of Inner Weakness
24543	Hag of Mage's Doom
24544	Hag of Noxious Nightmares
24545	Hag of Scoured Thoughts
24546	Hag of Syphoned Breath
24547	Hag of Twisted Visions
24548	Hook Horror
24549	Hypnotic Pattern
24550	Imoen, Chaotic Trickster
24551	Imoen, Honorable Trickster
24552	Imoen, Occult Trickster
24553	Imoen, Trickster Friend
24554	Imoen, Wily Trickster
24555	Imoen, Wise Trickster
24556	Incessant Provocation
24557	Jaheira, Harper Emissary
24558	Jaheira, Heroic Harper
24559	Jaheira, Insightful Harper
24560	Jaheira, Merciful Harper
24561	Jaheira, Ruthless Harper
24562	Jaheira, Stirring Harper
24563	Jon Irenicus, the Exile
24564	Kardum, Patron of Flames
24565	Karlach, Raging Tiefling
24566	Karlach, Tiefling Berserker
24567	Karlach, Tiefling Guardian
24568	Karlach, Tiefling Punisher
24569	Karlach, Tiefling Spellrager
24570	Karlach, Tiefling Zealot
24571	Klement, Death Acolyte
24572	Klement, Knowledge Acolyte
24573	Klement, Life Acolyte
24574	Klement, Nature Acolyte
24575	Klement, Novice Acolyte
24576	Klement, Tempest Acolyte
24577	Kobold Warcaller
24578	Lae'zel, Blessed Warrior
24579	Lae'zel, Callous Warrior
24580	Lae'zel, Githyanki Warrior
24581	Lae'zel, Illithid Thrall
24582	Lae'zel, Primal Warrior
24583	Lae'zel, Wrathful Warrior
24584	Liara of the Flaming Fist
24585	Lizardfolk Librarians
24586	Lukamina, Bear Form
24587	Lukamina, Crocodile Form
24588	Lukamina, Hawk Form
24589	Lukamina, Moon Druid
24590	Lukamina, Scorpion Form
24591	Lukamina, Wolf Form
24592	Lulu, Curious Hollyphant
24593	Lulu, Forgetful Hollyphant
24594	Lulu, Helpful Hollyphant
24595	Lulu, Inspiring Hollyphant
24596	Lulu, Vengeful Hollyphant
24597	Lulu, Wild Hollyphant
24598	Mace of Disruption
24599	Mephit's Enthusiasm
24600	Mind Spike
24601	Minthara of the Absolute
24602	Moradin's Disciples
24603	Oyaminartok, Polar Werebear
24604	Patriar's Humiliation
24605	Ranger Squadron
24606	Rasaad, Dragon Monk
24607	Rasaad, Monk of Selûne
24608	Rasaad, Radiant Monk
24609	Rasaad, Shadow Monk
24610	Rasaad, Sylvan Monk
24611	Rasaad, Warrior Monk
24612	Sarevok the Usurper
24613	Sarevok, Deadly Usurper
24614	Sarevok, Deceitful Usurper
24615	Sarevok, Divine Usurper
24616	Sarevok, Ferocious Usurper
24617	Sarevok, Mighty Usurper
24618	Seatower Imprisonment
24619	Seek New Knowledge
24620	Sewer Plague
24621	Shadowheart, Cleric of Graves
24622	Shadowheart, Cleric of Order
24623	Shadowheart, Cleric of Trickery
24624	Shadowheart, Cleric of Twilight
24625	Shadowheart, Cleric of War
24626	Shadowheart, Sharran Cleric
24627	Signature Spells
24628	Skanos, Black Dragon Vassal
24629	Skanos, Blue Dragon Vassal
24630	Skanos, Dragon Vassal
24631	Skanos, Green Dragon Vassal
24632	Skanos, Red Dragon Vassal
24633	Skanos, White Dragon Vassal
24634	Snowborn Simulacra
24635	Soldiers of the Watch
24636	Stroke of Luck
24637	Sune's Intervention
24638	Sworn to the Legion
24639	Tasha, Unholy Archmage
24640	Thayan Evokers
24641	The Hourglass Coven
24642	Tiefling Outcasts
24643	Ulder Ravengard, Marshal
24644	Undersimplify
24645	Unexpected Allies
24646	Uthgardt Fury
24647	Valiant Farewell
24648	Verdant Rejuvenation
24649	Vhal, Eager Scholar
24650	Vhal, Scholar of Creation
24651	Vhal, Scholar of Elements
24652	Vhal, Scholar of Mortality
24653	Vhal, Scholar of Prophecy
24654	Vhal, Scholar of Tactics
24655	Viconia, Disciple of Arcana
24656	Viconia, Disciple of Blood
24657	Viconia, Disciple of Rebirth
24658	Viconia, Disciple of Strength
24659	Viconia, Disciple of Violence
24660	Viconia, Nightsinger's Disciple
24661	Vladimir and Godfrey
24662	Warriors of Tiamat
24663	Water Weird
24664	Wilson, Ardent Bear
24665	Wilson, Bear Comrade
24666	Wilson, Fearsome Bear
24667	Wilson, Majestic Bear
24668	Wilson, Subtle Bear
24669	Wilson, Urbane Bear
24670	Wizened Githzerai
24671	Wyll of the Blade Pact
24672	Wyll of the Celestial Pact
24673	Wyll of the Elder Pact
24674	Wyll of the Fey Pact
24675	Wyll of the Fiend Pact
24676	Wyll, Pact-Bound Duelist
24677	You Line Up the Shot
24678	Yuan-Ti Scaleshield
24679	A-Winota, Joiner of Forces
24680	A-Bretagard Stronghold
24681	A-Fall of the Impostor
24682	A-Dragon's Rage Channeler
24683	A-Ardent Dustspeaker
24684	A-Dueling Coach
24685	A-Maelstrom Muse
24686	A-Mentor's Guidance
24687	A-Rowan, Scholar of Sparks // A-Will, Scholar of Frost
24688	A-Tanazir Quandrix
24689	A-Tenured Inkcaster
24690	A-Tome Shredder
24691	A-Sigardian Paladin
24692	A-Gnarlid Colony
24693	A-Hagra Constrictor
24694	A-Iridescent Hornbeetle
24695	A-Master of Winds
24696	A-Moss-Pit Skeleton
24697	A-Oran-Rief Ooze
24698	A-Rockslide Sorcerer
24699	A-Skyclave Shadowcat
24700	A-Umara Mystic
24701	Cryptic Spires
24702	Andrios, Roaming Explorer
24703	Byode, Inverse Sun
24704	Ersta, Friend to All
24705	A-Baleful Beholder
24706	A-Blessed Hippogriff // A-Tyr's Blessing
24707	A-Carnelian Orb of Dragonkind
24708	A-Circle of the Land Druid
24709	A-Dragonborn Looter
24710	A-Druidic Ritual
24711	A-Emerald Dragon // A-Dissonant Wave
24712	A-Eyes of the Beholder
24713	A-Goggles of Night
24714	A-Guildsworn Prowler
24715	A-Jade Orb of Dragonkind
24716	A-Kenku Artificer
24717	A-Lantern of Revealing
24718	A-Lapis Orb of Dragonkind
24719	A-Manticore
24720	A-Navigation Orb
24721	A-Pseudodragon Familiar
24722	A-Sigil of Myrkul
24723	A-Split the Spoils
24724	A-Steadfast Unicorn
24725	A-You Come to a River
24726	A-Young Blue Dragon // A-Sand Augury
24727	A-Young Red Dragon // A-Bathe in Gold
24728	Urza, Prince of Kroog
24729	Activated Sleeper
24730	Ayesha Tanaka, Armorer
24731	Baru, Wurmspeaker
24732	Bladewing, Deathless Tyrant
24733	Cadric, Soul Kindler
24734	Dihada, Binder of Wills
24735	Emperor Mihail II
24736	Fallaji Wayfarer
24737	General Marhault Elsdragon
24738	Gerrard's Hourglass Pendant
24739	Greensleeves, Maro-Sorcerer
24740	Hazezon, Shaper of Sand
24741	Historian's Boon
24742	Iridian Maelstrom
24743	Jared Carthalion
24744	Jasmine Boreal of the Seven
24745	Jedit Ojanen, Mercenary
24746	Jenson Carthalion, Druid Exile
24747	Mana Cannons
24748	Moira, Urborg Haunt
24749	Obsidian Obelisk
24750	Ohabi Caleria
24751	Orca, Siege Demon
24752	Primeval Spawn
24753	Ramirez DePietro, Pillager
24754	Ramses, Assassin Lord
24755	Rasputin, the Oneiromancer
24756	Robaran Mercenaries
24757	Rohgahh, Kher Keep Overlord
24758	Rosnakht, Heir of Rohgahh
24759	Shanid, Sleepers' Scourge
24760	Sivitri, Dragon Master
24761	Stangg, Echo Warrior
24762	Tetsuo, Imperial Champion
24763	The Ever-Changing 'Dane
24764	The Lady of Otaria
24765	The Mana Rig
24766	The Peregrine Dynamo
24767	The Reaver Cleaver
24768	Tiller Engine
24769	Tobias, Doomed Conqueror
24770	Tor Wauki the Younger
24771	Torsten, Founder of Benalia
24772	Two-Headed Hellkite
24773	Unite the Coalition
24774	Verrak, Warped Sengir
24775	Xira, the Golden Sting
24776	Zeriam, Golden Wind
24777	Academy Loremaster
24778	Academy Wall
24779	Aether Channeler
24780	Aggressive Sabotage
24781	Ajani, Sleeper Agent
24782	Anointed Peacekeeper
24783	Archangel of Wrath
24784	Argivian Cavalier
24785	Argivian Phalanx
24786	Aron, Benalia's Ruin
24787	Artillery Blast
24788	Astor, Bearer of Blades
24789	Automatic Librarian
24790	Baird, Argivian Recruiter
24791	Balduvian Atrocity
24792	Balduvian Berserker
24793	Balmor, Battlemage Captain
24794	Barkweave Crusher
24795	Battle-Rage Blessing
24796	Battlefly Swarm
24797	Battlewing Mystic
24798	Benalish Faithbonder
24799	Benalish Sleeper
24800	Bite Down
24801	Blight Pile
24802	Bog Badger
24803	Bortuk Bonerattle
24804	Braids's Frightful Return
24805	Braids, Arisen Nightmare
24806	Briar Hydra
24807	Chaotic Transformation
24808	Charismatic Vanguard
24809	Choking Miasma
24810	Citizen's Arrest
24811	Cleaving Skyrider
24812	Clockwork Drawbridge
24813	Coalition Skyknight
24814	Coalition Warbrute
24815	Colossal Growth
24816	Combat Research
24817	Contaminated Aquifer
24818	Coral Colony
24819	Cosmic Epiphany
24820	Crystal Grotto
24821	Cult Conscript
24822	Cut Down
24823	Danitha, Benalia's Hope
24824	Deathbloom Gardener
24825	Defiler of Dreams
24826	Defiler of Faith
24827	Defiler of Flesh
24828	Defiler of Instinct
24829	Defiler of Vigor
24830	Destroy Evil
24831	Djinn of the Fountain
24832	Drag to the Bottom
24833	Eerie Soultender
24834	Elas il-Kor, Sadistic Pilgrim
24835	Electrostatic Infantry
24836	Elfhame Wurm
24837	Elvish Hydromancer
24838	Ertai Resurrected
24839	Ertai's Scorn
24840	Evolved Sleeper
24841	Extinguish the Light
24842	Fires of Victory
24843	Floriferous Vinewall
24844	Flowstone Infusion
24845	Flowstone Kavu
24846	Founding the Third Path
24847	Frostfist Strider
24848	Furious Bellow
24849	Garna, Bloodfist of Keld
24850	Geothermal Bog
24851	Ghitu Amplifier
24852	Gibbering Barricade
24853	Goblin Picker
24854	Golden Argosy
24855	Guardian of New Benalia
24856	Haughty Djinn
24857	Haunted Mire
24858	Haunting Figment
24859	Herd Migration
24860	Hero's Heirloom
24861	Heroic Charge
24862	Hexbane Tortoise
24863	Hurler Cyclops
24864	Hurloon Battle Hymn
24865	Idyllic Beachfront
24866	Impede Momentum
24867	In Thrall to the Pit
24868	Inscribed Tablet
24869	Ivy, Gleeful Spellthief
24870	Jaya's Firenado
24871	Jaya, Fiery Negotiator
24872	Jhoira, Ageless Innovator
24873	Jodah's Codex
24874	Jodah, the Unifier
24875	Join Forces
24876	Joint Exploration
24877	Juniper Order Rootweaver
24878	Karn's Sylex
24879	Karn, Living Legacy
24880	Keldon Flamesage
24881	Keldon Strike Team
24882	King Darien XLVIII
24883	Knight of Dawn's Light
24884	Knight of Dusk's Shadow
24885	Lagomos, Hand of Hatred
24886	Leaf-Crowned Visionary
24887	Leyline Binding
24888	Linebreaker Baloth
24889	Llanowar Greenwidow
24890	Llanowar Loamspeaker
24891	Llanowar Stalker
24892	Love Song of Night and Day
24893	Magnigoth Sentry
24894	Meria's Outrider
24895	Meria, Scholar of Antiquity
24896	Mesa Cavalier
24897	Micromancer
24898	Molten Monstrosity
24899	Molten Tributary
24900	Monstrous War-Leech
24901	Mossbeard Ancient
24902	Nael, Avizoa Aeronaut
24903	Najal, the Storm Runner
24904	Nemata, Primeval Warden
24905	Nishoba Brawler
24906	Phoenix Chick
24907	Phyrexian Espionage
24908	Phyrexian Missionary
24909	Phyrexian Vivisector
24910	Phyrexian Warhorse
24911	Pilfer
24912	Pixie Illusionist
24913	Plaza of Heroes
24914	Prayer of Binding
24915	Protect the Negotiators
24916	Queen Allenal of Ruadach
24917	Quirion Beastcaller
24918	Radha's Firebrand
24919	Radha, Coalition Warlord
24920	Radiant Grove
24921	Raff, Weatherlight Stalwart
24922	Ragefire Hellkite
24923	Ratadrabik of Urborg
24924	Relic of Legends
24925	Resolute Reinforcements
24926	Rith, Liberated Primeval
24927	Rivaz of the Claw
24928	Rona's Vortex
24929	Rona, Sheoldred's Faithful
24930	Rulik Mons, Warren Chief
24931	Rundvelt Hordemaster
24932	Runic Shot
24933	Sacred Peaks
24934	Salvaged Manaworker
24935	Samite Herbalist
24936	Scout the Wilderness
24937	Sengir Connoisseur
24938	Serra Paragon
24939	Serra Redeemer
24940	Shadow Prophecy
24941	Shadow-Rite Priest
24942	Shalai's Acolyte
24943	Shanna, Purifying Blade
24944	Sheoldred's Restoration
24945	Sheoldred, the Apocalypse
24946	Shield-Wall Sentinel
24947	Shore Up
24948	Silver Scrutiny
24949	Silverback Elder
24950	Slimefoot's Survey
24951	Smash to Dust
24952	Soaring Drake
24953	Sol'Kanar the Tainted
24954	Soul of Windgrace
24955	Sphinx of Clear Skies
24956	Splatter Goblin
24957	Sprouting Goblin
24958	Squee, Dubious Monarch
24959	Stall for Time
24960	Stenn, Paranoid Partisan
24961	Strength of the Coalition
24962	Stronghold Arena
24963	Sunbathing Rootwalla
24964	Sunlit Marsh
24965	Tail Swipe
24966	Take Up the Shield
24967	Talas Lookout
24968	Tangled Islet
24969	Tattered Apparition
24970	Tatyova, Steward of Tides
24971	Tear Asunder
24972	Temporal Firestorm
24973	Temporary Lockdown
24974	Territorial Maro
24975	The Cruelty of Gix
24976	The Elder Dragon War
24977	The Phasing of Zhalfir
24978	The Raven Man
24979	The Weatherseed Treaty
24980	The World Spell
24981	Thran Portal
24982	Threats Undetected
24983	Tidepool Turtle
24984	Timeless Lotus
24985	Timely Interference
24986	Tolarian Geyser
24987	Tolarian Terror
24988	Tori D'Avenant, Fury Rider
24989	Toxic Abomination
24990	Tribute to Urborg
24991	Tura Kennerüd, Skyknight
24992	Twinferno
24993	Tyrannical Pitlord
24994	Urborg Lhurgoyf
24995	Urborg Repossession
24996	Urza Assembles the Titans
24997	Uurg, Spawn of Turg
24998	Valiant Veteran
24999	Vanquisher's Axe
25000	Vesuvan Duplimancy
25001	Viashino Branchrider
25002	Vineshaper Prodigy
25003	Voda Sea Scavenger
25004	Vodalian Hexcatcher
25005	Vodalian Mindsinger
25006	Vohar, Vodalian Desecrator
25007	Volshe Tideturner
25008	Walking Bulwark
25009	Warhost's Frenzy
25010	Weatherlight Compleated
25011	Wingmantle Chaplain
25012	Wooded Ridgeline
25013	Writhing Necromass
25014	Yavimaya Iconoclast
25015	Yavimaya Sojourner
25016	Yavimaya Steelcrusher
25017	Yotia Declares War
25018	Zar Ojanen, Scion of Efrava
25019	Zur, Eternal Schemer
25020	Arvad, Weatherlight Smuggler
25021	Benalish Knight-Counselor
25022	Bloodsprout Talisman
25023	Coalition Construct
25024	Darigaaz's Whelp
25025	Darigaaz, Shivan Champion
25026	Diminished Returner
25027	Ghitu Embercoiler
25028	Goblin Influx Array
25029	Goblin Morale Sergeant
25030	Juggernaut Peddler
25031	Marwyn's Kindred
25032	Nantuko Slicer
25033	Niambi, Beloved Protector
25034	Oracle of the Alpha
25035	Priest of Possibility
25036	Protean War Engine
25037	Pull of the Mist Moon
25038	Reezug, the Bonecobbler
25039	Skywriter Djinn
25040	Slimefoot, Thallid Transplant
25041	Smogbelcher Chariot
25042	Spellchain Scatter
25043	Teferi's Contingency
25044	Tiana, Angelic Mechanic
25045	Trove Mage
25046	Vesuvan Mist
25047	Vinesoul Spider
25048	Vodalian Tide Mage
25049	Wandering Treefolk
25050	A-Buy Your Silence
25051	A-Cabaretti Charm
25052	A-Capenna Express
25053	A-Case the Joint
25054	A-Celebrity Fencer
25055	A-Celestial Regulator
25056	A-Civil Servant
25057	A-Deal Gone Bad
25058	A-Demon's Due
25059	A-Exhibition Magician
25060	A-Forge Boss
25061	A-Glamorous Outlaw
25062	A-Glittermonger
25063	A-Graveyard Shift
25064	A-High-Rise Sawjack
25065	A-Incriminate
25066	A-Jackhammer
25067	A-Masked Bandits
25068	A-Metropolis Angel
25069	A-Midnight Assassin
25070	A-Most Wanted
25071	A-Mr. Orfeo, the Boulder
25072	A-Ominous Parcel
25073	A-Paragon of Modernity
25074	A-Psionic Snoop
25075	A-Public Enemy
25076	A-Pyre-Sledge Arsonist
25077	A-Queza, Augur of Agonies
25078	A-Rakish Revelers
25079	A-Ready to Rumble
25080	A-Revel Ruiner
25081	A-Riveteers Initiate
25082	A-Security Rhox
25083	A-Sewer Crocodile
25084	A-Shattered Seraph
25085	A-Sizzling Soloist
25086	A-Social Climber
25087	A-Spara's Adjudicators
25088	A-Speakeasy Server
25089	A-Stimulus Package
25090	A-Syndicate Infiltrator
25091	A-Vampire Scrivener
25092	A-Warm Welcome
25093	Abaddon the Despoiler
25094	Aberrant
25095	Acolyte Hybrid
25096	And They Shall Know No Fear
25097	Anrakyr the Traveller
25098	Arco-Flagellant
25099	Aspiring Champion
25100	Assault Intercessor
25101	Atalan Jackal
25102	Be'lakor, the Dark Master
25103	Belisarius Cawl
25104	Biophagus
25105	Biotransference
25106	Birth of the Imperium
25107	Blight Grenade
25108	Blood for the Blood God!
25109	Bloodcrusher of Khorne
25110	Bloodthirster
25111	Bone Sabres
25112	Broodlord
25113	Callidus Assassin
25114	Canoptek Scarab Swarm
25115	Canoptek Spyder
25116	Canoptek Tomb Sentinel
25117	Canoptek Wraith
25118	Celestine, the Living Saint
25119	Chaos Defiler
25120	Chaos Mutation
25121	Chaos Terminator Lord
25122	Chronomancer
25123	Clamavus
25124	Commissar Severina Raine
25125	Company Commander
25126	Convergence of Dominion
25127	Cryptek
25128	Cryptothrall
25129	Cybernetica Datasmith
25130	Dark Apostle
25131	Deathleaper, Terror Weapon
25132	Defenders of Humanity
25133	Deny the Witch
25134	Drach'Nyen
25135	Epistolary Librarian
25136	Exalted Flamer of Tzeentch
25137	Exocrine
25138	Exterminatus
25139	Flayed One
25140	For the Emperor!
25141	Gargoyle Flock
25142	Genestealer Locus
25143	Genestealer Patriarch
25144	Ghost Ark
25145	Ghyrson Starn, Kelermorph
25146	Goliath Truck
25147	Great Unclean One
25148	Grey Knight Paragon
25149	Haruspex
25150	Helbrute
25151	Herald of Slaanesh
25152	Heralds of Tzeentch
25153	Hexmark Destroyer
25154	Hierophant Bio-Titan
25155	Hormagaunt Horde
25156	Illuminor Szeras
25157	Imotekh the Stormlord
25158	Inquisitor Eisenhorn
25159	Inquisitor Greyfax
25160	Inquisitorial Rosette
25161	Keeper of Secrets
25162	Khârn the Betrayer
25163	Kill! Maim! Burn!
25164	Knight Paladin
25165	Knight Rampager
25166	Let the Galaxy Burn
25167	Lictor
25168	Lokhust Heavy Destroyer
25169	Lord of Change
25170	Lucius the Eternal
25171	Lychguard
25172	Magnus the Red
25173	Magus Lucea Kane
25174	Malanthrope
25175	Mandate of Abaddon
25176	Marneus Calgar
25177	Mawloc
25178	Mortarion, Daemon Primarch
25179	Mutalith Vortex Beast
25180	Necron Deathmark
25181	Necron Monolith
25182	Necron Overlord
25183	Nexos
25184	Neyam Shai Murad
25185	Night Scythe
25186	Noise Marine
25187	Nurgle's Conscription
25188	Nurgle's Rot
25189	Old One Eye
25190	Out of the Tombs
25191	Pink Horror
25192	Plague Drone
25193	Plasmancer
25194	Poxwalkers
25195	Primaris Chaplain
25196	Primaris Eliminator
25197	Psychomancer
25198	Purestrain Genestealer
25199	Ravener
25200	Reaver Titan
25201	Redemptor Dreadnought
25202	Resurrection Orb
25203	Royal Warden
25204	Sanguinary Priest
25205	Sautekh Immortal
25206	Sceptre of Eternal Glory
25207	Screamer-Killer
25208	Seeker of Slaanesh
25209	Shadow in the Warp
25210	Shard of the Nightbringer
25211	Shard of the Void Dragon
25212	Sicarian Infiltrator
25213	Sister Hospitaller
25214	Sister Repentia
25215	Sister of Silence
25216	Skorpekh Destroyer
25217	Skorpekh Lord
25218	Sloppity Bilepiper
25219	Space Marine Devastator
25220	Space Marine Scout
25221	Sporocyst
25222	Szarekh, the Silent King
25223	Tallyman of Nurgle
25224	Technomancer
25225	Termagant Swarm
25226	Tervigon
25227	The First Tyrannic War
25228	The Flesh Is Weak
25229	The Golden Throne
25230	The Horus Heresy
25231	The Lost and the Damned
25232	The Red Terror
25233	The Ruinous Powers
25234	The Swarmlord
25235	The War in Heaven
25236	Their Name Is Death
25237	Their Number Is Legion
25238	Thunderhawk Gunship
25239	Thunderwolf Cavalry
25240	Tomb Blade
25241	Tomb Fortress
25242	Toxicrene
25243	Trazyn the Infinite
25244	Triarch Praetorian
25245	Triarch Stalker
25246	Triumph of Saint Katherine
25247	Trygon Prime
25248	Tyranid Harridan
25249	Tyranid Invasion
25250	Tyranid Prime
25251	Tyrant Guard
25252	Tzaangor Shaman
25253	Ultramarines Honour Guard
25254	Vanguard Suppressor
25255	Venomcrawler
25256	Venomthrope
25257	Vexilus Praetor
25258	Winged Hive Tyrant
25259	Zephyrim
25260	Zoanthrope
25261	Ancestral Hot Dog Minotaur
25262	Carnival Elephant Meteor
25263	Contortionist Otter Storm
25264	Cool Fluffy Loxodon
25265	Cursed Firebreathing Yogurt
25266	Deep-Fried Plague Myr
25267	Demonic Tourist Laser
25268	Eldrazi Guacamole Tightrope
25269	Elemental Time Flamingo
25270	Eternal Acrobat Toast
25271	Familiar Beeble Mascot
25272	Geek Lotus Warrior
25273	Giant Mana Cake
25274	Goblin Coward Parade
25275	Happy Dead Squirrel
25276	Jetpack Death Seltzer
25277	Misunderstood Trapeze Elf
25278	Mystic Doom Sandwich
25279	Narrow-Minded Baloney Fireworks
25280	Night Brushwagg Ringmaster
25281	Notorious Sliver War
25282	Phyrexian Midway Bamboozle
25283	Playable Delusionary Hydra
25284	Primal Elder Kitty
25285	Sassy Gremlin Blood
25286	Slimy Burrito Illusion
25287	Snazzy Aether Homunculus
25288	Space Fungus Snickerdoodle
25289	Spooky Clown Mox
25290	Squid Fire Knight
25291	Squishy Sphinx Ninja
25292	Sticky Kavu Daredevil
25293	Trained Blessed Mind
25294	Trendy Circus Pirate
25295	Unassuming Gelatinous Serpent
25296	Unglued Pea-Brained Dinosaur
25297	Unhinged Beast Hunt
25298	Unique Charmed Pants
25299	Unsanctioned Ancient Juggler
25300	Unstable Robot Dragon
25301	Urza's Dark Cannonball
25302	Vampire Champion Fury
25303	Weird Angel Flame
25304	Werewolf Lightning Mage
25305	Wild Ogre Bupkis
25306	Wrinkly Monkey Shenanigans
25307	Yawgmoth Merfolk Soul
25308	Zombie Cheese Magician
25309	Ticket Bucket-Bot
25310	Brims Barone, Midway Mobster
25311	Lifetime Pass Holder
25312	Name Sticker Goblin
25313	A Good Day to Pie
25314	A Real Handful
25315	Aardwolf's Advantage
25316	Aerialephant
25317	Alpha Guard
25318	Ambassador Blorpityblorpboop
25319	Amped Up
25320	An Incident Has Occurred
25321	Angelic Harold
25322	Animate Graveyard
25323	Animate Object
25324	Art Appreciation
25325	Assembled Ensemble
25326	Astroquarium
25327	Atomwheel Acrobats
25328	Attempted Murder
25329	Autograph Book
25330	Baaallerina
25331	Bag Check
25332	Balloon Stand
25333	Bamboozling Beeble
25334	Bar Entry
25335	Big Winner
25336	Bioluminary
25337	Black Hole
25338	Blorbian Buddy
25339	Blue Ribbon
25340	Blufferfish
25341	Boing!
25342	Bounce Chamber
25343	Bumper Cars
25344	Busted!
25345	Captain Rex Nebula
25346	Carnival Barker
25347	Carnival Carnivore
25348	Celebr-8000
25349	Centaur of Attention
25350	Centrifuge
25351	Chicken Troupe
25352	Circuits Act
25353	Claire D'Loon, Joy Sculptor
25354	Clandestine Chameleon
25355	Clown Car
25356	Clown Extruder
25357	Clowning Around
25358	Comet, Stellar Pup
25359	Coming Attraction
25360	Command Performance
25361	Complaints Clerk
25362	Concession Stand
25363	Costume Shop
25364	Cover the Spot
25365	Croakid Amphibonaut
25366	D00-DL, Caricaturist
25367	Dart Throw
25368	Deadbeat Attendant
25369	Decisions, Decisions
25370	Dee Kay, Finder of the Lost
25371	Devil K. Nevil
25372	Discourtesy Clerk
25373	Disemvowel
25374	Dissatisfied Customer
25375	Don't Try This at Home
25376	Done for the Day
25377	Down for Repairs
25378	Draconian Gate-Bot
25379	Drop Tower
25380	Eelectrocute
25381	Embiggen
25382	Exchange of Words
25383	Exit Through the Grift Shop
25384	Far Out
25385	Ferris Wheel
25386	Fight the _____ Fight
25387	Finishing Move
25388	Fluros of Myra's Marvels
25389	Foam Weapons Kiosk
25390	Focused Funambulist
25391	Form of the Approach of the Second Sun
25392	Fortune Teller
25393	Gallery of Legends
25394	Get Your Head in the Game
25395	Gift Shop
25396	Glitterflitter
25397	Goblin Airbrusher
25398	Goblin Blastronauts
25399	Goblin Cruciverbalist
25400	Goblin Girder Gang
25401	Gobsmacked
25402	Grabby Tabby
25403	Grand Marshal Macie
25404	Gray Merchant of Alphabet
25405	Greatest Show in the Multiverse
25406	Guess Your Fate
25407	Haberthrasher
25408	Hall of Mirrors
25409	Hardy of Myra's Marvels
25410	Hat Trick
25411	Haunted House
25412	How Is This a Par Three?!
25413	Icing Manipulator
25414	Ignacio of Myra's Marvels
25415	Impounding Lot-Bot
25416	Information Booth
25417	It Came from Planet Glurg
25418	Jermane, Pride of the Circus
25419	Jetpack Janitor
25420	Juggletron
25421	Katerina of Myra's Marvels
25422	Kiddie Coaster
25423	Killer Cosplay
25424	Knife and Death
25425	Knight in _____ Armor
25426	Last Voyage of the _____
25427	Leading Performance
25428	Lila, Hospitality Hostess
25429	Line Cutter
25430	Lineprancers
25431	Log Flume
25432	Magar of the Magic Strings
25433	Main Event Horizon
25434	Make a _____ Splash
25435	Meet and Greet "Sisay"
25436	Memory Test
25437	Merry-Go-Round
25438	Minotaur de Force
25439	Mistakes Were Made
25440	Mobile Clone
25441	Monitor Monitor
25442	Monoxa, Midway Manager
25443	Motion Sickness
25444	Myra the Magnificent
25445	Nearby Planet
25446	Night Shift of the Living Dead
25447	Nocturno of Myra's Marvels
25448	Non-Human Cannonball
25449	Now You See Me . . .
25450	Octo Opus
25451	Omniclown Colossus // Pie-roclasm
25452	One-Clown Band
25453	Opening Ceremony
25454	Pair o' Dice Lost
25455	Park Bleater
25456	Park Map
25457	Park Re-Entry
25458	Petting Zookeeper
25459	Phone a Friend
25460	Photo Op
25461	Pick-a-Beeble
25462	Pie-Eating Contest
25463	Pietra, Crafter of Clowns
25464	Pin Collection
25465	Plate Spinning
25466	Plot Armor
25467	Priority Boarding
25468	Prize Wall
25469	Proficient Pyrodancer
25470	Push Your Luck
25471	Questionable Cuisine
25472	Quick Fixer
25473	Rad Rascal
25474	Rat in the Hat
25475	Resolute Veggiesaur
25476	Ride Guide
25477	Robo-Piñata
25478	Rock Star
25479	Roller Coaster
25480	Roxi, Publicist to the Stars
25481	Sanguine Sipper
25482	Saw in Half
25483	Scampire
25484	Scared Stiff
25485	Scavenger Hunt
25486	Scooch
25487	Seasoned Buttoneer
25488	Six-Sided Die
25489	Slight Malfunction
25490	Solaflora, Intergalactic Icon
25491	Sole Performer
25492	Soul Swindler
25493	Souvenir T-Shirt
25494	Space Beleren
25495	Spelling Bee
25496	Spinnerette, Arachnobat
25497	Spinny Ride
25498	Squirrel Squatters
25499	Squirrel Stack
25500	Standard Procedure
25501	Starlight Spectacular
25502	Step Right Up
25503	Stiltstrider
25504	Storybook Ride
25505	Strength-Testing Hammer
25506	Super-Duper Lost
25507	Surprise Party
25508	Swinging Ship
25509	Sword-Swallowing Seraph
25510	T.A.P.P.E.R.
25511	Tchotchke Elemental
25512	The Big Top
25513	The Most Dangerous Gamer
25514	The Space Family Goblinson
25515	The Superlatorium
25516	Ticket Turbotubes
25517	Ticketomaton
25518	Ticking Mime Bomb
25519	Trapeze Artist
25520	Trash Bin
25521	Treacherous Trapezist
25522	Trigger Happy
25523	Trivia Contest
25524	Truss, Chief Engineer
25525	Tug of War
25526	Tunnel of Love
25527	Tusk and Whiskers
25528	Unlawful Entry
25529	Urza's Fun House
25530	Vedalken Squirrel-Whacker
25531	Vegetation Abomination
25532	Vorthos, Steward of Myth
25533	Wee Champion
25534	Well Done
25535	Wicker Picker
25536	Wizards of the _____
25537	Wolf in _____ Clothing
25538	Xenosquirrels
25539	_____ Balls of Fire
25540	_____ Bird Gets the Worm
25541	_____ _____ Rocketship
25542	_____ _____ _____ Trespasser
25543	_____-o-saurus
25544	________ Goblin
25545	Imaryll, Elfhame Elite
25546	Maeve, Insidious Singer
25547	Nogi, Draco-Zealot
25548	Vogar, Necropolis Tyrant
25549	Zamriel, Seraph of Steel
25550	Arcee, Sharpshooter // Arcee, Acrobatic Coupe
25551	Blaster, Combat DJ // Blaster, Morale Booster
25552	Blitzwing, Cruel Tormentor // Blitzwing, Adaptive Assailant
25553	Cyclonus, the Saboteur // Cyclonus, Cybertronian Fighter
25554	Flamewar, Brash Veteran // Flamewar, Streetwise Operative
25555	Goldbug, Humanity's Ally // Goldbug, Scrappy Scout
25556	Jetfire, Ingenious Scientist // Jetfire, Air Guardian
25557	Megatron, Tyrant // Megatron, Destructive Force
25558	Optimus Prime, Hero // Optimus Prime, Autobot Leader
25559	Prowl, Stoic Strategist // Prowl, Pursuit Vehicle
25560	Ratchet, Field Medic // Ratchet, Rescue Racer
25561	Slicer, Hired Muscle // Slicer, High-Speed Antagonist
25562	Soundwave, Sonic Spy // Soundwave, Superior Captain
25563	Starscream, Power Hungry // Starscream, Seeker Leader
25564	Ultra Magnus, Tactician // Ultra Magnus, Armored Carrier
25565	Ashnod the Uncaring
25566	Blast-Furnace Hellkite
25567	Disciple of Caelus Nin
25568	Farid, Enterprising Salvager
25569	Glint Raker
25570	Hexavus
25571	Kayla's Music Box
25572	Machine God's Effigy
25573	March of Progress
25574	Mishra, Eminent One
25575	Rootpath Purifier
25576	Sanwell, Avenger Ace
25577	Sardian Avenger
25578	Scavenged Brawler
25579	Scholar of New Horizons
25580	Smelting Vat
25581	Staff of Titania
25582	Tawnos, Solemn Survivor
25583	Terisiare's Devastation
25584	The Archimandrite
25585	The Brothers' War
25586	Thopter Shop
25587	Titania, Nature's Force
25588	Urza's Workshop
25589	Urza, Chief Artificer
25590	Wire Surgeons
25591	Wondrous Crucible
25592	Wreck Hunter
25593	Aeronaut Cavalry
25594	Aeronaut's Wings
25595	Air Marshal
25596	Airlift Chaplain
25597	Alloy Animist
25598	Ambush Paratrooper
25599	Arbalest Engineers
25600	Arcane Proxy
25601	Argivian Avenger
25602	Argoth, Sanctum of Nature
25603	Argothian Opportunist
25604	Argothian Sprite
25605	Arms Race
25606	Artificer's Dragon
25607	Ashnod's Harvester
25608	Ashnod's Intervention
25609	Ashnod, Flesh Mechanist
25610	Audacity
25611	Autonomous Assembler
25612	Awaken the Woods
25613	Battery Bearer
25614	Battlefield Butcher
25615	Bitter Reunion
25616	Bladecoil Serpent
25617	Blanchwood Prowler
25618	Blitz Automaton
25619	Boulderbranch Golem
25620	Brotherhood's End
25621	Burrowing Razormaw
25622	Bushwhack
25623	Calamity's Wake
25624	Carrion Locust
25625	Citanul Stalwart
25626	Cityscape Leveler
25627	Clay Champion
25628	Clay Revenant
25629	Coastal Bulwark
25630	Combat Courier
25631	Combat Thresher
25632	Conscripted Infantry
25633	Cradle Clearcutter
25634	Deadly Riposte
25635	Deathbloom Ritualist
25636	Defabricate
25637	Demolition Field
25638	Depth Charge Colossus
25639	Desynchronize
25640	Disciples of Gix
25641	Draconic Destiny
25642	Drafna, Founder of Lat-Nam
25643	Dreams of Steel and Oil
25644	Dredging Claw
25645	Dwarven Forge-Chanter
25646	Emergency Weld
25647	Energy Refractor
25648	Evangel of Synthesis
25649	Excavation Explosion
25650	Fade from History
25651	Fallaji Archaeologist
25652	Fallaji Chaindancer
25653	Fallaji Dragon Engine
25654	Fallaji Excavation
25655	Fallaji Vanguard
25656	Fateful Handoff
25657	Feldon, Ronom Excavator
25658	Flow of Knowledge
25659	Fog of War
25660	Forging the Anchor
25661	Fortified Beachhead
25662	Gaea's Courser
25663	Gaea's Gift
25664	Geology Enthusiast
25665	Giant Cindermaw
25666	Gix's Caress
25667	Gix's Command
25668	Gix, Yawgmoth Praetor
25669	Gixian Infiltrator
25670	Gixian Puppeteer
25671	Gixian Skullflayer
25672	Gnarlroot Pallbearer
25673	Gnawing Vermin
25674	Goblin Blast-Runner
25675	Goblin Firebomb
25676	Goring Warplow
25677	Great Desert Prospector
25678	Gruesome Realization
25679	Gurgling Anointer
25680	Gwenna, Eyes of Gaea
25681	Hajar, Loyal Bodyguard
25682	Hall of Tagsin
25683	Harbin, Vanguard Aviator
25684	Haywire Mite
25685	Heavyweight Demolisher
25686	Hero of the Dunes
25687	Hoarding Recluse
25688	Horned Stoneseeker
25689	Hostile Negotiations
25690	Hulking Metamorph
25691	Hurkyl's Final Meditation
25692	Hurkyl, Master Wizard
25693	In the Trenches
25694	Involuntary Cooldown
25695	Iron-Craw Crusher
25696	Junkyard Genius
25697	Kayla's Command
25698	Kayla's Reconstruction
25699	Keeper of the Cadence
25700	Kill-Zone Acrobat
25701	Koilos Roc
25702	Lat-Nam Adept
25703	Lay Down Arms
25704	Legions to Ashes
25705	Levitating Statue
25706	Liberator, Urza's Battlethopter
25707	Loran of the Third Path
25708	Loran's Escape
25709	Loran, Disciple of History
25710	Machine Over Matter
25711	Mask of the Jadecrafter
25712	Mass Production
25713	Mechanized Warfare
25714	Meticulous Excavation
25715	Mightstone's Animation
25716	Military Discipline
25717	Mine Worker
25718	Misery's Shadow
25719	Mishra's Command
25720	Mishra's Domination
25721	Mishra's Foundry
25722	Mishra's Juggernaut
25723	Mishra's Onslaught
25724	Mishra's Research Desk
25725	Mishra, Claimed by Gix
25726	Mishra, Excavation Prodigy
25727	Mishra, Lost to Phyrexia
25728	Mishra, Tamer of Mak Fawa
25729	Moment of Defiance
25730	Myrel, Shield of Argive
25731	No One Left Behind
25732	Obliterating Bolt
25733	One with the Multiverse
25734	Over the Top
25735	Overwhelming Remorse
25736	Penregon Strongbull
25737	Perennial Behemoth
25738	Perimeter Patrol
25739	Phalanx Vanguard
25740	Phyrexian Dragon Engine
25741	Phyrexian Fleshgorger
25742	Platoon Dispenser
25743	Portal to Phyrexia
25744	Power Plant Worker
25745	Powerstone Engineer
25746	Powerstone Fracture
25747	Prison Sentence
25748	Pyrrhic Blast
25749	Queen Kayla bin-Kroog
25750	Ravenous Gigamole
25751	Raze to the Ground
25752	Razorlash Transmogrant
25753	Recommission
25754	Reconstructed Thopter
25755	Repair and Recharge
25756	Rescue Retriever
25757	Retrieval Agent
25758	Roc Hunter
25759	Rootwire Amalgam
25760	Rust Goliath
25761	Saheeli, Filigree Master
25762	Sardian Cliffstomper
25763	Sarinth Greatwurm
25764	Sarinth Steelseeker
25765	Scatter Ray
25766	Scrapwork Cohort
25767	Scrapwork Mutt
25768	Scrapwork Rager
25769	Shoot Down
25770	Sibling Rivalry
25771	Siege Veteran
25772	Simian Simulacrum
25773	Skitterbeam Battalion
25774	Skyfisher Spider
25775	Skystrike Officer
25776	Slagstone Refinery
25777	Soul Partition
25778	Spectrum Sentinel
25779	Splitting the Powerstone
25780	Spotter Thopter
25781	Static Net
25782	Steel Exemplar
25783	Steel Seraph
25784	Stern Lesson
25785	Stone Retrieval Unit
25786	Su-Chi Cave Guard
25787	Supply Drop
25788	Survivor of Korlis
25789	Swiftgear Drake
25790	Symmetry Matrix
25791	Take Flight
25792	Tawnos's Tinkering
25793	Tawnos, the Toymaker
25794	Teething Wurmlet
25795	Teferi, Temporal Pilgrim
25796	Terisian Mindbreaker
25797	Terror Ballista
25798	The Fall of Kroog
25799	The Mightstone and Weakstone
25800	The Stasis Coffin
25801	The Stone Brain
25802	The Temporal Anchor
25803	Third Path Iconoclast
25804	Third Path Savant
25805	Thopter Architect
25806	Thopter Mechanic
25807	Thran Power Suit
25808	Thran Spider
25809	Thran Vigil
25810	Thraxodemon
25811	Titania's Command
25812	Titania, Gaea Incarnate
25813	Titania, Voice of Gaea
25814	Tocasia's Dig Site
25815	Tocasia's Onulet
25816	Tocasia's Welcome
25817	Tocasia, Dig Site Mentor
25818	Tomakul Honor Guard
25819	Tomakul Scrapsmith
25820	Tower Worker
25821	Transmogrant Altar
25822	Transmogrant's Crown
25823	Trench Stalker
25824	Tyrant of Kher Ridges
25825	Union of the Third Path
25826	Unleash Shell
25827	Urza's Command
25828	Urza's Rebuff
25829	Urza's Sylex
25830	Urza, Lord Protector
25831	Urza, Planeswalker
25832	Urza, Powerstone Prodigy
25833	Veteran's Powerblade
25834	Visions of Phyrexia
25835	Warlord's Elite
25836	Wasteful Harvest
25837	Weakstone's Subjugation
25838	Whirling Strike
25839	Wing Commando
25840	Woodcaller Automaton
25841	Yotian Dissident
25842	Yotian Frontliner
25843	Yotian Medic
25844	Yotian Tactician
25845	Zephyr Sentinel
25846	Chaos Wrap
25847	Agrus Kos, Eternal Soldier
25848	Alandra, Sky Dreamer
25849	Angelic Cub
25850	Ardoz, Cobbler of War
25851	Ashcoat of the Shadow Swarm
25852	Auntie Blyte, Bad Influence
25853	Benevolent Hydra
25854	Biblioplex Kraken
25855	Brazen Cannonade
25856	Chains of Custody
25857	Coalborn Entity
25858	Conductor of Cacophony
25859	Creeping Bloodsucker
25860	Daring Piracy
25861	Deadly Plot
25862	Disciple of Perdition
25863	Distinguished Conjurer
25864	Dutiful Replicator
25865	Giant Ladybug
25866	Goblin Researcher
25867	Hold for Questioning
25868	Infernal Idol
25869	Ingenious Leonin
25870	Instruments of War
25871	Isu the Abominable
25872	Kenessos, Priest of Thassa
25873	Kibo, Uktabi Prince
25874	Launch Mishap
25875	Lita, Mechanical Engineer
25876	Magnanimous Magistrate
25877	Merfolk Pupil
25878	Mild-Mannered Librarian
25879	Mizzix, Replica Rider
25880	Ogre Battlecaster
25881	Ossuary Rats
25882	Pirated Copy
25883	Planar Atlas
25884	Plundering Predator
25885	Preston, the Vanisher
25886	Primeval Herald
25887	Rampaging Growth
25888	Rodolf Duskbringer
25889	Runadi, Behemoth Caller
25890	Skullslither Worm
25891	Soul Read
25892	Spectral Hunt-Caller
25893	Suspicious Shambler
25894	Synchronized Eviction
25895	Termination Facilitator
25896	Towering Gibbon
25897	Zask, Skittering Swarmlord
25898	Blightsteel Colossus // Blightsteel Colossus
25899	Darksteel Colossus // Darksteel Colossus
25900	Doubling Cube // Doubling Cube
25901	Etali, Primal Storm // Etali, Primal Storm
25902	Ghalta, Primal Hunger // Ghalta, Primal Hunger
25903	Ulamog, the Ceaseless Hunger // Ulamog, the Ceaseless Hunger
25904	Argivian Welcome
25905	Argothian Uprooting
25906	Assemble the Team
25907	By Elspeth's Command
25908	Crucias, Titan of the Waves
25909	Fallaji Antiquarian
25910	Forgefire Automaton
25911	Foundry Groundbreaker
25912	Gixian Recycler
25913	Great Desert Hellion
25914	Hurkyl's Prodigy
25915	Jarsyl, Dark Age Scion
25916	Kayla's Kindling
25917	Legion of Clay
25918	Lonely End
25919	Melt Through
25920	Norn's Disassembly
25921	Patchplate Resolute
25922	Penregon Besieged
25923	Perilous Iteration
25924	Piece It Together
25925	Raddic, Tal Zealot
25926	Richlau, Headmaster
25927	Rusko, Clockmaker
25928	Sylvan Smite
25929	Tawnos Endures
25930	Tomakul Phoenix
25931	Urza's Construction Drone
25932	Warzone Duplicator
25933	Yotian Courier
25934	A-Devoted Grafkeeper // A-Departed Soulkeeper
25935	A-Patrician Geist
25936	A-Phantom Carriage
25937	A-Shipwreck Sifters
25938	A-Akki Ronin
25939	A-Ancestral Katana
25940	A-Asari Captain
25941	A-Eiganjo Exemplar
25942	A-Imperial Subduer
25943	A-Peerless Samurai
25944	A-Raiyuu, Storm's Edge
25945	A-Binding Geist // A-Spectral Binding
25946	A-Brine Comber // A-Brinebound Gift
25947	A-Dorothea, Vengeful Victim // A-Dorothea's Retribution
25948	A-Dreamshackle Geist
25949	A-Gutter Skulker // A-Gutter Shortcut
25950	A-Lantern Bearer // A-Lanterns' Lift
25951	A-Mischievous Catgeist // A-Catlike Curiosity
25952	Elesh Norn, Mother of Machines
25953	Chiss-Goria, Forge Tyrant
25954	Clever Concealment
25955	Contaminant Grafter
25956	Geth's Summons
25957	Glimmer Lens
25958	Glissa's Retriever
25959	Glistening Sphere
25960	Goldwardens' Gambit
25961	Hexplate Wallbreaker
25962	Ixhel, Scion of Atraxa
25963	Kemba's Banner
25964	Lux Artillery
25965	Mirage Mockery
25966	Monumental Corruption
25967	Neyali, Suns' Vanguard
25968	Norn's Choirmaster
25969	Norn's Decree
25970	Otharri, Suns' Glory
25971	Phyresis Outbreak
25972	Roar of Resistance
25973	Skyhunter Strike Force
25974	Staff of the Storyteller
25975	Synthesis Pod
25976	Tangleweave Armor
25977	Urtet, Remnant of Memnarch
25978	Vishgraz, the Doomhive
25979	Vulshok Factory
25980	Wurmquake
25981	Adaptive Sporesinger
25982	Against All Odds
25983	All Will Be One
25984	Ambulatory Edifice
25985	Annex Sentry
25986	Annihilating Glare
25987	Anoint with Affliction
25988	Apostle of Invasion
25989	Archfiend of the Dross
25990	Argentum Masticore
25991	Armored Scrapgorger
25992	Aspirant's Ascent
25993	Atmosphere Surgeon
25994	Atraxa's Skitterfang
25995	Atraxa, Grand Unifier
25996	Awaken the Sleeper
25997	Axiom Engraver
25998	Barbed Batterfist
25999	Basilica Shepherd
26000	Basilica Skullbomb
26001	Bilious Skulldweller
26002	Black Sun's Twilight
26003	Blade of Shared Souls
26004	Bladed Ambassador
26005	Bladegraft Aspirant
26006	Bladehold War-Whip
26007	Blazing Crescendo
26008	Blightbelly Rat
26009	Bloated Contaminator
26010	Blue Sun's Twilight
26011	Bonepicker Skirge
26012	Branchblight Stalker
26013	Bring the Ending
26014	Cacophony Scamp
26015	Cankerbloom
26016	Capricious Hellraiser
26017	Carnivorous Canopy
26018	Cephalopod Sentry
26019	Charforger
26020	Charge of the Mites
26021	Chimney Rabble
26022	Chittering Skitterling
26023	Chrome Prowler
26024	Churning Reservoir
26025	Cinderslash Ravager
26026	Compleat Devotion
26027	Conduit of Worlds
26028	Contagious Vorrac
26029	Copper Longlegs
26030	Crawling Chorus
26031	Cruel Grimnarch
26032	Cutthroat Centurion
26033	Distorted Curiosity
26034	Dragonwing Glider
26035	Drivnod, Carnage Dominus
26036	Dross Skullbomb
26037	Drown in Ichor
26038	Duelist of Deep Faith
26039	Dune Mover
26040	Encroaching Mycosynth
26041	Escaped Experiment
26042	Evolved Spinoderm
26043	Evolving Adaptive
26044	Expand the Sphere
26045	Experimental Augury
26046	Exuberant Fuseling
26047	Eye of Malcator
26048	Ezuri, Stalker of Spheres
26049	Feed the Infection
26050	Flensing Raptor
26051	Fleshless Gladiator
26052	Font of Progress
26053	Forgehammer Centurion
26054	Free from Flesh
26055	Furnace Punisher
26056	Furnace Skullbomb
26057	Furnace Strider
26058	Geth, Thane of Contracts
26059	Gitaxian Anatomist
26060	Gitaxian Raptor
26061	Gleeful Demolition
26062	Glissa Sunslayer
26063	Glistener Seer
26064	Goldwarden's Helm
26065	Goliath Hatchery
26066	Graaz, Unstoppable Juggernaut
26067	Green Sun's Twilight
26068	Gulping Scraptrap
26069	Hazardous Blast
26070	Hexgold Halberd
26071	Hexgold Hoverwings
26072	Hexgold Slash
26073	Ichor Synthesizer
26074	Ichormoon Gauntlet
26075	Ichorplate Golem
26076	Ichorspit Basilisk
26077	Incisor Glider
26078	Incubation Sac
26079	Indoctrination Attendant
26080	Infectious Bite
26081	Infectious Inquiry
26082	Infested Fleshcutter
26083	Jace, the Perfected Mind
26084	Jawbone Duelist
26085	Jor Kadeen, First Goldwarden
26086	Kaito, Dancing Shadow
26087	Karumonix, the Rat King
26088	Kaya, Intangible Slayer
26089	Kemba, Kha Enduring
26090	Kethek, Crucible Goliath
26091	Kinzu of the Bleak Coven
26092	Koth, Fire of Resistance
26093	Kuldotha Cackler
26094	Lattice-Blade Mantis
26095	Leonin Lightbringer
26096	Lukka, Bound to Ruin
26097	Magmatic Sprinter
26098	Malcator's Watcher
26099	Malcator, Purity Overseer
26100	Mandible Justiciar
26101	Maze Skullbomb
26102	Maze's Mantle
26103	Meldweb Curator
26104	Meldweb Strider
26105	Melira, the Living Cure
26106	Mercurial Spelldancer
26107	Mesmerizing Dose
26108	Migloz, Maze Crusher
26109	Mindsplice Apparatus
26110	Minor Misstep
26111	Mirran Bardiche
26112	Mirran Safehouse
26113	Mirrex
26114	Mite Overseer
26115	Molten Rebuke
26116	Mondrak, Glory Dominus
26117	Monument to Perfection
26118	Myr Convert
26119	Myr Custodian
26120	Myr Kinsmith
26121	Nahiri's Sacrifice
26122	Nahiri, the Unforgiving
26123	Necrogen Communion
26124	Necrogen Rotpriest
26125	Necrosquito
26126	Nimraiser Paladin
26127	Nissa, Ascended Animist
26128	Norn's Wellspring
26129	Noxious Assault
26130	Offer Immortality
26131	Oil-Gorger Troll
26132	Orthodoxy Enforcer
26133	Ossification
26134	Ovika, Enigma Goliath
26135	Oxidda Finisher
26136	Paladin of Predation
26137	Pestilent Syphoner
26138	Phyrexian Atlas
26139	Phyrexian Vindicator
26140	Plague Nurse
26141	Planar Disruption
26142	Plated Onslaught
26143	Porcelain Zealot
26144	Predation Steward
26145	Prologue to Phyresis
26146	Prosthetic Injector
26147	Quicksilver Fisher
26148	Ravenous Necrotitan
26149	Rebel Salvo
26150	Red Sun's Twilight
26151	Reject Imperfection
26152	Resistance Reunited
26153	Resistance Skywarden
26154	Rhuk, Hexgold Nabber
26155	Ria Ivor, Bane of Bladehold
26156	Ribskiff
26157	Rustvine Cultivator
26158	Ruthless Predation
26159	Sawblade Scamp
26160	Scheming Aspirant
26161	Serum Snare
26162	Serum Sovereign
26163	Serum-Core Chimera
26164	Sheoldred's Edict
26165	Sheoldred's Headcleaver
26166	Shrapnel Slinger
26167	Sinew Dancer
26168	Skrelv's Hive
26169	Skrelv, Defector Mite
26170	Skyscythe Engulfer
26171	Slaughter Singer
26172	Slobad, Iron Goblin
26173	Solphim, Mayhem Dominus
26174	Soulless Jailer
26175	Staff of Compleation
26176	Stinging Hivemaster
26177	Surgical Skullbomb
26178	Swooping Lookout
26179	Sword of Forge and Frontier
26180	Sylvok Battle-Chair
26181	Tablet of Compleation
26182	Tainted Observer
26183	Tamiyo's Immobilizer
26184	Tamiyo's Logbook
26185	Tekuthal, Inquiry Dominus
26186	Testament Bearer
26187	The Autonomous Furnace
26188	The Dross Pits
26189	The Eternal Wanderer
26190	The Fair Basilica
26191	The Filigree Sylex
26192	The Hunter Maze
26193	The Monumental Facade
26194	The Mycosynth Gardens
26195	The Seedcore
26196	The Surgical Bay
26197	Thirsting Roots
26198	Thrun, Breaker of Silence
26199	Transplant Theorist
26200	Trawler Drake
26201	Tyrranax Atrocity
26202	Tyrranax Rex
26203	Tyvar's Stand
26204	Tyvar, Jubilant Brawler
26205	Unctus's Retrofitter
26206	Unctus, Grand Metatect
26207	Unnatural Restoration
26208	Urabrask's Anointer
26209	Urabrask's Forge
26210	Vanish into Eternity
26211	Vat Emergence
26212	Vat of Rebirth
26213	Veil of Assimilation
26214	Venerated Rotpriest
26215	Venomous Brutalizer
26216	Venser, Corpse Puppet
26217	Vindictive Flamestoker
26218	Viral Spawning
26219	Vivisection Evangelist
26220	Vivisurgeon's Insight
26221	Voidwing Hybrid
26222	Vraan, Executioner Thane
26223	Vraska's Fall
26224	Vraska, Betrayal's Sting
26225	Vulshok Splitter
26226	Watchful Blisterzoa
26227	Whisper of the Dross
26228	White Sun's Twilight
26229	Zealot's Conviction
26230	Zenith Chronicler
26231	Zopandrel, Hunger Dominus
26232	Arcbound Mamba
26233	Artifact Unknown Shores
26234	Bad Knight
26235	Bringer of Green Zenith's Twilight
26236	Burn the Phyresis
26237	Call Up Emrakul to Help
26238	Chancellor of the Mulligan
26239	Compleated Clone Shell
26240	Crux of Mirrodin
26241	Delphia, Undecided
26242	Drake with Set's Mechanic
26243	Echoing Echo
26244	Forestfolk
26245	Furnace Oriflamme
26246	Glorious Dragon-Kin
26247	Goblin Savant
26248	Good Knight
26249	Hidetsugu's Poison Rite
26250	Hound of Urabrask
26251	Incisor Steed
26252	Join the Winning Team
26253	Leech Medic
26254	Life Cloud
26255	Locus Cobra
26256	Long-Term Phyresis Study
26257	Melira's Snacks
26258	Memnarchitect
26259	Mindslaver Toolkit
26260	More of That Strange Oil...
26261	Mox Poison
26262	Naturalize the Phyresis
26263	Nim Mongoose
26264	Oilskelion
26265	Old Way Phyrexian
26266	Original Skullclamp
26267	Phila, Unsealed
26268	Phyrexian Broodstar
26269	Phyrexian Chimney Imp
26270	Phyrexian Esthetician
26271	Phyrexian Ornithopter
26272	Platinum Persecutor
26273	Point to the Scoreboard
26274	Pulse of the Hunter Maze
26275	Red Priest of Yawgmoth
26276	Rosewater's Nemesis
26277	Sawtooth Avenger
26278	Sheoldred's Terror
26279	Snapsail Rider
26280	Sojourner's Enforcermite
26281	Sort of _____ and _____
26282	Soul of Mirrodin
26283	Take the High Ground
26284	The Forgotten Place
26285	Then, Dreadmaws Ate Everyone
26286	Tricky Mage
26287	Unclaimed Battle Axe
26288	Unclaimed Bird
26289	Unclaimed Blessing
26290	Unclaimed Cat
26291	Unclaimed Tanadon
26292	Untap, Upkeep, Draw
26293	Who's That Praetor?
26294	Arek, False Goldwarden
26295	Bladehold Cleaver
26296	Blightwing Whelp
26297	Contagion Dispenser
26298	Darksteel Hydra
26299	Ghalma the Shaper
26300	Glistening Extractor
26301	Gyox, Brutal Carnivora
26302	Hexgold Sledge
26303	Ichor Aberration
26304	Innovative Metatect
26305	Kemba's Outfitter
26306	Magmatic Scorchwing
26307	March Toward Perfection
26308	Mephidross Slime
26309	Nettling Host
26310	Norn's Fetchling
26311	Phyresis Roach
26312	Phyrexian Harvester
26313	Phyrexian Scrapyard
26314	Quicksilver Lapidary
26315	Quicksilver Servitor
26316	Rothga, Bonded Engulfer
26317	Seething Skitter-Priest
26318	Sheoldred's Assimilator
26319	Skullpiercer Gnat
26320	Spawning Pod
26321	Surgical Metamorph
26322	Tezzeret's Reckoning
26323	Vexyr, Ich-Tekik's Heir
26324	Bohn, Beguiling Balladeer
26325	Casal, Lurkwood Pathfinder // Casal, Pathbreaker Owlbear
26326	Evin, Waterdeep Opportunist
26327	Jurin, Leading the Charge
26328	Mathise, Surge Channeler
26329	Rashel, Fist of Torm
26330	Themberchaud
26331	A-Haywire Mite
26332	A-Circuit Mender
26333	A-Dokuchi Silencer
26334	A-Futurist Operative
26335	A-Moon-Circuit Hacker
26336	A-Nashi, Moon Sage's Scion
26337	A-Nezumi Prowler
26338	A-Prosperous Thief
26339	A-Satoru Umezawa
26340	A-Silver-Fur Master
26341	A-Thousand-Faced Shadow
26342	A-Knockout Blow
26343	Begin the Invasion
26344	Bitterthorn, Nissa's Animus
26345	Blight Titan
26346	Bright-Palm, Soul Awakener
26347	Brimaz, Blight of Oreskos
26348	Chivalric Alliance
26349	Conclave Sledge-Captain
26350	Conjurer's Mantle
26351	Cutthroat Negotiator
26352	Dance with Calamity
26353	Darksteel Splicer
26354	Death-Greeter's Champion
26355	Deluxe Dragster
26356	Elenda and Azor
26357	Elspeth's Talent
26358	Emergent Woodwurm
26359	Enigma Ridges
26360	Esper
26361	Excise the Imperfect
26362	Exsanguinator Cavalry
26363	Filigree Vector
26364	Firemane Commando
26365	Flockchaser Phantom
26366	Ghirapur
26367	Gimbal, Gremlin Prodigy
26368	Goro-Goro and Satoru
26369	Guardian Scalelord
26370	Hedron Detonator
26371	Herald of Hoofbeats
26372	Ichor Elixir
26373	Infernal Sovereign
26374	Inys Haen
26375	Kasla, the Broken Halo
26376	Katilda and Lier
26377	Ketria
26378	Liliana's Talent
26379	Littjara
26380	Locthwain Lancer
26381	Megaflora Jungle
26382	Mirror-Style Master
26383	Mistmeadow Vanisher
26384	Moira and Teshar
26385	Naktamun
26386	Nesting Dovehawk
26387	New Argive
26388	Norn's Seedcore
26389	Nyx
26390	Pain Distributor
26391	Paliano
26392	Path of the Animist
26393	Path of the Enigma
26394	Path of the Ghosthunter
26395	Path of the Pyromancer
26396	Path of the Schemer
26397	Rashmi and Ragavan
26398	Riptide Island
26399	Rowan's Talent
26400	Saint Traft and Rem Karolus
26401	Sandsteppe War Riders
26402	Schema Thief
26403	Shalai and Hallar
26404	Sidar Jabari of Zhalfir
26405	Slimefoot and Squee
26406	Strixhaven
26407	Teferi's Talent
26408	Ten Wizards Mountain
26409	The Caldaia
26410	The Fertile Lands of Saulvinia
26411	The Golden City of Orazca
26412	The Great Aerie
26413	The Pit
26414	The Western Cloud
26415	The Wilds
26416	Towashi
26417	Uncivil Unrest
26418	Unyaro
26419	Valor's Reach
26420	Vivien's Talent
26421	Vodalian Wave-Knight
26422	Vulpine Harvester
26423	Wand of the Worldsoul
26424	Wildfire Awakener
26425	Aerial Boost
26426	Aetherblade Agent // Gitaxian Mindstinger
26427	Akki Scrapchomper
26428	Alabaster Host Intercessor
26429	Alabaster Host Sanctifier
26430	Ancient Imperiosaur
26431	Angelic Intervention
26432	Arachnoid Adaptation
26433	Archangel Elspeth
26434	Archpriest of Shadows
26435	Artistic Refusal
26436	Assimilate Essence
26437	Astral Wingspan
26438	Atraxa's Fall
26439	Attentive Skywarden
26440	Axgard Artisan
26441	Ayara, Widow of the Realm // Ayara, Furnace Queen
26442	Baral and Kari Zev
26443	Beamtown Beatstick
26444	Bladed Battle-Fan
26445	Blighted Burgeoning
26446	Blightreaper Thallid // Blightsower Thallid
26447	Bloated Processor
26448	Bloodfeather Phoenix
26449	Bola Slinger
26450	Bonded Herdbeast // Plated Kilnbeast
26451	Boon-Bringer Valkyrie
26452	Borborygmos and Fblthp
26453	Botanical Brawler
26454	Breach the Multiverse
26455	Burning Sun's Fury
26456	Captive Weird // Compleated Conjurer
26457	Chandra, Hope's Beacon
26458	Change the Equation
26459	Chomping Kavu
26460	Chrome Host Seedshark
26461	City on Fire
26462	Collective Nightmare
26463	Coming In Hot
26464	Compleated Huntmaster
26465	Complete the Circuit
26466	Consuming Aetherborn
26467	Converter Beast
26468	Copper Host Crusher
26469	Corrupted Conviction
26470	Corruption of Towashi
26471	Cosmic Hunger
26472	Cragsmasher Yeti
26473	Crystal Carapace
26474	Cut Short
26475	Deadly Derision
26476	Deeproot Wayfinder
26477	Disturbing Conversion
26478	Djeru and Hazoret
26479	Doomskar Warrior
26480	Drana and Linvala
26481	Dreg Recycler
26482	Dusk Legion Duelist
26483	Elesh Norn // The Argent Etchings
26484	Elspeth's Smite
26485	Elvish Vatkeeper
26486	Enduring Bondwarden
26487	Ephara's Dispersal
26488	Errant and Giada
26489	Essence of Orthodoxy
26490	Etali, Primal Conqueror // Etali, Primal Sickness
26491	Etched Familiar
26492	Etched Host Doombringer
26493	Expedition Lookout
26494	Eyes of Gitaxias
26495	Faerie Mastermind
26496	Failed Conversion
26497	Fearless Skald
26498	Fertilid's Favor
26499	Final Flourish
26500	Flitting Guerrilla
26501	Flywheel Racer
26502	Furnace Gremlin
26503	Furnace Host Charger
26504	Furnace Reins
26505	Furtive Analyst
26506	Ghalta and Mavren
26507	Gift of Compleation
26508	Glissa, Herald of Predation
26509	Glistening Dawn
26510	Glistening Deluge
26511	Gloomfang Mauler
26512	Gnottvold Hermit // Chrome Host Hulk
26513	Golden-Scale Aeronaut
26514	Grafted Butcher
26515	Guardian of Ghirapur
26516	Halo Forager
26517	Halo Hopper
26518	Halo-Charged Skaab
26519	Hangar Scrounger
26520	Harried Artisan // Phyrexian Skyflayer
26521	Heliod, the Radiant Dawn // Heliod, the Warped Eclipse
26522	Herbology Instructor // Malady Invoker
26523	Hidetsugu and Kairi
26524	Hoarding Broodlord
26525	Ichor Drinker
26526	Ichor Shade
26527	Infected Defector
26528	Inga and Esika
26529	Injector Crocodile
26530	Interdisciplinary Mascot
26531	Into the Fire
26532	Invasion of Alara // Awaken the Maelstrom
26533	Invasion of Amonkhet // Lazotep Convert
26534	Invasion of Arcavios // Invocation of the Founders
26535	Invasion of Azgol // Ashen Reaper
26536	Invasion of Belenon // Belenon War Anthem
26537	Invasion of Dominaria // Serra Faithkeeper
26538	Invasion of Eldraine // Prickle Faeries
26539	Invasion of Ergamon // Truga Cliffcharger
26540	Invasion of Fiora // Marchesa, Resolute Monarch
26541	Invasion of Gobakhan // Lightshield Array
26542	Invasion of Ikoria // Zilortha, Apex of Ikoria
26543	Invasion of Innistrad // Deluge of the Dead
26544	Invasion of Ixalan // Belligerent Regisaur
26545	Invasion of Kaladesh // Aetherwing, Golden-Scale Flagship
26546	Invasion of Kaldheim // Pyre of the World Tree
26547	Invasion of Kamigawa // Rooftop Saboteurs
26548	Invasion of Karsus // Refraction Elemental
26549	Invasion of Kylem // Valor's Reach Tag Team
26550	Invasion of Lorwyn // Winnowing Forces
26551	Invasion of Mercadia // Kyren Flamewright
26552	Invasion of Moag // Bloomwielder Dryads
26553	Invasion of Muraganda // Primordial Plasm
26554	Invasion of New Capenna // Holy Frazzle-Cannon
26555	Invasion of New Phyrexia // Teferi Akosa of Zhalfir
26556	Invasion of Pyrulea // Gargantuan Slabhorn
26557	Invasion of Ravnica // Guildpact Paragon
26558	Invasion of Regatha // Disciples of the Inferno
26559	Invasion of Segovia // Caetus, Sea Tyrant of Segovia
26560	Invasion of Shandalar // Leyline Surge
26561	Invasion of Tarkir // Defiant Thundermaw
26562	Invasion of Theros // Ephara, Ever-Sheltering
26563	Invasion of Tolvada // The Broken Sky
26564	Invasion of Ulgrotha // Grandmother Ravi Sengir
26565	Invasion of Vryn // Overloaded Mage-Ring
26566	Invasion of Xerex // Vertex Paladin
26567	Invasion of Zendikar // Awakened Skyclave
26568	Iridescent Blademaster
26569	Jin-Gitaxias // The Great Synthesis
26570	Joyful Stormsculptor
26571	Kami of Whispered Hopes
26572	Karsus Depthguard
26573	Khenra Spellspear // Gitaxian Spellstalker
26574	Kithkin Billyrider
26575	Knight of the New Coalition
26576	Knight-Errant of Eos
26577	Kogla and Yidaro
26578	Kor Halberd
26579	Kroxa and Kunoros
26580	Lithomantic Barrage
26581	Marauding Dreadship
26582	Marshal of Zhalfir
26583	Meeting of Minds
26584	Merciless Repurposing
26585	Mirran Banesplitter
26586	Mirrodin Avenged
26587	Mirror-Shield Hoplite
26588	Moment of Truth
26589	Mutagen Connoisseur
26590	Nahiri's Warcrafting
26591	Nezumi Freewheeler // Hideous Fleshwheeler
26592	Nezumi Informant
26593	Norn's Inquisitor
26594	Oculus Whelp
26595	Omen Hawker
26596	Omnath, Locus of All
26597	Onakke Javelineer
26598	Oracle of Tragedy
26599	Order of the Mirror // Order of the Alabaster Host
26600	Orthion, Hero of Lavabrink
26601	Overgrown Pest
26602	Ozolith, the Shattered Spire
26603	Phyrexian Archivist
26604	Phyrexian Awakening
26605	Phyrexian Censor
26606	Phyrexian Pegasus
26607	Pile On
26608	Placid Rottentail
26609	Polukranos Reborn // Polukranos, Engine of Ruin
26610	Portent Tracker
26611	Preening Champion
26612	Progenitor Exarch
26613	Protocol Knight
26614	Pyretic Prankster // Glistening Goremonger
26615	Quintorius, Loremaster
26616	Ral's Reinforcements
26617	Ramosian Greatsword
26618	Rampaging Geoderm
26619	Rampaging Raptor
26620	Rankle and Torbran
26621	Ravenous Sailback
26622	Realmbreaker's Grasp
26623	Realmbreaker, the Invasion Tree
26624	Redcap Heelslasher
26625	Referee Squad
26626	Render Inert
26627	Rona, Herald of Invasion // Rona, Tolarian Obliterator
26628	Ruins Recluse
26629	Saiba Cryptomancer
26630	Sandstalker Moloch
26631	Scorn-Blade Berserker
26632	Scrappy Bruiser
26633	Scrollshift
26634	Sculpted Perfection
26635	Seal from Existence
26636	Searing Barb
26637	See Double
26638	Seed of Hope
26639	Seedpod Caretaker
26640	Seer of Stolen Sight
26641	Seraph of New Capenna // Seraph of New Phyrexia
26642	Serpent-Blade Assailant
26643	Shatter the Source
26644	Sheoldred // The True Scriptures
26645	Shivan Branch-Burner
26646	Sigiled Sentinel
26647	Skyclave Aerialist // Skyclave Invader
26648	Stasis Field
26649	Storm the Seedcore
26650	Stormclaw Rager
26651	Streetwise Negotiator
26652	Sun-Blessed Guardian // Furnace-Blessed Conqueror
26653	Sunder the Gateway
26654	Sunfall
26655	Surge of Salvation
26656	Surrak and Goreclaw
26657	Sword of Once and Future
26658	Swordsworn Cavalier
26659	Tandem Takedown
26660	Tangled Skyline
26661	Tarkir Duneshaper // Burnished Dunestomper
26662	Temporal Cleansing
26663	Tenured Oilcaster
26664	Terror of Towashi
26665	Thalia and The Gitrog Monster
26666	Thrashing Frontliner
26667	Thunderhead Squadron
26668	Tidal Terror
26669	Tiller of Flesh
26670	Timberland Ancient
26671	Trailblazing Historian
26672	Transcendent Message
26673	Traumatic Revelation
26674	Tribute to the World Tree
26675	Unseal the Necropolis
26676	Urabrask // The Great Work
26677	Urn of Godfire
26678	Vengeant Earth
26679	Volcanic Spite
26680	Voldaren Thrillseeker
26681	Vorinclex // The Grand Evolution
26682	War Historian
26683	War-Trained Slasher
26684	Wary Thespian
26685	Wicked Slumber
26686	Wildwood Escort
26687	Wrenn and Realmbreaker
26688	Wrenn's Resolve
26689	Xerex Strobe-Knight
26690	Yargle and Multani
26691	Zephyr Singer
26692	Zephyr Winder
26693	Zhalfirin Lancer
26694	Zhalfirin Shapecraft
26695	Zimone and Dina
26696	Zurgo and Ojutai
26697	A-Radha, Coalition Warlord
26698	Across the Multiverse
26699	Agoraphobic Phyrexian
26700	Anax and Cymede & Kynaios and Tiro
26701	Autumn Willow and Baron Sengir
26702	Avacyn and Griselbrand
26703	Azorius Traffic Enforcement
26704	Azra Matchthrower
26705	Battle Myrsphere
26706	Bob the Claymore
26707	Chatterstorm and Awaken the Woods
26708	Colossal Dreadmaw and Storm Crow
26709	Common Curve Filler
26710	Emrakul and Chatterfang
26711	Farseeing Flockmate
26712	Gerrard and Hanna
26713	Guildmark
26714	Halana and Alena and Gisa and Geralf
26715	Hero's Uncle
26716	Huge Truck
26717	Incubation Triformer
26718	Incubob
26719	Innistrad Charm
26720	Invasion Specialist
26721	Isamaru and Yoshimaru
26722	Jeska and Kamahl
26723	Jitte and Divining Top
26724	Joven and Chandler
26725	Kamigawa Charm
26726	Knowing // Half the Battle
26727	Koma and Toski, Compleated
26728	Kylem All-Star
26729	Luxior and Shadowspear
26730	Manakin and Millikin
26731	May of the Machine
26732	Merfolk Surveyor
26733	Minnea, Planar Tourist
26734	Myojin of Night's Reach and Grim Betrayal
26735	Nevermind
26736	Norin and Feldon
26737	Occupation of Llanowar
26738	Phyrexian Adapter
26739	Phyrexian Cytoshaper
26740	Phyrexian Incubator
26741	Praetorhoof Behemoth
26742	Quest Compleated Beast
26743	Riku and Riku
26744	Riven Turnbull and Princess Lucrezia
26745	Segovian Sword
26746	Shadowmoor Draw Spell
26747	Shahrazad and Sindbad
26748	Sword of Fire and Ice and War and Peace
26749	Tarkir Charm
26750	That's No Moonmist
26751	The Belligerent and Useless Island
26752	Theros Charm
26753	Toothy and Zndrsplt
26754	Ulgrotha Charm
26755	Unicycling Automaton
26756	Unknown Event Shores
26757	Welcome to Mini-apolis
26758	Xerex Squire
26759	Polis the Planeshifter
26760	Animist's Might
26761	Arni Metalbrow
26762	Ayara's Oathsworn
26763	Blot Out
26764	Calix, Guided by Fate
26765	Campus Renovation
26766	Coppercoat Vanguard
26767	Cosmic Rebirth
26768	Danitha, New Benalia's Light
26769	Death-Rattle Oni
26770	Deification
26771	Drannith Ruins
26772	Feast of the Victorious Dead
26773	Filter Out
26774	Gold-Forged Thopteryx
26775	Harnessed Snubhorn
26776	Jirina, Dauntless General
26777	Jolrael, Voice of Zhalfir
26778	Karn, Legacy Reforged
26779	Kiora, Sovereign of the Deep
26780	Kolaghan Warmonger
26781	Leyline Immersion
26782	Markov Baron
26783	Metropolis Reformer
26784	Nahiri's Resolve
26785	Nahiri, Forged in Fury
26786	Narset, Enlightened Exile
26787	Nashi, Moon's Legacy
26788	Nissa, Resurgent Animist
26789	Niv-Mizzet, Supreme
26790	Ob Nixilis, Captive Kingpin
26791	Open the Way
26792	Pia Nalaar, Consul of Revival
26793	Plargg and Nassari
26794	Rebuild the City
26795	Reckless Handling
26796	Rocco, Street Chef
26797	Samut, Vizier of Naktamun
26798	Sarkhan, Soul Aflame
26799	Sigarda, Font of Blessings
26800	Spark Rupture
26801	Tazri, Stalwart Survivor
26802	The Kenriths' Royal Funeral
26803	Tolarian Contempt
26804	Tranquil Frillback
26805	Tyvar the Bellicose
26806	Undercity Upheaval
26807	Urborg Scavengers
26808	Vesuvan Drifter
26809	Aragorn, King of Gondor
26810	Archivist of Gondor
26811	Arwen, Weaver of Hope
26812	Assemble the Entmoot
26813	Banquet Guests
26814	Beregond of the Guard
26815	Bilbo, Birthday Celebrant
26816	Boromir, Gondor's Hope
26817	Call for Aid
26818	Cavern-Hoard Dragon
26819	Champions of Minas Tirith
26820	Corsairs of Umbar
26821	Crown of Gondor
26822	Círdan the Shipwright
26823	Denethor, Stone Seer
26824	Elrond of the White Council
26825	Erestor of the Council
26826	Faramir, Steward of Gondor
26827	Farmer Cotton
26828	Fealty to the Realm
26829	Feasting Hobbit
26830	Field-Tested Frying Pan
26831	Forth Eorlingas!
26832	Frodo, Adventurous Hobbit
26833	Galadhrim Ambush
26834	Galadriel, Elven-Queen
26835	Gandalf, Westward Voyager
26836	Gilraen, Dúnedain Protector
26837	Gimli of the Glittering Caves
26838	Gollum, Obsessed Stalker
26839	Grey Host Reinforcements
26840	Gríma, Saruman's Footman
26841	Gwaihir, Greatest of the Eagles
26842	Haldir, Lórien Lieutenant
26843	Hithlain Rope
26844	In the Darkness Bind Them
26845	Legolas Greenleaf
26846	Lidless Gaze
26847	Lobelia, Defender of Bag End
26848	Lord of the Nazgûl
26849	Lossarnach Captain
26850	Lothlórien Blade
26851	Merry, Warden of Isengard
26852	Mirkwood Elk
26853	Mirkwood Trapper
26854	Model of Unity
26855	Monstrosity of the Lake
26856	Moria Scavenger
26857	Motivated Pony
26858	Oath of Eorl
26859	Of Herbs and Stewed Rabbit
26860	Orcish Siegemaster
26861	Pippin, Warden of Isengard
26862	Prize Pig
26863	Radagast, Wizard of Wilds
26864	Raise the Palisade
26865	Rampaging War Mammoth
26866	Rapacious Guest
26867	Relic of Sauron
26868	Riders of Rohan
26869	Sail into the West
26870	Sam, Loyal Attendant
26871	Saruman, the White Hand
26872	Sauron, Lord of the Rings
26873	Shelob, Dread Weaver
26874	Song of Eärendil
26875	Subjugate the Hobbits
26876	Summons of Saruman
26877	Taunt from the Rampart
26878	The Balrog of Moria
26879	The Black Gate
26880	The Gaffer
26881	Too Greedily, Too Deep
26882	Trap the Trespassers
26883	Travel Through Caradhras
26884	Treebeard, Gracious Host
26885	Wake the Dragon
26886	Windswift Slice
26887	Éomer, King of Rohan
26888	Éowyn, Shieldmaiden
26889	Andúril, Flame of the West
26890	Aragorn and Arwen, Wed
26891	Aragorn, Company Leader
26892	Aragorn, the Uniter
26893	Arwen Undómiel
26894	Arwen's Gift
26895	Arwen, Mortal Queen
26896	Assault on Osgiliath
26897	Bag End Porter
26898	Banish from Edoras
26899	Barad-dûr
26900	Barrow-Blade
26901	Battle-Scarred Goblin
26902	Bewitching Leechcraft
26903	Bilbo's Ring
26904	Bilbo, Retired Burglar
26905	Bill Ferny, Bree Swindler
26906	Bill the Pony
26907	Birthday Escape
26908	Bitter Downfall
26909	Bombadil's Song
26910	Book of Mazarbul
26911	Borne Upon a Wind
26912	Boromir, Warden of the Tower
26913	Brandywine Farmer
26914	Breaking of the Fellowship
26915	Butterbur, Bree Innkeeper
26916	Call of the Ring
26917	Captain of Umbar
26918	Cast into the Fire
26919	Celeborn the Wise
26920	Chance-Met Elves
26921	Cirith Ungol Patrol
26922	Claim the Precious
26923	Council's Deliberation
26924	Dawn of a New Age
26925	Deceive the Messenger
26926	Delighted Halfling
26927	Denethor, Ruling Steward
26928	Display of Power
26929	Doors of Durin
26930	Dreadful as the Storm
26931	Dunland Crebain
26932	Dúnedain Blade
26933	Dúnedain Rangers
26934	Eagles of the North
26935	East-Mark Cavalier
26936	Easterling Vanguard
26937	Eastfarthing Farmer
26938	Elanor Gardner
26939	Elrond, Lord of Rivendell
26940	Elrond, Master of Healing
26941	Elven Chorus
26942	Elven Farsight
26943	Elvish Mariner
26944	Enraged Huorn
26945	Ent's Fury
26946	Ent-Draught Basin
26947	Entish Restoration
26948	Erebor Flamesmith
26949	Erkenbrand, Lord of Westfold
26950	Errand-Rider of Gondor
26951	Escape from Orthanc
26952	Esquire of the King
26953	Fall of Cair Andros
26954	Fall of Gil-galad
26955	Fangorn, Tree Shepherd
26956	Faramir, Field Commander
26957	Faramir, Prince of Ithilien
26958	Fear, Fire, Foes!
26959	Fiery Inscription
26960	Fire of Orthanc
26961	Fires of Mount Doom
26962	Flame of Anor
26963	Flowering of the White Tree
26964	Fog on the Barrow-Downs
26965	Foray of Orcs
26966	Forge Anew
26967	Friendly Rivalry
26968	Frodo Baggins
26969	Frodo, Determined Hero
26970	Frodo, Sauron's Bane
26971	Galadhrim Bow
26972	Galadhrim Guide
26973	Galadriel of Lothlórien
26974	Galadriel, Gift-Giver
26975	Gandalf the Grey
26976	Gandalf the White
26977	Gandalf's Sanction
26978	Gandalf, Friend of the Shire
26979	Gandalf, White Rider
26980	Generous Ent
26981	Gift of Strands
26982	Gimli's Axe
26983	Gimli's Fury
26984	Gimli, Counter of Kills
26985	Gimli, Mournful Avenger
26986	Glamdring
26987	Glorfindel, Dauntless Rescuer
26988	Glorious Gale
26989	Glóin, Dwarf Emissary
26990	Goblin Fireleaper
26991	Goldberry, River-Daughter
26992	Gollum's Bite
26993	Gollum, Patient Plotter
26994	Gollum, Scheming Guide
26995	Gorbag of Minas Morgul
26996	Gothmog, Morgul Lieutenant
26997	Great Hall of the Citadel
26998	Grey Havens Navigator
26999	Grishnákh, Brash Instigator
27000	Grond, the Gatebreaker
27001	Gríma Wormtongue
27002	Gwaihir the Windlord
27003	Haradrim Spearmaster
27004	Haunt of the Dead Marshes
27005	Hew the Entwood
27006	Hithlain Knots
27007	Hobbit's Sting
27008	Horn of Gondor
27009	Horn of the Mark
27010	Horses of the Bruinen
27011	Improvised Club
27012	Inherited Envelope
27013	Ioreth of the Healing House
27014	Isildur's Fateful Strike
27015	Isolation at Orthanc
27016	Ithilien Kingfisher
27017	King of the Oathbreakers
27018	Knights of Dol Amroth
27019	Landroval, Horizon Witness
27020	Lash of the Balrog
27021	Last March of the Ents
27022	Legolas, Counter of Kills
27023	Legolas, Master Archer
27024	Lembas
27025	Lobelia Sackville-Baggins
27026	Long List of the Ents
27027	Lost Isle Calling
27028	Lost to Legend
27029	Lothlórien Lookout
27030	Lotho, Corrupt Shirriff
27031	Lórien Revealed
27032	Many Partings
27033	March from the Black Gate
27034	Mauhúr, Uruk-hai Captain
27035	Meneldor, Swift Savior
27036	Meriadoc Brandybuck
27037	Merry, Esquire of Rohan
27038	Minas Tirith
27039	Mines of Moria
27040	Mirkwood Bats
27041	Mirkwood Spider
27042	Mirror of Galadriel
27043	Mirrormere Guardian
27044	Mithril Coat
27045	Mordor Muster
27046	Mordor Trebuchet
27047	Morgul-Knife Wound
27048	Moria Marauder
27049	Mount Doom
27050	Mushroom Watchdogs
27051	Nasty End
27052	Nazgûl
27053	Nimble Hobbit
27054	Nimrodel Watcher
27055	Now for Wrath, Now for Ruin!
27056	Oath of the Grey Host
27057	Old Man Willow
27058	Oliphaunt
27059	Olog-hai Crusher
27060	One Ring to Rule Them All
27061	Orcish Bowmasters
27062	Orcish Medicine
27063	Palantír of Orthanc
27064	Pelargir Survivor
27065	Peregrin Took
27066	Phial of Galadriel
27067	Pippin's Bravery
27068	Pippin, Guard of the Citadel
27069	Press the Enemy
27070	Prince Imrahil the Fair
27071	Protector of Gondor
27072	Quarrel's End
27073	Quickbeam, Upstart Ent
27074	Radagast the Brown
27075	Rally at the Hornburg
27076	Ranger's Firebrand
27077	Rangers of Ithilien
27078	Relentless Rohirrim
27079	Reprieve
27080	Revive the Shire
27081	Ringsight
27082	Ringwraiths
27083	Rise of the Witch-king
27084	Rising of the Day
27085	Rivendell
27086	Rohirrim Lancer
27087	Rosie Cotton of South Lane
27088	Rush the Room
27089	Sam's Desperate Rescue
27090	Samwise Gamgee
27091	Samwise the Stouthearted
27092	Saradoc, Master of Buckland
27093	Saruman of Many Colors
27094	Saruman the White
27095	Saruman's Trickery
27096	Sauron's Ransom
27097	Sauron, the Dark Lord
27098	Sauron, the Lidless Eye
27099	Sauron, the Necromancer
27100	Scroll of Isildur
27101	Second Breakfast
27102	Shadow Summoning
27103	Shadow of the Enemy
27104	Shadowfax, Lord of Horses
27105	Shagrat, Loot Bearer
27106	Sharkey, Tyrant of the Shire
27107	Shelob's Ambush
27108	Shelob, Child of Ungoliant
27109	Shire Scarecrow
27110	Shire Shirriff
27111	Shire Terrace
27112	Shortcut to Mushrooms
27113	Shower of Arrows
27114	Slip On the Ring
27115	Smite the Deathless
27116	Sméagol, Helpful Guide
27117	Snarling Warg
27118	Soldier of the Grey Host
27119	Soothing of Sméagol
27120	Spiteful Banditry
27121	Stalwarts of Osgiliath
27122	Stern Scolding
27123	Stew the Coneys
27124	Sting, the Glinting Dagger
27125	Stone of Erech
27126	Storm of Saruman
27127	Strider, Ranger of the North
27128	Surrounded by Orcs
27129	Swarming of Moria
27130	Tale of Tinúviel
27131	The Balrog, Durin's Bane
27132	The Balrog, Flame of Udûn
27133	The Bath Song
27134	The Battle of Bywater
27135	The Black Breath
27136	The Grey Havens
27137	The Mouth of Sauron
27138	The One Ring
27139	The Ring Goes South
27140	The Shire
27141	The Torment of Gollum
27142	The Watcher in the Water
27143	There and Back Again
27144	Théoden, King of Rohan
27145	Tom Bombadil
27146	Took Reaper
27147	Treason of Isengard
27148	Troll of Khazad-dûm
27149	Uglúk of the White Hand
27150	Uruk-hai Berserker
27151	Voracious Fell Beast
27152	War of the Last Alliance
27153	Warbeast of Gorgoroth
27154	Westfold Rider
27155	Willow-Wind
27156	Witch-king of Angmar
27157	Witch-king, Bringer of Ruin
27158	Wizard's Rockets
27159	Wose Pathfinder
27160	You Cannot Pass!
27161	Éomer of the Riddermark
27162	Éomer, Marshal of Rohan
27163	Éowyn, Fearless Knight
27164	Éowyn, Lady of Rohan
27165	Ano'thr, Equipment Commander
27166	Arvad of the Weatherlight
27167	Auntie Flint
27168	Awoken Nephilim
27169	Barce, Friend Finder
27170	Clear, the Mind
27171	Command From the Shadows
27172	Daxiver, Izzet Electromancer
27173	Delve too Deep
27174	Dockbreacher
27175	Eldest Dragon Highlander
27176	Enolc, Perfect Clone
27177	Ensoul Ring
27178	Fioran Reformist
27179	Form of the Stax Player
27180	Gather, the Townsfolk
27181	Groaaaaag, Hungry Monster
27182	Hadran, Naya Sunseeder
27183	Kallist Rhoka
27184	Lava, Axe
27185	Lorthos, Tentacled Terror
27186	Mana Conference
27187	Margle, Cousin of Yargle
27188	Math is for Blockers
27189	Maître Tree
27190	Mr. Wiggles, Helpful Butterfly
27191	My Deck is About a Seven
27192	Mysterious Confluence
27193	Mzed, Mercenary Leader
27194	One Does Not
27195	Potatoes
27196	Power Level Analyzer
27197	Rampant, Growth
27198	Ransack, the Lab
27199	Ring Out
27200	Sagrada Familiar
27201	Shedding Snake
27202	Simic, Value Engine
27203	Slobad, Actually Just Fine
27204	Soul Drainer
27205	Spice Rack
27206	Taught by Bruce Tarl
27207	Taught by Narset
27208	Taught by Serra
27209	Taught by Surrak
27210	Taught by Vito
27211	Tax Bolt
27212	Tax Draw
27213	Tax Hounds
27214	Tax Keeper
27215	Tax Sweeper
27216	The Colossal Dreadmaw
27217	The Dilu Horse
27218	Theopholos, Order Acolyte
27219	Toe-Breaking Helmet
27220	Triple Threat
27221	Try-My-Deck Elemental
27222	Valko Indorian, Researcher
27223	White Rhystic Study
27224	Your Favorite Character
27225	Your Mana Rock
27226	Lona, Tracker of the Known
27227	Elusen, the Giving
27228	Heroes of Kamigawa
27229	Svega, the Unconventional
27230	Treizeci, Sun of Serra
27231	Wizard from Beyond
27232	Abstruse Archaic
27233	Anikthea, Hand of Erebos
27234	Battle at the Helvault
27235	Boon of the Spirit Realm
27236	Cacophony Unleashed
27237	Calamity of the Titans
27238	Capricious Sliver
27239	Chandra, Legacy of Fire
27240	Commodore Guff
27241	Composer of Spring
27242	Darksteel Monolith
27243	Demon of Fate's Design
27244	Descendants' Fury
27245	Desecrate Reality
27246	Flayer of Loyalties
27247	For the Ancestors
27248	Gatewatch Beacon
27249	Ghoulish Impetus
27250	Guff Rewrites History
27251	Hatchery Sliver
27252	Jaya's Phoenix
27253	Lazotep Sliver
27254	Leori, Sparktouched Hunter
27255	Narci, Fable Singer
27256	Nyxborn Behemoth
27257	Omarthis, Ghostfire Initiate
27258	Onakke Oathkeeper
27259	Ondu Spiritdancer
27260	Regal Sliver
27261	Rise of the Eldrazi
27262	Rukarumel, Biologist
27263	Skittering Cicada
27264	Sliver Gravemother
27265	Sparkshaper Visionary
27266	Taunting Sliver
27267	Teyo, Geometric Tactician
27268	Titan of Littjara
27269	Ugin's Mastery
27270	Vronos, Masked Inquisitor
27271	Zhulodok, Void Gorger
27272	Gen, Confider of Ages
27273	Ice Out
27274	A Tale for the Ages
27275	Agatha of the Vile Cauldron
27276	Agatha's Soul Cauldron
27277	Archon of the Wild Rose
27278	Ashiok, Wicked Manipulator
27279	Asinine Antics
27280	Beluna Grandsquall // Seek Thrills
27281	Beseech the Mirror
27282	Blossoming Tortoise
27283	Bramble Familiar // Fetch Quest
27284	Charming Scoundrel
27285	Cruel Somnophage // Can't Wake Up
27286	Decadent Dragon // Expensive Taste
27287	Devouring Sugarmaw // Have for Dinner
27288	Elusive Otter // Grove's Bounty
27289	Elvish Archivist
27290	Eriette of the Charmed Apple
27291	Expel the Interlopers
27292	Extraordinary Journey
27293	Farsight Ritual
27294	Faunsbane Troll
27295	Feral Encounter
27296	Food Fight
27297	Goddric, Cloaked Reveler
27298	Gruff Triplets
27299	Gumdrop Poisoner // Tempt with Treats
27300	Heartflame Duelist // Heartflame Slash
27301	Horned Loch-Whale // Lagoon Breach
27302	Hylda of the Icy Crown
27303	Hylda's Crown of Winter
27304	Imodane, the Pyrohammer
27305	Ingenious Prodigy
27306	Kellan, the Fae-Blooded // Birthright Boon
27307	Lich-Knights' Conquest
27308	Likeness Looter
27309	Lord Skitter's Blessing
27310	Lord Skitter, Sewer King
27311	Moonshaker Cavalry
27312	Mosswood Dreadknight // Dread Whispers
27313	Pollen-Shield Hare // Hare Raising
27314	Questing Druid // Seek the Beast
27315	Raging Battle Mouse
27316	Rankle's Prank
27317	Realm-Scorcher Hellkite
27318	Redcap Gutter-Dweller
27319	Regal Bunnicorn
27320	Restless Bivouac
27321	Restless Cottage
27322	Restless Fortress
27323	Restless Spire
27324	Restless Vinestalk
27325	Rotisserie Elemental
27326	Rowan, Scion of War
27327	Scalding Viper // Steam Clean
27328	Sentinel of Lost Lore
27329	Sleep-Cursed Faerie
27330	Song of Totentanz
27331	Specter of Mortality
27332	Spellbook Vendor
27333	Spiteful Hexmage
27334	Syr Ginger, the Meal Ender
27335	Talion's Messenger
27336	Talion, the Kindly Lord
27337	Tangled Colony
27338	The Apprentice's Folly
27339	The End
27340	The Goose Mother
27341	The Huntsman's Redemption
27342	The Irencrag
27343	Three Blind Mice
27344	Thunderous Debut
27345	Twining Twins // Swift Spiral
27346	Virtue of Courage // Embereth Blaze
27347	Virtue of Knowledge // Vantress Visions
27348	Virtue of Loyalty // Ardenvale Fealty
27349	Virtue of Persistence // Locthwain Scorn
27350	Virtue of Strength // Garenbrig Growth
27351	Werefox Bodyguard
27352	Will, Scion of Peace
27353	Yenna, Redtooth Regent
27354	Monster // Virtuous
27355	Royal // Virtuous
27356	Monster // Sorcerer
27357	Royal // Young Hero
27358	Wicked // Cursed
27359	Alela, Cunning Conqueror
27360	Archmage of Echoes
27361	Blightwing Bandit
27362	Brenard, Ginger Sculptor
27363	Court of Ardenvale
27364	Court of Embereth
27365	Court of Garenbrig
27366	Court of Locthwain
27367	Court of Vantress
27368	Ellivere of the Wild Court
27369	Faerie Bladecrafter
27370	Giant Inheritance
27371	Gylwain, Casting Director
27372	Knickknack Ouphe
27373	Korvold, Gleeful Glutton
27374	Liberated Livestock
27375	Loamcrafter Faun
27376	Malleable Impostor
27377	Misleading Signpost
27378	Nettling Nuisance
27379	Ox Drover
27380	Shadow Puppeteers
27381	Songbirds' Blessing
27382	Tegwyll's Scouring
27383	Tegwyll, Duke of Splendor
27384	Throne of Eldraine
27385	Timber Paladin
27386	Unfinished Business
27387	Agatha's Champion
27388	Aquatic Alchemist // Bubble Up
27389	Archive Dragon
27390	Archon's Glory
27391	Armory Mice
27392	Ash, Party Crasher
27393	Ashiok's Reaper
27394	Back for Seconds
27395	Barrow Naughty
27396	Beanstalk Wurm // Plant Beans
27397	Become Brutes
27398	Belligerent of the Ball
27399	Bellowing Bruiser // Beat a Path
27400	Beluna's Gatekeeper // Entry Denied
27401	Besotted Knight // Betroth the Beast
27402	Bespoke Battlegarb
27403	Bestial Bloodline
27404	Bitter Chill
27405	Boundary Lands Ranger
27406	Brave the Wilds
27407	Break the Spell
27408	Callous Sell-Sword // Burn Together
27409	Candy Grapple
27410	Candy Trail
27411	Chancellor of Tales
27412	Charging Hooligan
27413	Charmed Clothier
27414	Cheeky House-Mouse // Squeak By
27415	Collector's Vault
27416	Conceited Witch // Price of Beauty
27417	Cooped Up
27418	Curse of the Werefox
27419	Cursed Courtier
27420	Cut In
27421	Diminisher Witch
27422	Discerning Financier
27423	Dream Spoilers
27424	Dutiful Griffin
27425	Edgewall Inn
27426	Edgewall Pack
27427	Eerie Interference
27428	Ego Drain
27429	Embereth Veteran
27430	Eriette's Tempting Apple
27431	Eriette's Whisper
27432	Experimental Confectioner
27433	Faerie Dreamthief
27434	Faerie Fencing
27435	Faerie Slumber Party
27436	Feed the Cauldron
27437	Fell Horseman // Deathly Ride
27438	Ferocious Werefox // Guard Change
27439	Flick a Coin
27440	Food Coma
27441	Frantic Firebolt
27442	Freeze in Place
27443	Frolicking Familiar // Blow Off Steam
27444	Frostbridge Guard
27445	Gadwick's First Duel
27446	Gallant Pie-Wielder
27447	Galvanic Giant // Storm Reading
27448	Gingerbread Hunter // Puny Snack
27449	Gnawing Crescendo
27450	Grabby Giant // That's Mine
27451	Graceful Takedown
27452	Grand Ball Guest
27453	Greta, Sweettooth Scourge
27454	Hamlet Glutton
27455	Harried Spearguard
27456	Hearth Elemental // Stoke Genius
27457	High Fae Negotiator
27458	Hollow Scavenger // Bakery Raid
27459	Hopeful Vigil
27460	Hopeless Nightmare
27461	Howling Galefang
27462	Icewrought Sentry
27463	Imodane's Recruiter // Train Troops
27464	Into the Fae Court
27465	Intrepid Trufflesnout // Go Hog Wild
27466	Johann's Stopgap
27467	Johann, Apprentice Sorcerer
27468	Kellan's Lightblades
27469	Kindled Heroism
27470	Knight of Doves
27471	Korvold and the Noble Thief
27472	Lady of Laughter
27473	Leaping Ambush
27474	Living Lectern
27475	Lord Skitter's Butcher
27476	Malevolent Witchkite
27477	Merfolk Coralsmith
27478	Merry Bards
27479	Minecart Daredevil // Ride the Rails
27480	Mintstrosity
27481	Misleading Motes
27482	Mocking Sprite
27483	Moment of Valor
27484	Monstrous Rage
27485	Neva, Stalked by Nightmares
27486	Night of the Sweets' Revenge
27487	Not Dead After All
27488	Obyra's Attendants // Desperate Parry
27489	Obyra, Dreaming Duelist
27490	Ogre Chitterlord
27491	Old Flitterfang
27492	Pests of Honor
27493	Picklock Prankster // Free the Fae
27494	Picnic Ruiner // Stolen Goodies
27495	Plunge into Winter
27496	Protective Parents
27497	Provisions Merchant
27498	Quick Study
27499	Rat Out
27500	Ratcatcher Trainee // Pest Problem
27501	Redcap Thief
27502	Redtooth Genealogist
27503	Redtooth Vanguard
27504	Return Triumphant
27505	Return from the Wilds
27506	Rimefur Reindeer
27507	Rootrider Faun
27508	Rowan's Grim Search
27509	Rowdy Research
27510	Royal Treatment
27511	Ruby, Daring Tracker
27512	Savior of the Sleeping
27513	Scarecrow Guide
27514	Scream Puff
27515	Sharae of Numbing Depths
27516	Shatter the Oath
27517	Shrouded Shepherd // Cleave Shadows
27518	Skewer Slinger
27519	Skybeast Tracker
27520	Slumbering Keepguard
27521	Snaremaster Sprite
27522	Solitary Sanctuary
27523	Spell Stutter
27524	Spellscorn Coven // Take It Back
27525	Spider Food
27526	Splashy Spellcaster
27527	Stingblade Assassin
27528	Stockpiling Celebrant
27529	Stonesplitter Bolt
27530	Stormkeld Prowler
27531	Stormkeld Vanguard // Bear Down
27532	Storyteller Pixie
27533	Stroke of Midnight
27534	Succumb to the Cold
27535	Sugar Rush
27536	Sweettooth Witch
27537	Syr Armont, the Redeemer
27538	Taken by Nightmares
27539	Tanglespan Lookout
27540	Tattered Ratter
27541	Tempest Hart // Scan the Clouds
27542	Tenacious Tomeseeker
27543	Territorial Witchstalker
27544	The Princess Takes Flight
27545	The Witch's Vanity
27546	Threadbind Clique // Rip the Seams
27547	Three Bowls of Porridge
27548	Toadstool Admirer
27549	Torch the Tower
27550	Totentanz, Swarm Piper
27551	Tough Cookie
27552	Troublemaker Ouphe
27553	Troyan, Gutsy Explorer
27554	Tuinvale Guide
27555	Twisted Fealty
27556	Twisted Sewer-Witch
27557	Two-Headed Hunter // Twice the Rage
27558	Unassuming Sage
27559	Unruly Catapult
27560	Up the Beanstalk
27561	Vantress Transmuter // Croaking Curse
27562	Verdant Outrider
27563	Voracious Vermin
27564	Warehouse Tabby
27565	Water Wings
27566	Welcome to Sweettooth
27567	Wicked Visitor
27568	Wildwood Mentor
27569	Witch's Mark
27570	Witchstalker Frenzy
27571	Woodland Acolyte // Mend the Wilds
27572	Ajani Goldmane // Ajani Goldmane
27573	Chandra Nalaar // Chandra Nalaar
27574	Garruk Wildspeaker // Garruk Wildspeaker
27575	Jace Beleren // Jace Beleren
27576	Liliana Vess // Liliana Vess
27577	TARDIS
27578	Adventurer Beguiler
27579	Banned Eldraine Card
27580	Believe in the Cleave
27581	Bram, Baguette Brawler
27582	Cat Oven
27583	Cinnamon, Seasoned Steed
27584	Command Mine
27585	Command Power Plant
27586	Dan, Shrewd Trader
27587	Force of Rowan
27588	Garruk's Lost Wolf // Hey, Has Anyone Seen Garruk?
27589	Gingerbehemoth
27590	Grek the Ogre
27591	HONK!
27592	Kevin, Questing Dragon
27593	Maeve, Wearer of Many Hats
27594	Magic Designer
27595	Must Be Knights
27596	Night Out in Vegas
27597	Playtest Wish
27598	Princess Snowfall
27599	Questing Cosplayer
27600	Rankle, Master of Pranksters
27601	Ratatwotwo
27602	Really Charming Prince
27603	Stika, Playtestress
27604	Syr Konrad's Squire
27605	Takesies // Backsies
27606	The Alright Henge
27607	The Companion of the Wilds
27608	Trampled Lotus
27609	Wistful Puppeteer
27610	Wrath of Oko
27611	You, Magic Playtester
27612	Death Baron // Death Baron
27613	Grimgrin, Corpse-Born // Grimgrin, Corpse-Born
27614	Noxious Ghoul // Noxious Ghoul
27615	Terror // Terror
27616	Unholy Grotto // Unholy Grotto
27617	Zombie Master // Zombie Master
27618	A-Orcish Bowmasters
27619	A-The One Ring
27620	A Golden Opportunity
27621	Accident-Prone Apprentice // Amphibian Accident
27622	Captivating Crossroads
27623	Cerise, Slayer of Fear
27624	Dedicated Dollmaker
27625	Draconic Debut
27626	Drover of the Swine
27627	Dunbarrow Revivalist
27628	First Little Pig
27629	Grow Old Together
27630	Heir to Dragonfire
27631	Hex, Kellan's Companion
27632	High Fae Prankster
27633	Jewel Mine Overseer
27634	Loch Larent
27635	Outfitted Jouster
27636	Overcooked
27637	Paths of Tuinvale
27638	Porcine Portent // Lend a Ham
27639	Second Little Pig
27640	Steady Tortoise // Harried Dash
27641	Stormkeld Curator // Giant Secrets
27642	Swine Rebellion
27643	Syr Joshua and Syr Saxon
27644	Talion's Throneguard
27645	The Conundrum of Bowls
27646	Third Little Pig
27647	Tome of Gadwick
27648	Underbridge Warlock
27649	Victory of the Pyrohammer
27650	Ace's Baseball Bat
27651	Ace, Fearless Rebel
27652	Adipose Offspring
27653	Adric, Mathematical Genius
27654	Alistair, the Brigadier
27655	All of History, All at Once
27656	Amy Pond
27657	Amy's Home
27658	An Unearthly Child
27659	Antarctic Research Base
27660	Aplan Mortarium
27661	Ashad, the Lone Cyberman
27662	Astrid Peth
27663	Atraxi Warden
27664	Auton Soldier
27665	Bad Wolf Bay
27666	Banish to Another Universe
27667	Barbara Wright
27668	Become the Pilot
27669	Besieged Viking Village
27670	Bessie, the Doctor's Roadster
27671	Bigger on the Inside
27672	Bill Potts
27673	Blink
27674	Bowie Base One
27675	Caught in a Parallel Universe
27676	City of Death
27677	City of the Daleks
27678	Clara Oswald
27679	Clockwork Droid
27680	Coal Hill School
27681	Confession Dial
27682	Coward // Killer
27683	Crack in Time
27684	Crisis of Conscience
27685	Cult of Skaro
27686	Cyber Conversion
27687	Cyberman Patrol
27688	Cybermat
27689	Cybermen Squadron
27690	Cybership
27691	Dalek Drone
27692	Dalek Intensive Care
27693	Dalek Squadron
27694	Dan Lewis
27695	Danny Pink
27696	Davros, Dalek Creator
27697	Day of the Moon
27698	Death in Heaven
27699	Decaying Time Loop
27700	Delete
27701	Dinosaurs on a Spaceship
27702	Displaced Dinosaurs
27703	Don't Blink
27704	Donna Noble
27705	Doomsday Confluence
27706	Duggan, Private Detective
27707	Ecstatic Beauty
27708	Ensnared by the Mara
27709	Everybody Lives!
27710	Everything Comes to Dust
27711	Exterminate!
27712	Five Hundred Year Diary
27713	Fixed Point in Time
27714	Flaming Tyrannosaurus
27715	Flatline
27716	Flesh Duplicate
27717	Four Knocks
27718	Frost Fair Lure Fish
27719	Fugitive of the Judoon
27720	Gallifrey Council Chamber
27721	Gallifrey Falls // No More
27722	Gallifrey Stands
27723	Gardens of Tranquil Repose
27724	Genesis of the Daleks
27725	Graham O'Brien
27726	Great Intelligence's Plan
27727	Heaven Sent
27728	Hotel of Fears
27729	Human—Time Lord Meta-Crisis
27730	Hunted by The Family
27731	Ian Chesterton
27732	Idris, Soul of the TARDIS
27733	Impending Flux
27734	Into the Time Vortex
27735	Iraxxa, Empress of Mars
27736	Jamie McCrimmon
27737	Jenny Flint
27738	Jenny, Generated Anomaly
27739	Jo Grant
27740	Judoon Enforcers
27741	K-9, Mark I
27742	Karvanista, Loyal Lupari // Lupari Shield
27743	Kate Stewart
27744	Kerblam! Warehouse
27745	Lake Silencio
27746	Laser Screwdriver
27747	Last Night Together
27748	Leela, Sevateem Warrior
27749	Lunar Hatchling
27750	Madame Vastra
27751	Martha Jones
27752	Me, the Immortal
27753	Memory Worm
27754	Midnight Crusader Shuttle
27755	Missy
27756	Mondassian Colony Ship
27757	Nanogene Conversion
27758	Nardole, Resourceful Cyborg
27759	New New York
27760	North Pole Research Base
27761	Nyssa of Traken
27762	Ominous Cemetery
27763	Ood Sphere
27764	Osgood, Operation Double
27765	Peri Brown
27766	Pompeii
27767	Prime Minister's Cabinet Room
27768	Psychic Paper
27769	Quantum Misalignment
27770	RMS Titanic
27771	Rassilon, the War President
27772	Regenerations Restored
27773	Renegade Silent
27774	Return the Past
27775	Reverse the Polarity
27776	River Song
27777	River Song's Diary
27778	Romana II
27779	Rory Williams
27780	Rose Tyler
27781	Rotating Fireplace
27782	Run for Your Life
27783	Ryan Sinclair
27784	Sally Sparrow
27785	Sarah Jane Smith
27786	Sergeant John Benton
27787	Sibylline Soothsayer
27788	Singing Towers of Darillium
27789	Sisterhood of Karn
27790	Sonic Screwdriver
27791	Sontaran General
27792	Spectrox Mines
27793	Star Whale
27794	Start the TARDIS
27795	Stormcage Containment Facility
27796	Strax, Sontaran Nurse
27797	Surge of Brilliance
27798	Susan Foreman
27799	Sycorax Commander
27800	TARDIS Bay
27801	Tegan Jovanka
27802	Temple of Atropos
27803	The Beast, Deathless Prince
27804	The Cave of Skulls
27805	The Caves of Androzani
27806	The Cheetah Planet
27807	The Curse of Fenric
27808	The Cyber-Controller
27809	The Dalek Emperor
27810	The Day of the Doctor
27811	The Dining Car
27812	The Doctor's Childhood Barn
27813	The Doctor's Tomb
27814	The Drum, Mining Facility
27815	The Eighth Doctor
27816	The Eleventh Doctor
27817	The Eleventh Hour
27818	The Face of Boe
27819	The Fifth Doctor
27820	The First Doctor
27821	The Five Doctors
27822	The Flood of Mars
27823	The Flux
27824	The Foretold Soldier
27825	The Fourth Doctor
27826	The Fugitive Doctor
27827	The Girl in the Fireplace
27828	The Lux Foundation Library
27829	The Master, Formed Anew
27830	The Master, Gallifrey's End
27831	The Master, Mesmerist
27832	The Master, Multiplied
27833	The Matrix of Time
27834	The Moment
27835	The Moonbase
27836	The Night of the Doctor
27837	The Ninth Doctor
27838	The Pandorica
27839	The Parting of the Ways
27840	The Pyramid of Mars
27841	The Rani
27842	The Sea Devils
27843	The Second Doctor
27844	The Seventh Doctor
27845	The Sixth Doctor
27846	The Sound of Drums
27847	The Tenth Doctor
27848	The Third Doctor
27849	The Thirteenth Doctor
27850	The Toymaker's Trap
27851	The Twelfth Doctor
27852	The Valeyard
27853	The War Doctor
27854	The War Games
27855	The Wedding of River Song
27856	Thijarian Witness
27857	This Is How It Ends
27858	Time Beetle
27859	Time Lord Regeneration
27860	Time Reaper
27861	Traverse Eternity
27862	Trenzalore Clocktower
27863	Trial of a Time Lord
27864	Truth or Consequences
27865	Twice Upon a Time // Unlikely Meeting
27866	Two Streams Facility
27867	UNIT Headquarters
27868	Unleash the Flux
27869	Vashta Nerada
27870	Vislor Turlough
27871	Vrestin, Menoptra Leader
27872	Weeping Angel
27873	Wibbly-wobbly, Timey-wimey
27874	Wilfred Mott
27875	Wreck and Rebuild
27876	Yasmin Khan
27877	Zygon Infiltrator
27878	Andúril, Narsil Reforged
27879	Aragorn, Hornburg Hero
27880	Arboreal Alliance
27881	Call Forth the Tempest
27882	Courageous Resolve
27883	Fell Beast of Mordor
27884	Fell Beast's Shriek
27885	Galadhrim Brigade
27886	Galadriel's Dismissal
27887	Galadriel, Light of Valinor
27888	Gandalf of the Secret Fire
27889	Gimli's Reckless Might
27890	Isengard Unleashed
27891	Legolas's Quick Reflexes
27892	Minas Morgul, Dark Fortress
27893	Mists of Lórien
27894	Mordor on the March
27895	Nazgûl Battle-Mace
27896	Olórin's Searing Light
27897	Rally the Galadhrim
27898	Rammas Echor, Ancient Shield
27899	Rohirrim Chargers
27900	Sorcerous Squall
27901	Witch-king, Sky Scourge
27902	Eagle of Deliverance
27903	Minas Tirith Garrison
27904	Mirkwood Channeler
27905	Riders of the Mark
27906	Warg Rider
27907	Admiral Brass, Unsinkable
27908	Altar of the Wretched // Wretched Bonemass
27909	Arm-Mounted Anchor
27910	Broadside Bombardiers
27911	Bronzebeak Foragers
27912	Bygone Marvels
27913	Carmen, Cruel Skymarcher
27914	Charismatic Conqueror
27915	Chimil, the Inner Sun
27916	Clavileño, First of the Blessed
27917	Contest of Claws
27918	Curious Altisaur
27919	Deeproot Historian
27920	Dinosaur Egg
27921	Don Andres, the Renegade
27922	Dusk Legion Sergeant
27923	Elenda's Hierophant
27924	Eye of Ojer Taq // Apex Observatory
27925	Francisco, Fowl Marauder
27926	From the Rubble
27927	Gemcutter Buccaneer
27928	Hakbal of the Surging Soul
27929	Illustrious Wanderglyph
27930	March of the Canonized
27931	Master of Dark Rites
27932	Mist Dancer
27933	Order of Sacred Dusk
27934	Ore-Rich Stalactite // Cosmium Catalyst
27935	Paleontologist's Pick-Axe // Dinosaur Headdress
27936	Pantlaza, Sun-Favored
27937	Progenitor's Icon
27938	Promise of Aclazotz // Foul Rebirth
27939	Redemption Choir
27940	Ripples of Potential
27941	Scion of Calamity
27942	Singer of Swift Rivers
27943	Skeleton Crew
27944	Storm Fleet Negotiator
27945	Sunfrill Imitator
27946	Tetzin, Gnome Champion // The Golden-Gear Colossus
27947	The Grim Captain's Locker
27948	The Indomitable
27949	Topography Tracker
27950	Tributary Instructor
27951	Wave Goodbye
27952	Wayta, Trainer Prodigy
27953	Wrathful Raptors
27954	Xavier Sal, Infested Captain
27955	Xolatoyac, the Smiling Flood
27956	Abuelo's Awakening
27957	Abuelo, Ancestral Echo
27958	Abyssal Gorestalker
27959	Aclazotz, Deepest Betrayal // Temple of the Dead
27960	Acolyte of Aclazotz
27961	Acrobatic Leap
27962	Adaptive Gemguard
27963	Akal Pakal, First Among Equals
27964	Akawalli, the Seething Tower
27965	Amalia Benavides Aguirre
27966	Ancestors' Aid
27967	Ancestral Reminiscence
27968	Anim Pakal, Thousandth Moon
27969	Another Chance
27970	Armored Kincaller
27971	Attentive Sunscribe
27972	Bartolomé del Presidio
27973	Basking Capybara
27974	Bat Colony
27975	Bedrock Tortoise
27976	Belligerent Yearling
27977	Bitter Triumph
27978	Bloodletter of Aclazotz
27979	Bloodthorn Flail
27980	Bonehoard Dracosaur
27981	Brackish Blunder
27982	Braided Net // Braided Quipu
27983	Brass's Tunnel-Grinder // Tecutlan, the Searing Rift
27984	Brazen Blademaster
27985	Breeches, Eager Pillager
27986	Bringer of the Last Gift
27987	Broodrage Mycoid
27988	Buried Treasure
27989	Burning Sun Cavalry
27990	Calamitous Cave-In
27991	Canonized in Blood
27992	Caparocti Sunborn
27993	Captain Storm, Cosmium Raider
27994	Captivating Cave
27995	Careening Mine Cart
27996	Cartographer's Companion
27997	Cavern Stomper
27998	Cavernous Maw
27999	Cenote Scout
28000	Child of the Volcano
28001	Chupacabra Echo
28002	Clay-Fired Bricks // Cosmium Kiln
28003	Coati Scavenger
28004	Cogwork Wrestler
28005	Colossadactyl
28006	Compass Gnome
28007	Confounding Riddle
28008	Contested Game Ball
28009	Corpses of the Lost
28010	Cosmium Blast
28011	Cosmium Confluence
28012	Council of Echoes
28013	Curator of Sun's Creation
28014	Daring Discovery
28015	Dauntless Dismantler
28016	Deathcap Marionette
28017	Deconstruction Hammer
28018	Deep Goblin Skulltaker
28019	Deep-Cavern Bat
28020	Deepfathom Echo
28021	Deeproot Pilgrimage
28022	Defossilize
28023	Diamond Pick-Axe
28024	Didact Echo
28025	Digsite Conservator
28026	Dinotomaton
28027	Dire Flail // Dire Blunderbuss
28028	Disruptor Wanderglyph
28029	Disturbed Slumber
28030	Dowsing Device // Geode Grotto
28031	Dreadmaw's Ire
28032	Dusk Rose Reliquary
28033	Earthshaker Dreadmaw
28034	Eaten by Piranhas
28035	Echo of Dusk
28036	Echoing Deeps
28037	Enterprising Scallywag
28038	Envoy of Okinec Ahau
28039	Etali's Favor
28040	Explorer's Cache
28041	Fabrication Foundry
28042	Family Reunion
28043	Fanatical Offering
28044	Forgotten Monument
28045	Frilled Cave-Wurm
28046	Fungal Fortitude
28047	Gargantuan Leech
28048	Geological Appraiser
28049	Get Lost
28050	Ghalta, Stampede Tyrant
28051	Glimpse the Core
28052	Glorifier of Suffering
28053	Glowcap Lantern
28054	Goblin Tomb Raider
28055	Goldfury Strider
28056	Grasping Shadows // Shadows' Lair
28057	Greedy Freebooter
28058	Guardian of the Great Door
28059	Helping Hand
28060	Hermitic Nautilus
28061	Hidden Cataract
28062	Hidden Courtyard
28063	Hidden Necropolis
28064	Hidden Nursery
28065	Hidden Volcano
28066	Hit the Mother Lode
28067	Hotfoot Gnome
28068	Hoverstone Pilgrim
28069	Huatli's Final Strike
28070	Huatli, Poet of Unity // Roar of the Fifth People
28071	Hulking Raptor
28072	Hunter's Blowgun
28073	Hurl into History
28074	Idol of the Deep King // Sovereign's Macuahuitl
28075	In the Presence of Ages
28076	Inti, Seneschal of the Sun
28077	Intrepid Paleontologist
28078	Inverted Iceberg // Iceberg Titan
28079	Ironpaw Aspirant
28080	Itzquinth, Firstborn of Gishath
28081	Ixalli's Lorekeeper
28082	Jade Seedstones // Jadeheart Attendant
28083	Jadelight Spelunker
28084	Join the Dead
28085	Kaslem's Stonetree // Kaslem's Strider
28086	Kellan, Daring Traveler // Journey On
28087	Kinjalli's Dawnrunner
28088	Kitesail Larcenist
28089	Kutzil's Flanker
28090	Kutzil, Malamet Exemplar
28091	Lodestone Needle // Guidestone Compass
28092	Magmatic Galleon
28093	Malamet Battle Glyph
28094	Malamet Brawler
28095	Malamet Scythe
28096	Malamet Veteran
28097	Malamet War Scribe
28098	Malcolm, Alluring Scoundrel
28099	Malicious Eclipse
28100	Marauding Brinefang
28101	Market Gnome
28102	Master's Guide-Mural // Master's Manufactory
28103	Matzalantli, the Great Door // The Core
28104	Mephitic Draught
28105	Merfolk Cave-Diver
28106	Might of the Ancestors
28107	Miner's Guidewing
28108	Mineshaft Spider
28109	Mischievous Pup
28110	Molten Collapse
28111	Nicanzil, Current Conductor
28112	Nurturing Bristleback
28113	Oaken Siren
28114	Ojer Axonil, Deepest Might // Temple of Power
28115	Ojer Kaslem, Deepest Growth // Temple of Cultivation
28116	Ojer Pakpatiq, Deepest Epoch // Temple of Cyclical Time
28117	Ojer Taq, Deepest Foundation // Temple of Civilization
28118	Oltec Archaeologists
28119	Oltec Cloud Guard
28120	Orazca Puzzle-Door
28121	Oteclan Landmark // Oteclan Levitator
28122	Out of Air
28123	Over the Edge
28124	Palani's Hatcher
28125	Panicked Altisaur
28126	Pathfinding Axejaw
28127	Petrify
28128	Pirate Hat
28129	Pit of Offerings
28130	Plundering Pirate
28131	Poetic Ingenuity
28132	Poison Dart Frog
28133	Preacher of the Schism
28134	Primordial Gnawer
28135	Promising Vein
28136	Pugnacious Hammerskull
28137	Queen's Bay Paladin
28138	Quicksand Whirlpool
28139	Quintorius Kand
28140	Rampaging Ceratops
28141	Rampaging Spiketail
28142	Ray of Ruin
28143	Relic's Roar
28144	Restless Anchorage
28145	Restless Prairie
28146	Restless Reef
28147	Restless Ridgeline
28148	Restless Vents
28149	River Herald Guide
28150	River Herald Scout
28151	Roaming Throne
28152	Ruin-Lurker Bat
28153	Runaway Boulder
28154	Sage of Days
28155	Saheeli's Lattice // Mastercraft Raptor
28156	Saheeli, the Sun's Brilliance
28157	Sanguine Evangelist
28158	Scampering Surveyor
28159	Screaming Phantom
28160	Scytheclaw Raptor
28161	Seeker of Sunlight
28162	Seismic Monstrosaur
28163	Self-Reflection
28164	Sentinel of the Nameless City
28165	Shipwreck Sentry
28166	Sinuous Benthisaur
28167	Skullcap Snail
28168	Soaring Sandwing
28169	Song of Stupefaction
28170	Soulcoil Viper
28171	Souls of the Lost
28172	Sovereign Okinec Ahau
28173	Spelunking
28174	Spring-Loaded Sawblades // Bladewheel Chariot
28175	Spyglass Siren
28176	Squirming Emergence
28177	Staggering Size
28178	Stalactite Stalker
28179	Starving Revenant
28180	Staunch Crewmate
28181	Stinging Cave Crawler
28182	Subterranean Schooner
28183	Sunbird Standard // Sunbird Effigy
28184	Sunfire Torch
28185	Sunken Citadel
28186	Sunshot Militia
28187	Swashbuckler's Whip
28188	Synapse Necromage
28189	Tarrian's Journal // The Tomb of Aclazotz
28190	Tarrian's Soulcleaver
28191	Tectonic Hazard
28192	Tendril of the Mycotyrant
28193	Terror Tide
28194	The Ancient One
28195	The Belligerent
28196	The Enigma Jewel // Locus of Enlightenment
28197	The Everflowing Well // The Myriad Pools
28198	The Millennium Calendar
28199	The Mycotyrant
28200	The Skullspore Nexus
28201	Thousand Moons Crackshot
28202	Thousand Moons Infantry
28203	Thousand Moons Smithy // Barracks of the Thousand
28204	Threefold Thunderhulk
28205	Throne of the Grim Captain // The Grim Captain
28206	Tinker's Tote
28207	Tishana's Tidebinder
28208	Tithing Blade // Consuming Sepulcher
28209	Triumphant Chomp
28210	Trumpeting Carnosaur
28211	Twists and Turns // Mycoid Maze
28212	Uchbenbak, the Great Mistake
28213	Unlucky Drop
28214	Unstable Glyphbridge // Sandswirl Wanderglyph
28215	Vanguard of the Rose
28216	Visage of Dread // Dread Osseosaur
28217	Vito's Inquisitor
28218	Vito, Fanatic of Aclazotz
28219	Volatile Fault
28220	Volatile Wanderglyph
28221	Wail of the Forgotten
28222	Walk with the Ancestors
28223	Warden of the Inner Sky
28224	Waterlogged Hulk // Watertight Gondola
28225	Waterwind Scout
28226	Waylaying Pirates
28227	Zoetic Glyph
28228	Zoyowa Lava-Tongue
28229	Zoyowa's Justice
28230	Blue, Loyal Raptor
28231	Command Tower // Command Tower
28232	Compy Swarm
28233	Cresting Mosasaurus
28234	Dino DNA
28235	Don't Move
28236	Ellie and Alan, Paleontologists
28237	Forest // Forest
28238	Grim Giganotosaurus
28239	Henry Wu, InGen Geneticist
28240	Hunting Velociraptor
28241	Ian Malcolm, Chaotician
28242	Indominus Rex, Alpha
28243	Indoraptor, the Perfect Hybrid
28244	Island // Island
28245	Life Finds a Way
28246	Mountain // Mountain
28247	Owen Grady, Raptor Trainer
28248	Permission Denied
28249	Plains // Plains
28250	Ravenous Tyrannosaurus
28251	Savage Order
28252	Spitting Dilophosaurus
28253	Swamp // Swamp
28254	Swooping Pteranodon
28255	Welcome to . . . // Jurassic Park
28256	Lara Croft, Tomb Raider
28257	Seasonal Sequels
28258	Brazen Boarding
28259	Caldera Breaker
28260	Chitinous Crawler
28261	Cogwork Progenitor
28262	Colossal Chorus
28263	Dusk's Landing
28264	Herald's Reveille
28265	High Marshal Arguel
28266	Hymn to the Ages
28267	Kamachal, Ship's Mascot
28268	Landlore Navigator
28269	Legion Reconsecrator
28270	Legion's Chant
28271	Merfolk Tunnel-Guide
28272	Mycelic Ballad
28273	Mycoid Resurrection
28274	Mythweaver Poq
28275	Phantasmal Extraction
28276	Pirate's Landing
28277	Plunderer's Prize
28278	Propagator Primordium
28279	Radiant Smite
28280	Reflection Net
28281	Ribald Shanty
28282	Scalesoul Gnome
28283	Scalespeaker Shepherd
28284	Stalwart Speartail
28285	Tan Jolom, the Worldwalker
28286	Valiant Batrider
28287	Wingbane Vantasaur
28288	Rose Noble
28289	The Celestial Toymaker
28290	The Fifteenth Doctor
28291	The Fourteenth Doctor
28292	The Meep
28293	A-Excavation Explosion
28294	A-Geology Enthusiast
28295	A-Hall of Tagsin
28296	A-Mightstone's Animation
28297	A-Mishra, Excavation Prodigy
28298	A-Saheeli, Filigree Master
28299	A-Splitting the Powerstone
28300	A-Thran Spider
28301	A-Urza's Command
28302	A-Urza, Powerstone Prodigy
28303	A-Visions of Phyrexia
28304	A-Briar Hydra
28305	A-Karn, Living Legacy
28306	A-Llanowar Greenwidow
28307	A-Llanowar Loamspeaker
28308	A-Meria's Outrider
28309	A-Nael, Avizoa Aeronaut
28310	A-Radha's Firebrand
28311	A-Rulik Mons, Warren Chief
28312	A-Scout the Wilderness
28313	A-Soul of Windgrace
28314	A-Sprouting Goblin
28315	A-Sunbathing Rootwalla
28316	A-Tatyova, Steward of Tides
28317	A-Thran Portal
28318	A-Uurg, Spawn of Turg
28319	A-Zar Ojanen, Scion of Efrava
28320	Anointed Procession // Anointed Procession
28321	Jetmir, Nexus of Revels // Jetmir, Nexus of Revels
28322	Jinnie Fay, Jetmir's Second // Jinnie Fay, Jetmir's Second
28323	Rin and Seri, Inseparable // Rin and Seri, Inseparable
28324	Sol Ring // Sol Ring
28325	Adrix and Nev, Twincasters // Adrix and Nev, Twincasters
28326	Krark, the Thumbless // Krark, the Thumbless
28327	Sakashima of a Thousand Faces // Sakashima of a Thousand Faces
28328	Yargle, Glutton of Urborg // Yargle, Glutton of Urborg
28329	Armed with Proof
28330	Boltbender
28331	Case of the Shifting Visage
28332	Charnel Serenade
28333	Copy Catchers
28334	Counterpoint
28335	Detective of the Month
28336	Duskana, the Rage Mother
28337	Experiment Twelve
28338	Eye of Duskmantle
28339	Feather, Radiant Arbiter
28340	Final-Word Phantom
28341	Follow the Bodies
28342	Foreboding Steamboat
28343	Havoc Eater
28344	Hot Pursuit
28345	Immortal Obligation
28346	Innocuous Researcher
28347	Kaust, Eyes of the Glade
28348	Knowledge Is Power
28349	Marvo, Deep Operative
28350	Merchant of Truth
28351	Mirko, Obsessive Theorist
28352	Mob Verdict
28353	Morska, Undersea Sleuth
28354	Nelly Borca, Impulsive Accuser
28355	On the Trail
28356	Otherworldly Escort
28357	Panoptic Projektor
28358	Printlifter Ooze
28359	Prisoner's Dilemma
28360	Ransom Note
28361	Redemption Arc
28362	Serene Sleuth
28363	Showstopping Surprise
28364	Sophia, Dogged Detective
28365	Take the Bait
28366	Tangletrove Kelp
28367	Tesak, Judith's Hellhound
28368	Trouble in Pairs
28369	True Identity
28370	Unexplained Absence
28371	Unshakable Tail
28372	Veiled Ascension
28373	Watcher of Hours
28374	A Killer Among Us
28375	Absolving Lammasu
28376	Aftermath Analyst
28377	Agency Coroner
28378	Agency Outfitter
28379	Agrus Kos, Spirit of Justice
28380	Airtight Alibi
28381	Alley Assailant
28382	Alquist Proft, Master Sleuth
28383	Analyze the Pollen
28384	Anzrag's Rampage
28385	Anzrag, the Quake-Mole
28386	Archdruid's Charm
28387	Assemble the Players
28388	Audience with Trostani
28389	Aurelia's Vindicator
28390	Aurelia, the Law Above
28391	Auspicious Arrival
28392	Axebane Ferox
28393	Barbed Servitor
28394	Basilica Stalker
28395	Behind the Mask
28396	Benthic Criminologists
28397	Bite Down on Crime
28398	Blood Spatter Analysis
28399	Bolrac-Clan Basher
28400	Branch of Vitu-Ghazi
28401	Break Out
28402	Bubble Smuggler
28403	Burden of Proof
28404	Buried in the Garden
28405	Call a Surprise Witness
28406	Candlestick
28407	Case File Auditor
28408	Case of the Burning Masks
28409	Case of the Crimson Pulse
28410	Case of the Filched Falcon
28411	Case of the Gateway Express
28412	Case of the Gorgon's Kiss
28413	Case of the Locked Hothouse
28414	Case of the Pilfered Proof
28415	Case of the Ransacked Lab
28416	Case of the Shattered Pact
28417	Case of the Stashed Skeleton
28418	Case of the Trampled Garden
28419	Case of the Uneaten Feast
28420	Caught Red-Handed
28421	Cease // Desist
28422	Cerebral Confiscation
28423	Chalk Outline
28424	Clandestine Meddler
28425	Coerced to Kill
28426	Cold Case Cracker
28427	Commercial District
28428	Concealed Weapon
28429	Connecting the Dots
28430	Conspiracy Unraveler
28431	Convenient Target
28432	Cornered Crook
28433	Coveted Falcon
28434	Crime Novelist
28435	Crimestopper Sprite
28436	Crowd-Control Warden
28437	Cryptex
28438	Cryptic Coat
28439	Culvert Ambusher
28440	Curious Cadaver
28441	Curious Inquiry
28442	Deadly Complication
28443	Deadly Cover-Up
28444	Deduce
28445	Defenestrated Phantom
28446	Delney, Streetwise Lookout
28447	Demand Answers
28448	Detective's Satchel
28449	Dog Walker
28450	Doorkeeper Thrull
28451	Doppelgang
28452	Drag the Canal
28453	Dramatic Accusation
28454	Due Diligence
28455	Elegant Parlor
28456	Eliminate the Impossible
28457	Escape Tunnel
28458	Essence of Antiquity
28459	Etrata, Deadly Fugitive
28460	Evidence Examiner
28461	Exit Specialist
28462	Expedited Inheritance
28463	Expose the Culprit
28464	Extract a Confession
28465	Ezrim, Agency Chief
28466	Fae Flight
28467	Faerie Snoop
28468	Fanatical Strength
28469	Felonious Rage
28470	Festerleech
28471	Flotsam // Jetsam
28472	Flourishing Bloom-Kin
28473	Forensic Gadgeteer
28474	Forensic Researcher
28475	Forum Familiar
28476	Frantic Scapegoat
28477	Fugitive Codebreaker
28478	Furtive Courier
28479	Fuss // Bother
28480	Gadget Technician
28481	Galvanize
28482	Gearbane Orangutan
28483	Get a Leg Up
28484	Gleaming Geardrake
28485	Glint Weaver
28486	Goblin Maskmaker
28487	Granite Witness
28488	Gravestone Strider
28489	Greenbelt Radical
28490	Griffnaut Tracker
28491	Haazda Vigilante
28492	Hard-Hitting Question
28493	Harried Dronesmith
28494	Hedge Maze
28495	Hedge Whisperer
28496	Hide in Plain Sight
28497	Homicide Investigator
28498	Hotshot Investigators
28499	Hunted Bonebrute
28500	Hustle // Bustle
28501	Ill-Timed Explosion
28502	Illicit Masquerade
28503	Incinerator of the Guilty
28504	Innocent Bystander
28505	Inside Source
28506	Insidious Roots
28507	Intrude on the Mind
28508	It Doesn't Add Up
28509	Izoni, Center of the Web
28510	Jaded Analyst
28511	Judith, Carnage Connoisseur
28512	Karlov Watchdog
28513	Kaya, Spirits' Justice
28514	Kellan, Inquisitive Prodigy // Tail the Suspect
28515	Knife
28516	Kraul Whipcracker
28517	Krenko's Buzzcrusher
28518	Krenko, Baron of Tin Street
28519	Krovod Haunch
28520	Kylox's Voltstrider
28521	Kylox, Visionary Inventor
28522	Lamplight Phoenix
28523	Lazav, Wearer of Faces
28524	Lead Pipe
28525	Leering Onlooker
28526	Leyline of the Guildpact
28527	Living Conundrum
28528	Long Goodbye
28529	Lost in the Maze
28530	Loxodon Eavesdropper
28531	Lumbering Laundry
28532	Lush Portico
28533	Macabre Reconstruction
28534	Magnetic Snuffler
28535	Make Your Move
28536	Makeshift Binding
28537	Marketwatch Phantom
28538	Massacre Girl, Known Killer
28539	Meddling Youths
28540	Melek, Reforged Researcher
28541	Meticulous Archive
28542	Mistway Spy
28543	Museum Nightwatch
28544	Neighborhood Guardian
28545	Nervous Gardener
28546	Nightdrinker Moroii
28547	Niv-Mizzet, Guildpact
28548	No More Lies
28549	No Witnesses
28550	Not on My Watch
28551	Novice Inspector
28552	Offender at Large
28553	Officious Interrogation
28554	On the Job
28555	Out Cold
28556	Outrageous Robbery
28557	Perimeter Enforcer
28558	Person of Interest
28559	Persuasive Interrogators
28560	Polygraph Orb
28561	Pompous Gadabout
28562	Presumed Dead
28563	Private Eye
28564	Proft's Eidetic Memory
28565	Projektor Inspector
28566	Public Thoroughfare
28567	Push // Pull
28568	Pyrotechnic Performer
28569	Rakdos, Patron of Chaos
28570	Rakish Scoundrel
28571	Raucous Theater
28572	Reasonable Doubt
28573	Reckless Detective
28574	Reenact the Crime
28575	Relive the Past
28576	Repeat Offender
28577	Repulsive Mutation
28578	Riftburst Hellion
28579	Rope
28580	Rot Farm Mortipede
28581	Rubblebelt Braggart
28582	Rubblebelt Maverick
28583	Rune-Brand Juggler
28584	Sample Collector
28585	Sanctuary Wall
28586	Sanguine Savior
28587	Sanitation Automaton
28588	Scene of the Crime
28589	Seasoned Consultant
28590	Shadowy Backstreet
28591	Shady Informant
28592	Sharp-Eyed Rookie
28593	Slice from the Shadows
28594	Slime Against Humanity
28595	Slimy Dualleech
28596	Snarling Gorehound
28597	Soul Enervation
28598	Soul Search
28599	Steamcore Scholar
28600	Sudden Setback
28601	Sumala Sentry
28602	Surveillance Monitor
28603	Suspicious Detonation
28604	Tenth District Hero
28605	Teysa, Opulent Oligarch
28606	The Chase Is On
28607	The Pride of Hull Clade
28608	They Went This Way
28609	Thinking Cap
28610	Thundering Falls
28611	Tin Street Gossip
28612	Tolsimir, Midnight's Light
28613	Tomik, Wielder of Law
28614	Topiary Panther
28615	Torch the Witness
28616	Toxin Analysis
28617	Treacherous Greed
28618	Trostani, Three Whispers
28619	Tunnel Tipster
28620	Unauthorized Exit
28621	Undercity Eliminator
28622	Undercity Sewers
28623	Undercover Crocodelf
28624	Underground Mortuary
28625	Undergrowth Recon
28626	Unscrupulous Agent
28627	Unyielding Gatekeeper
28628	Urgent Necropsy
28629	Vannifar, Evolved Enigma
28630	Vein Ripper
28631	Vengeful Creeper
28632	Vengeful Tracker
28633	Vitu-Ghazi Inspector
28634	Voja, Jaws of the Conclave
28635	Warleader's Call
28636	Wispdrinker Vampire
28637	Wojek Investigator
28638	Worldsoul's Rage
28639	Wrench
28640	Yarus, Roar of the Old Gods
28641	Aegis of the Legion
28642	Afterlife Insurance
28643	Amzu, Swarm's Hunger
28644	Apothecary White
28645	Ballroom
28646	Billiard Room
28647	Boros Strike-Captain
28648	Carnage Interpreter
28649	Commander Mustard
28650	Conclave Evangelist
28651	Conservatory
28652	Corporeal Projection
28653	Covetous Elegy
28654	Dimir Strandcatcher
28655	Dining Room
28656	Ecstatic Electromancer
28657	Emissary Green
28658	Frenzied Gorespawn
28659	Furious Spinesplitter
28660	Hall
28661	Headliner Scarlett
28662	Herald of Ilharg
28663	Incriminating Impetus
28664	Kitchen
28665	Lavinia, Foil to Conspiracy
28666	Library
28667	Lonis, Genetics Expert
28668	Lounge
28669	Mastermind Plum
28670	Memory Vampire
28671	Ordruun Mentor
28672	Portal Manipulator
28673	Resonance Technician
28674	Scuttling Sentinel
28675	Secret Passage
28676	Senator Peacock
28677	Sludge Titan
28678	Stampede Surfer
28679	Study
28680	Sumala Rumblers
28681	Suppressor Skyguard
28682	Syndicate Heavy
28683	Tribune of Rot
28684	Undercover Butler
28685	Unruly Krasis
28686	Vernal Sovereign
28687	Artist Alley (Plane)
28688	Black Lotus Lounge
28689	Pin Collector's Booth
28690	Pin Trading
28691	Shy Town
28692	Sky Deck
28693	The Bean
28694	The Windy City
28695	Unknown Event
28696	Aggressive Detective
28697	Ate-o'-Clock
28698	Bloodspatter Vampire
28699	Deep Dish Pizza
28700	Demon Detective
28701	Disguise Agent
28702	Educated Detective
28703	Elemental, My Dear
28704	Growing Detective
28705	Guess Who it Is!
28706	Guild Pact
28707	Guilded Lotus
28708	Halving Season
28709	Identify the Culprit
28710	Illuminating Detective
28711	Impressive Rat
28712	Interrogation Robot
28713	Investi-Gate
28714	Irrefutable Evidence
28715	Karlov's Crossbow
28716	Life at Stake
28717	Primetime Suspect
28718	Simic Slaw
28719	That Which Was Compleated
28720	The Asker of More Mana
28721	The Bear Force Pilot
28722	The Beleaguered Boxer
28723	The Collector
28724	The Crab Queen
28725	The Crafter
28726	The Crimson Avenger
28727	The Curve Keeper
28728	The Disciple of Vess
28729	The Dogronmaster
28730	The Duke of Midrange
28731	The Fish Brewer
28732	The Keeper of Dark Pacts
28733	The Keeper of Favorite Cards
28734	The Knight of Land Drops
28735	The Knight of Weeks
28736	The Rebellious Intelligence
28737	The Rhystic Storyteller
28738	The Roaring Toeclaws
28739	The Scholar of Seas
28740	The Spike Cactus
28741	The Sprinkler of Stardust
28742	The Value Knight
28743	The Water Maro
28744	Trash Panda
28745	Urza's Hot Dog Stand
28746	Windy City Elemental
28747	City Hall
28748	Applejack
28749	Discord, Lord of Disharmony
28750	Fluttershy
28751	Pinkie Pie
28752	Rainbow Dash
28753	A-Geological Appraiser
28754	Cackling Observer
28755	Case of the Lost Witness
28756	Case of the Market Melee
28757	Concert Kaboomist
28758	Construction Arsonist
28759	Emmara, Voice of the Conclave
28760	Emporium Thopterist
28761	Excogitator Sphinx
28762	Furgul, Quag Nurturer
28763	Guildpact Greenwalker
28764	Izzet Polarizer
28765	Juggle the Performance
28766	Lurking Spinecrawler
28767	Mapping the Maze
28768	Ominous Lockbox
28769	Perforator Crocodile
28770	Rampaging Ursaguana
28771	Relics of the Rubblebelt
28772	Roalesk, Prime Specimen
28773	Scour the Scene
28774	Scrutiny of the Guildpact
28775	Shove Aside
28776	Sleuth Instructor
28777	Snarlfang Vermin
28778	Spotlight Falcon
28779	Sproutwatch Dryad
28780	Tajic, Legion's Valor
28781	Thought-String Analyst
28782	Veko, Death's Doorkeeper
28783	Woodland Investigation
28784	Acquired Mutation
28785	Agent Frank Horrigan
28786	Agility Bobblehead
28787	Almost Perfect
28788	Alpha Deathclaw
28789	Animal Friend
28790	Aradesh, the Founder
28791	Arcade Gannon
28792	Armory Paladin
28793	Assaultron Dominator
28794	Atomize
28795	Automated Assembly Line
28796	Battle of Hoover Dam
28797	Behemoth of Vault 0
28798	Bighorner Rancher
28799	Bloatfly Swarm
28800	Boomer Scrapper
28801	Bottle-Cap Blast
28802	Break Down
28803	Brotherhood Outcast
28804	Brotherhood Scribe
28805	Brotherhood Vertibird
28806	Butch DeLoria, Tunnel Snake
28807	C.A.M.P.
28808	Caesar, Legion's Emperor
28809	Cait, Cage Brawler
28810	Cass, Hand of Vengeance
28811	Cathedral Acolyte
28812	Charisma Bobblehead
28813	Codsworth, Handy Helper
28814	Colonel Autumn
28815	Commander Sofia Daguerre
28816	Contaminated Drink
28817	Craig Boone, Novac Guard
28818	Crimson Caravaneer
28819	Curie, Emergent Intelligence
28820	Desdemona, Freedom's Edge
28821	Desolate Mire
28822	Diamond City
28823	Dogmeat, Ever Loyal
28824	Dr. Madison Li
28825	Duchess, Wayward Tavernkeep
28826	ED-E, Lonesome Eyebot
28827	Elder Arthur Maxson
28828	Elder Owyn Lyons
28829	Electrosiphon
28830	Endurance Bobblehead
28831	Expert-Level Safe
28832	Feral Ghoul
28833	Ferrous Lake
28834	Gary Clone
28835	Glowing One
28836	Grim Reaper's Sprint
28837	Gunner Conscript
28838	HELIOS One
28839	Hancock, Ghoulish Mayor
28840	Harold and Bob, First Numens
28841	Ian the Reckless
28842	Idolized
28843	Infesting Radroach
28844	Intelligence Bobblehead
28845	Inventory Management
28846	James, Wandering Dad // Follow Him
28847	Jason Bright, Glowing Prophet
28848	Junk Jet
28849	Junktown
28850	Kellogg, Dangerous Mind
28851	Legate Lanius, Caesar's Ace
28852	Liberty Prime, Recharged
28853	Lily Bowen, Raging Grandma
28854	Luck Bobblehead
28855	Lumbering Megasloth
28856	MacCready, Lamplight Mayor
28857	Marcus, Mutant Mayor
28858	Mariposa Military Base
28859	Megaton's Fate
28860	Mirelurk Queen
28861	Mister Gutsy
28862	Moira Brown, Guide Author
28863	Mr. House, President and CEO
28864	Mutational Advantage
28865	Mysterious Stranger
28866	Nerd Rage
28867	Nick Valentine, Private Eye
28868	Nightkin Ambusher
28869	Nuclear Fallout
28870	Nuka-Cola Vending Machine
28871	Nuka-Nuke Launcher
28872	Overencumbered
28873	Overflowing Basin
28874	Overseer of Vault 76
28875	Paladin Danse, Steel Maverick
28876	Paladin Elizabeth Taggerdy
28877	Perception Bobblehead
28878	Pip-Boy 3000
28879	Piper Wright, Publick Reporter
28880	Plasma Caster
28881	Powder Ganger
28882	Power Fist
28883	Pre-War Formalwear
28884	Preston Garvey, Minuteman
28885	Radstorm
28886	Rampaging Yao Guai
28887	Raul, Trouble Shooter
28888	Recon Craft Theta
28889	Red Death, Shipwrecker
28890	Rex, Cyber-Hound
28891	Robobrain War Mind
28892	Rose, Cutthroat Raider
28893	Ruthless Radrat
28894	Screeching Scorchbeast
28895	Securitron Squadron
28896	Sentinel Sarah Lyons
28897	Sentry Bot
28898	Shaun, Father of Synths
28899	Sierra, Nuka's Biggest Fan
28900	Silver Shroud Costume
28901	Strength Bobblehead
28902	Strong Back
28903	Strong, the Brutish Thespian
28904	Struggle for Project Purity
28905	Sunscorched Divide
28906	Super Mutant Scavenger
28907	Survivor's Med Kit
28908	Synth Eradicator
28909	Synth Infiltrator
28910	T-45 Power Armor
28911	Tato Farmer
28912	The Master, Transcendent
28913	The Motherlode, Excavator
28914	The Nipton Lottery
28915	The Prydwen, Steel Flagship
28916	The Wise Mothman
28917	Three Dog, Galaxy News DJ
28918	Thrill-Kill Disciple
28919	V.A.T.S.
28920	Vault 101: Birthday Party
28921	Vault 112: Sadistic Simulation
28922	Vault 11: Voter's Dilemma
28923	Vault 12: The Necropolis
28924	Vault 13: Dweller's Journey
28925	Vault 21: House Gambit
28926	Vault 75: Middle School
28927	Vault 87: Forced Evolution
28928	Veronica, Dissident Scribe
28929	Vexing Radgull
28930	Viridescent Bog
28931	Wasteland Raider
28932	Watchful Radstag
28933	Well Rested
28934	White Glove Gourmand
28935	Wild Wasteland
28936	Yes Man, Personal Securitron
28937	Young Deathclaws
28938	Oltec Matterweaver
28939	Transmutation Font
28940	Ancient Cornucopia
28941	Bristlebud Farmer
28942	Collector's Cage
28943	Esoteric Duplicator
28944	Fomori Vault
28945	Generous Plunderer
28946	Greed's Gambit
28947	Harvester of Misery
28948	Hostile Investigator
28949	Legion Extruder
28950	Loot, the Key to Everything
28951	Lost Jitte
28952	Lotus Ring
28953	Memory Vessel
28954	Molten Duplication
28955	Nexus of Becoming
28956	Omenpath Journey
28957	Pest Control
28958	Sandstorm Salvager
28959	Simulacrum Synthesizer
28960	Sword of Wealth and Power
28961	Tarnation Vista
28962	Territory Forge
28963	Vaultborn Tyrant
28964	Worldwalker Helm
28965	Angel of Indemnity
28966	Angelic Sell-Sword
28967	Arcane Heist
28968	Back in Town
28969	Bounty Board
28970	Cactus Preserve
28971	Cataclysmic Prospecting
28972	Charred Graverobber
28973	Crackling Spellslinger
28974	Dead Before Sunrise
28975	Discreet Retreat
28976	Dream-Thief's Bandana
28977	Dune Chanter
28978	Elemental Eruption
28979	Embrace the Unknown
28980	Eris, Roar of the Storm
28981	Felix Five-Boots
28982	Forger's Foundry
28983	Gonti, Canny Acquisitor
28984	Graywater's Fixer
28985	Heartless Conscription
28986	Kirri, Talented Sprout
28987	Leyline Dowser
28988	Lock and Load
28989	Olivia, Opulent Outlaw
28990	Orochi Soul-Reaver
28991	Pyretic Charge
28992	Rumbleweed
28993	Sand Scout
28994	Savvy Trader
28995	Smirking Spelljacker
28996	Smoldering Stagecoach
28997	Stella Lee, Wild Card
28998	Thieving Varmint
28999	Thunderclap Drake
29000	Tower Winder
29001	Vengeful Regrowth
29002	Vihaan, Goldwaker
29003	We Ride at Dawn
29004	Yuma, Proud Protector
29005	Abraded Bluffs
29006	Akul the Unrepentant
29007	Aloe Alchemist
29008	Ambush Gigapede
29009	Ankle Biter
29010	Annie Flash, the Veteran
29011	Annie Joins Up
29012	Another Round
29013	Archmage's Newt
29014	Arid Archway
29015	Armored Armadillo
29016	Assimilation Aegis
29017	At Knifepoint
29018	Aven Interrupter
29019	Badlands Revival
29020	Bandit's Haul
29021	Baron Bertram Graywater
29022	Beastbond Outcaster
29023	Betrayal at the Vault
29024	Binding Negotiation
29025	Blacksnag Buzzard
29026	Blood Hustler
29027	Boneyard Desecrator
29028	Bonny Pall, Clearcutter
29029	Boom Box
29030	Bounding Felidar
29031	Bovine Intervention
29032	Breeches, the Blastmaker
29033	Bridled Bighorn
29034	Brimstone Roundup
29035	Bristlepack Sentry
29036	Bristling Backwoods
29037	Bristly Bill, Spine Sower
29038	Bruse Tarl, Roving Rancher
29039	Bucolic Ranch
29040	Cactarantula
29041	Cactusfolk Sureshot
29042	Calamity, Galloping Inferno
29043	Canyon Crab
29044	Caught in the Crossfire
29045	Caustic Bronco
29046	Claim Jumper
29047	Colossal Rattlewurm
29048	Conduit Pylons
29049	Congregation Gryff
29050	Consuming Ashes
29051	Creosote Heath
29052	Cunning Coyote
29053	Dance of the Tumbleweeds
29054	Daring Thunder-Thief
29055	Deadeye Duelist
29056	Deepmuck Desperado
29057	Demonic Ruckus
29058	Desert's Due
29059	Desperate Bloodseeker
29060	Discerning Peddler
29061	Djinn of Fool's Fall
29062	Doc Aurlock, Grizzled Genius
29063	Double Down
29064	Drover Grizzly
29065	Duelist of the Mind
29066	Dust Animus
29067	Emergent Haunting
29068	Eriette's Lullaby
29069	Eriette, the Beguiler
29070	Eroded Canyon
29071	Ertha Jo, Frontier Mentor
29072	Explosive Derailment
29073	Failed Fording
29074	Fblthp, Lost on the Range
29075	Ferocification
29076	Festering Gulch
29077	Final Showdown
29078	Fleeting Reflection
29079	Forlorn Flats
29080	Form a Posse
29081	Forsaken Miner
29082	Fortune, Loyal Steed
29083	Freestrider Commando
29084	Freestrider Lookout
29085	Frontier Seeker
29086	Full Steam Ahead
29087	Geralf, the Fleshwright
29088	Getaway Glamer
29089	Geyser Drake
29090	Ghired, Mirror of the Wilds
29091	Giant Beaver
29092	Gila Courser
29093	Gisa, the Hellraiser
29094	Gold Pan
29095	Gold Rush
29096	Goldvein Hydra
29097	Great Train Heist
29098	Hardbristle Bandit
29099	Harrier Strix
29100	Hell to Pay
29101	Hellspur Brute
29102	Hellspur Posse Boss
29103	High Noon
29104	Highway Robbery
29105	Hollow Marauder
29106	Holy Cow
29107	Honest Rutstein
29108	Insatiable Avarice
29109	Intimidation Campaign
29110	Intrepid Stablemaster
29111	Inventive Wingsmith
29112	Irascible Wolverine
29113	Iron-Fist Pulverizer
29114	Jace Reawakened
29115	Jagged Barrens
29116	Jailbreak Scheme
29117	Jem Lightfoote, Sky Explorer
29118	Jolene, Plundering Pugilist
29119	Kaervek, the Punisher
29120	Kambal, Profiteering Mayor
29121	Kellan Joins Up
29122	Kellan, the Kid
29123	Kraum, Violent Cacophony
29124	Lassoed by the Law
29125	Laughing Jasper Flint
29126	Lavaspur Boots
29127	Lazav, Familiar Stranger
29128	Lilah, Undefeated Slickshot
29129	Lively Dirge
29130	Loan Shark
29131	Lonely Arroyo
29132	Longhorn Sharpshooter
29133	Lush Oasis
29134	Luxurious Locomotive
29135	Magda, the Hoardmaster
29136	Magebane Lizard
29137	Make Your Own Luck
29138	Malcolm, the Eyes
29139	Map the Frontier
29140	Marauding Sphinx
29141	Marchesa, Dealer of Death
29142	Metamorphic Blast
29143	Mine Raider
29144	Mirage Mesa
29145	Miriam, Herd Whisperer
29146	Mobile Homestead
29147	Mourner's Surprise
29148	Mystical Tether
29149	Neutralize the Guards
29150	Nezumi Linkbreaker
29151	Nimble Brigand
29152	Nurturing Pixie
29153	Oasis Gardener
29154	Obeka, Splitter of Seconds
29155	Oko, the Ringleader
29156	Omenport Vigilante
29157	One Last Job
29158	Ornery Tumblewagg
29159	Outcaster Greenblade
29160	Outcaster Trailblazer
29161	Outlaw Medic
29162	Outlaw Stitcher
29163	Outlaws' Fury
29164	Overzealous Muscle
29165	Patient Naturalist
29166	Peerless Ropemaster
29167	Phantom Interference
29168	Pillage the Bog
29169	Pitiless Carnage
29170	Plan the Heist
29171	Prairie Dog
29172	Prickly Pair
29173	Prosperity Tycoon
29174	Quick Draw
29175	Quilled Charger
29176	Railway Brawler
29177	Rakdos Joins Up
29178	Rakdos, the Muscle
29179	Rakish Crew
29180	Rambling Possum
29181	Rattleback Apothecary
29182	Raucous Entertainer
29183	Raven of Fell Omens
29184	Razzle-Dazzler
29185	Reach for the Sky
29186	Reckless Lackey
29187	Redrock Sentinel
29188	Requisition Raid
29189	Resilient Roadrunner
29190	Return the Favor
29191	Rictus Robber
29192	Riku of Many Paths
29193	Rise of the Varmints
29194	Rodeo Pyromancers
29195	Rooftop Assassin
29196	Roxanne, Starfall Savant
29197	Rush of Dread
29198	Rustler Rampage
29199	Ruthless Lawbringer
29200	Sandstorm Verge
29201	Satoru, the Infiltrator
29202	Scalestorm Summoner
29203	Scorching Shot
29204	Seize the Secrets
29205	Selvala, Eager Trailblazer
29206	Seraphic Steed
29207	Servant of the Stinger
29208	Shackle Slinger
29209	Shepherd of the Clouds
29210	Sheriff of Safe Passage
29211	Shifting Grift
29212	Shoot the Sheriff
29213	Silver Deputy
29214	Slick Sequence
29215	Slickshot Lockpicker
29216	Slickshot Show-Off
29217	Slickshot Vault-Buster
29218	Smuggler's Surprise
29219	Soured Springs
29220	Spinewoods Armadillo
29221	Spinewoods Paladin
29222	Spring Splasher
29223	Stagecoach Security
29224	Steer Clear
29225	Step Between Worlds
29226	Sterling Hound
29227	Sterling Keykeeper
29228	Sterling Supplier
29229	Stingerback Terror
29230	Stoic Sphinx
29231	Stop Cold
29232	Stubborn Burrowfiend
29233	Taii Wakeen, Perfect Shot
29234	Take for a Ride
29235	Take the Fall
29236	The Gitrog, Ravenous Ride
29237	The Key to the Vault
29238	This Town Ain't Big Enough
29239	Three Steps Ahead
29240	Throw from the Saddle
29241	Thunder Lasso
29242	Thunder Salvo
29243	Tinybones Joins Up
29244	Tinybones, the Pickpocket
29245	Tomb Trawler
29246	Trained Arynx
29247	Trash the Town
29248	Treasure Dredger
29249	Trick Shot
29250	Tumbleweed Rising
29251	Unfortunate Accident
29252	Unscrupulous Contractor
29253	Vadmir, New Blood
29254	Vault Plunderer
29255	Vengeful Townsfolk
29256	Vial Smasher, Gleeful Grenadier
29257	Visage Bandit
29258	Voracious Varmint
29259	Vraska Joins Up
29260	Vraska, the Silencer
29261	Wanted Griffin
29262	Wrangler of the Damned
29263	Wylie Duke, Atiin Hero
29264	Albiorix, Goose Tyrant // Wild Goose Chase
29265	Blooming Cactusfolk
29266	Cathartic Operation
29267	Emerald Collector
29268	Emperor Apatzec Intli IV
29269	Grave Expectations
29270	Grenzo, Crooked Jailer
29271	Impetuous Lootmonger
29272	Intruder's Inquisition
29273	Jessie Zane, Fangbringer
29274	Jet Collector
29275	Nashi, Illusion Gadgeteer
29276	Pearl Collector
29277	Prairie Survivalist
29278	Rankle, Pitiless Trickster
29279	Resolute Rejection
29280	Ruby Collector
29281	Runecarved Obelisk
29282	Saint Elenda
29283	Sapphire Collector
29284	Silent Extraction
29285	Solitary Defiance
29286	Stalwart Realmwarden
29287	Switchgrass Grazer
29288	Teysa of the Ghost Council
29289	Thieving Aven
29290	Triumphant Getaway
29291	Vona de Iedo, the Antifex
29292	Wagon Wrecker
29293	Weave the Nightmare
29294	Deb Thomas
29295	Norin the Wary // Norin the Wary
29296	Aether Refinery
29297	Aggressive Biomancy
29298	Angelic Aberration
29299	Aurora Shifter
29300	Azlask, the Swelling Scourge
29301	Barrowgoyf
29302	Benthic Anomaly
29303	Bismuth Mindrender
29304	Blaster Hulk
29305	Bloodbraid Challenger
29306	Broodmate Tyrant
29307	Cayth, Famed Mechanist
29308	Chittering Dispatcher
29309	Conversion Apparatus
29310	Copy Land
29311	Coram, the Undertaker
29312	Desert Warfare
29313	Disa the Restless
29314	Eldrazi Confluence
29315	Eldritch Immunity
29316	Exterminator Magmarch
29317	Filigree Racer
29318	Final Act
29319	Gluttonous Hellkite
29320	Hideous Taskmaster
29321	Horizon of Progress
29322	Hourglass of the Lost
29323	Infested Thrinax
29324	Inversion Behemoth
29325	Jyoti, Moag Ancient
29326	Lazotep Quarry
29327	Localized Destruction
29328	March from Velis Vel
29329	Mutated Cultist
29330	Omo, Queen of Vesuva
29331	Overclocked Electromancer
29332	Planar Nexus
29333	Polygoyf
29334	Pyrogoyf
29335	Rampant Frogantua
29336	Razorfield Ripper
29337	Sage of the Maze
29338	Salvation Colossus
29339	Satya, Aetherflux Genius
29340	Sawhorn Nemesis
29341	Selective Obliteration
29342	Siege-Gang Lieutenant
29343	Silverquill Lecturer
29344	Spawnbed Protector
29345	Sphinx of the Revelation
29346	Stone Idol Generator
29347	Sunken Palace
29348	Talon Gates of Madara
29349	Tarmogoyf Nest
29350	Tempt with Mayhem
29351	Trenchpost
29352	Twins of Discord
29353	Ulalek, Fused Atrocity
29354	Ulamog's Dreadsire
29355	Wonderscape Sage
29356	Abstruse Appropriation
29357	Accursed Marauder
29358	Aerie Auxiliary
29359	Aether Revolt
29360	Aether Spike
29361	Ajani Fells the Godsire
29362	Ajani, Nacatl Pariah // Ajani, Nacatl Avenger
29363	Amped Raptor
29364	Amphibian Downpour
29365	Arcbound Condor
29366	Archway of Innovation
29367	Arena of Glory
29368	Argent Dais
29369	Arna Kennerüd, Skycaptain
29370	Ashling, Flame Dancer
29371	Basking Broodscale
29372	Bespoke Battlewagon
29373	Birthing Ritual
29374	Bloodsoaked Insight // Sanguine Morass
29375	Boggart Trawler // Boggart Bog
29376	Bountiful Landscape
29377	Brainsurge
29378	Breaker of Creation
29379	Breathe Your Last
29380	Bridgeworks Battle // Tanglespan Bridgeworks
29381	Charitable Levy
29382	Chthonian Nightmare
29383	Collective Resistance
29384	Colossal Dreadmask
29385	Conduit Goblin
29386	Consign to Memory
29387	Consuming Corruption
29388	Contaminated Landscape
29389	Copycrook
29390	Corrupted Shapeshifter
29391	Crabomination
29392	Cranial Ram
29393	Cursed Wombat
29394	Cyclops Superconductor
29395	Deceptive Landscape
29396	Deem Inferior
29397	Depth Defiler
29398	Detective's Phoenix
29399	Devourer of Destiny
29400	Disciple of Freyalise // Garden of Freyalise
29401	Disruptor Flute
29402	Dog Umbra
29403	Dreadmobile
29404	Dreamdrinker Vampire
29405	Dreamtide Whale
29406	Drossclaw
29407	Drowner of Truth // Drowned Jungle
29408	Drownyard Lurker
29409	Echoes of Eternity
29410	Eladamri, Korvecdal
29411	Eldrazi Linebreaker
29412	Eldrazi Ravager
29413	Eldrazi Repurposer
29414	Electrozoa
29415	Emissary of Soulfire
29416	Emperor of Bones
29417	Emrakul's Messenger
29418	Emrakul, the World Anew
29419	Envoy of the Ancestors
29420	Essence Reliquary
29421	Etched Slith
29422	Etherium Pteramander
29423	Eviscerator's Insight
29424	Evolution Witness
29425	Expanding Ooze
29426	Expel the Unworthy
29427	Faithful Watchdog
29428	Fanatic of Rhonas
29429	Fanged Flames
29430	Fangs of Kalonia
29431	Fell the Profane // Fell Mire
29432	Fetid Gargantua
29433	Flare of Cultivation
29434	Flare of Denial
29435	Flare of Duplication
29436	Flare of Fortitude
29437	Flare of Malice
29438	Foreboding Landscape
29439	Fowl Strike
29440	Frogmyr Enforcer
29441	Furnace Hellkite
29442	Galvanic Discharge
29443	Genku, Future Shaper
29444	Ghostfire Slice
29445	Gift of the Viper
29446	Glaring Fleshraker
29447	Glasswing Grace // Age-Graced Chapel
29448	Glimpse the Impossible
29449	Glyph Elemental
29450	Golden-Tail Trainer
29451	Gravedig
29452	Grim Servant
29453	Grist, Voracious Larva // Grist, the Plague Swarm
29454	Guardian of the Forgotten
29455	Guide of Souls
29456	Harbinger of the Seas
29457	Herigast, Erupting Nullkite
29458	Hexgold Slith
29459	Hope-Ender Coatl
29460	Horrid Shadowspinner
29461	Horrific Assault
29462	Hydra Trainer
29463	Hydroelectric Specimen // Hydroelectric Laboratory
29464	Idol of False Gods
29465	Imskir Iron-Eater
29466	Indebted Spirit
29467	Infernal Captor
29468	Inspired Inventor
29469	Inventor's Axe
29470	Invert Polarity
29471	It That Heralds the End
29472	Izzet Generatorium
29473	Jolted Awake
29474	Kami of Jealous Thirst
29475	Kozilek's Command
29476	Kozilek's Unsealing
29477	Kozilek, the Broken Reality
29478	Kudo, King Among Bears
29479	Legion Leadership // Legion Stronghold
29480	Lethal Throwdown
29481	Lion Umbra
29482	Malevolent Rumble
29483	Mandibular Kite
29484	Marionette Apprentice
29485	Metastatic Evangel
29486	Mindless Conscription
29487	Mogg Mob
29488	Molten Gatekeeper
29489	Monstrous Vortex
29490	Monumental Henge
29491	Muster the Departed
29492	Nadu, Winged Wisdom
29493	Necrodominance
29494	Nethergoyf
29495	Nightshade Dryad
29496	Null Elemental Blast
29497	Nulldrifter
29498	Nyxborn Hydra
29499	Nyxborn Unicorn
29500	Obstinate Gargoyle
29501	Ocelot Pride
29502	Ondu Knotmaster // Throw a Line
29503	Party Thrasher
29504	Path of Annihilation
29505	Pearl-Ear, Imperial Advisor
29506	Perilous Landscape
29507	Petrifying Meddler
29508	Phelia, Exuberant Shepherd
29509	Phlage, Titan of Fire's Fury
29510	Phyrexian Ironworks
29511	Pinnacle Monk // Mystic Peak
29512	Planar Genesis
29513	Powerbalance
29514	Primal Prayers
29515	Propagator Drone
29516	Proud Pack-Rhino
29517	Psychic Frog
29518	Pyretic Rebirth
29519	Quest for the Necropolis
29520	Ral and the Implicit Maze
29521	Ral, Monsoon Mage // Ral, Leyline Prodigy
29522	Razorgrass Ambush // Razorgrass Field
29523	Reckless Pyrosurfer
29524	Refurbished Familiar
29525	Reiterating Bolt
29526	Retrofitted Transmogrant
29527	Revitalizing Repast // Old-Growth Grove
29528	Riddle Gate Gargoyle
29529	Ripples of Undeath
29530	Roil Cartographer
29531	Rosecot Knight
29532	Rosheen, Roaring Prophet
29533	Rush of Inspiration // Crackling Falls
29534	Sage of the Unknowable
29535	Sarpadian Simulacrum
29536	Scurrilous Sentry
29537	Scurry of Gremlins
29538	Seething Landscape
29539	Serum Visionary
29540	Shadow of the Second Sun
29541	Shattered Landscape
29542	Sheltering Landscape
29543	Shifting Woodland
29544	Shilgengar, Sire of Famine
29545	Siege Smash
29546	Signature Slam
29547	Sink into Stupor // Soporific Springs
29548	Six
29549	Skittering Precursor
29550	Skoa, Embermage
29551	Smelted Chargebug
29552	Snapping Voidcraw
29553	Sneaky Snacker
29554	Snow-Covered Wastes
29555	Solar Transformer
29556	Solstice Zealot
29557	Sorin of House Markov // Sorin, Ravenous Neonate
29558	Sowing Mycospawn
29559	Spawn-Gang Commander
29560	Springheart Nantuko
29561	Spymaster's Vault
29562	Static Prison
29563	Strength of the Harvest // Haven of the Harvest
29564	Strix Serenade
29565	Stump Stomp // Burnwillow Clearing
29566	Sundering Eruption // Volcanic Fissure
29567	Suppression Ray // Orderly Plaza
29568	Tamiyo Meets the Story Circle
29569	Tamiyo, Inquisitive Student // Tamiyo, Seasoned Scholar
29570	Temperamental Oozewagg
29571	Tempest Harvester
29572	Territory Culler
29573	The Creation of Avacyn
29574	The Hunger Tide Rises
29575	The Necrobloom
29576	Thief of Existence
29577	Thraben Charm
29578	Thriving Skyclaw
29579	Titans' Vanguard
29580	Tranquil Landscape
29581	Trickster's Elk
29582	Triton Wavebreaker
29583	Tune the Narrative
29584	Twisted Landscape
29585	Twisted Riddlekeeper
29586	Ugin's Binding
29587	Ugin's Labyrinth
29588	Ulamog, the Defiler
29589	Unfathomable Truths
29590	Unstable Amulet
29591	Urza's Cave
29592	Utter Insignificance
29593	Vexing Bauble
29594	Voidpouncer
29595	Volatile Stormdrake
29596	Voltstorm Angel
29597	Warped Tusker
29598	Warren Soultrader
29599	Wastescape Battlemage
29600	Waterlogged Teachings // Inundated Archive
29601	Wheel of Potential
29602	White Orchid Phantom
29603	Wight of the Reliquary
29604	Wing It
29605	Winter Moon
29606	Witch Enchanter // Witch-Blessed Meadow
29607	Wither and Bloom
29608	Wrath of the Skies
29609	Writhing Chrysalis
29610	Wumpus Aberration
29611	Wurmcoil Larva
29612	Bicycle Rack
29613	Clamilton Estate
29614	Event Horizon
29615	High Noon At Thunder Junction
29616	Mad Labs
29617	Multiversal High Council
29618	Oteclán
29619	Probability Flux
29620	Royal Booster
29621	Shrinking Plane
29622	Stroopwafel Cafe
29623	Tarnation
29624	The Food Court
29625	Windmill Farm
29626	Bag of Stroopwafels
29627	Black Tulip
29628	Famous Museum
29629	Leisure Bicycle
29630	The Ash Lizard
29631	The Clever Magician
29632	The Disciple of Nissa
29633	The Egotistical Velociraptor
29634	The Great Juggernaut
29635	The Horizon Seeker
29636	The Inspector Inspector
29637	The Joiner of Cats
29638	The Juzam Master
29639	The Kami Knight
29640	The Karst, Enchanted
29641	The Keeper of Kaldra
29642	The Keeper of the Yellow Hat
29643	The Knight of Commentary
29644	The Magic Bandit
29645	The Magical City, New
29646	The Marvelous Scientist
29647	The Massive Zatcatl
29648	The Master of Cuisine
29649	The Miniaturizer
29650	The Pleasant Taxer
29651	The Trivia Mastermind
29652	The Wise Sable
29653	The Zassacre Zirl
29654	Windmill Slam
29655	Abstergo Entertainment
29656	Achilles Davenport
29657	Adrestia
29658	Adéwalé, Breaker of Chains
29659	Alexios, Deimos of Kosmos
29660	Altaïr Ibn-La'Ahad
29661	Apple of Eden, Isu Relic
29662	Arbaaz Mir
29663	Arno Dorian
29664	Assassin Den
29665	Assassin Gauntlet
29666	Assassin Initiate
29667	Auditore Ambush
29668	Aveline de Grandpré
29669	Aya of Alexandria
29670	Ballad of the Black Flag
29671	Basim Ibn Ishaq
29672	Battlefield Improvisation
29673	Bayek of Siwa
29674	Become Anonymous
29675	Bleeding Effect
29676	Brotherhood Ambushers
29677	Brotherhood Headquarters
29678	Brotherhood Patriarch
29679	Brotherhood Regalia
29680	Brotherhood Spy
29681	Bureau Headmaster
29682	Caduceus, Staff of Hermes
29683	Chain Assassination
29684	Cleopatra, Exiled Pharaoh
29685	Crystal Skull, Isu Spyglass
29686	Desmond Miles
29687	Desynchronization
29688	Detained by Legionnaires
29689	Distract the Guards
29690	Eagle Vision
29691	Edward Kenway
29692	Eivor, Battle-Ready
29693	Eivor, Wolf-Kissed
29694	Escape Detection
29695	Escarpment Fortress
29696	Evie Frye
29697	Excalibur, Sword of Eden
29698	Ezio Auditore da Firenze
29699	Ezio, Blade of Vengeance
29700	Ezio, Brash Novice
29701	Fall of the First Civilization
29702	Havi, the All-Father
29703	Haystack
29704	Haytham Kenway
29705	Headsplitter
29706	Hemlock Vial
29707	Hidden Blade
29708	Hidden Footblade
29709	Hookblade
29710	Hookblade Veteran
29711	Hunter's Bow
29712	Jackdaw
29713	Jacob Frye
29714	Kassandra, Eagle Bearer
29715	Keen-Eyed Raven
29716	Labyrinth Adversary
29717	Layla Hassan
29718	Leonardo da Vinci
29719	Loyal Inventor
29720	Lydia Frye
29721	Mary Read and Anne Bonny
29722	Merciless Harlequin
29723	Misthios's Fury
29724	Mjölnir, Storm Hammer
29725	Monastery Raid
29726	Origin of the Hidden Ones
29727	Overpowering Attack
29728	Palazzo Archers
29729	Petty Larceny
29730	Phantom Blade
29731	Poison-Blade Mentor
29732	Ratonhnhaké꞉ton
29733	Raven Clan War-Axe
29734	Restart Sequence
29735	Rooftop Bypass
29736	Roshan, Hidden Magister
29737	Senu, Keen-Eyed Protector
29738	Settlement Blacksmith
29739	Shao Jun
29740	Shaun & Rebecca, Agents
29741	Shay Cormac
29742	Sigurd, Jarl of Ravensthorpe
29743	Smoke Bomb
29744	Sokrates, Athenian Teacher
29745	Spartan Veteran
29746	Staff of Eden, Vault's Key
29747	Surtr, Fiery Jötun
29748	Tax Collector
29749	Templar Knight
29750	The Aesir Escape Valhalla
29751	The Animus
29752	The Capitoline Triad
29753	The Revelations of Ezio
29754	The Spear of Leonidas
29755	Towering Viewpoint
29756	Tranquilize
29757	Viewpoint Synchronization
29758	What Must Be Done
29759	Yggdrasil, Rebirth Engine
29760	Birds of Paradise // Birds of Paradise
29761	Agate Assault
29762	Agate-Blade Assassin
29763	Alania's Pathmaker
29764	Alania, Divergent Storm
29765	Artist's Talent
29766	Azure Beastbinder
29767	Bakersbane Duo
29768	Bandit's Talent
29769	Bark-Knuckle Boxer
29770	Barkform Harvester
29771	Baylen, the Haymaker
29772	Bellowing Crier
29773	Beza, the Bounding Spring
29774	Blacksmith's Talent
29775	Blooming Blast
29776	Bonebind Orator
29777	Bonecache Overseer
29778	Brambleguard Captain
29779	Brambleguard Veteran
29780	Brave-Kin Duo
29781	Brazen Collector
29782	Bria, Riptide Rogue
29783	Brightblade Stoat
29784	Builder's Talent
29785	Bumbleflower's Sharepot
29786	Burrowguard Mentor
29787	Bushy Bodyguard
29788	Byrke, Long Ear of the Law
29789	Byway Barterer
29790	Cache Grab
29791	Calamitous Tide
29792	Camellia, the Seedmiser
29793	Caretaker's Talent
29794	Carrot Cake
29795	Cindering Cutthroat
29796	Clement, the Worrywort
29797	Clifftop Lookout
29798	Coiling Rebirth
29799	Conduct Electricity
29800	Consumed by Greed
29801	Corpseberry Cultivator
29802	Coruscation Mage
29803	Cruelclaw's Heist
29804	Crumb and Get It
29805	Curious Forager
29806	Daggerfang Duo
29807	Daring Waverider
29808	Darkstar Augur
29809	Dawn's Truce
29810	Dazzling Denial
29811	Dewdrop Cure
29812	Dire Downdraft
29813	Diresight
29814	Dour Port-Mage
29815	Downwind Ambusher
29816	Dragonhawk, Fate's Tempest
29817	Dreamdew Entrancer
29818	Driftgloom Coyote
29819	Druid of the Spade
29820	Early Winter
29821	Eddymurk Crab
29822	Eluge, the Shoreless Sea
29823	Emberheart Challenger
29824	Essence Channeler
29825	Feather of Flight
29826	Fecund Greenshell
29827	Feed the Cycle
29828	Fell
29829	Festival of Embers
29830	Finch Formation
29831	Finneas, Ace Archer
29832	Fireglass Mentor
29833	Flamecache Gecko
29834	Flowerfoot Swordmaster
29835	For the Common Good
29836	Fountainport
29837	Fountainport Bell
29838	Frilled Sparkshooter
29839	Galewind Moose
29840	Gev, Scaled Scorch
29841	Glarb, Calamity's Augur
29842	Glidedive Duo
29843	Gossip's Talent
29844	Harnesser of Storms
29845	Harvestrite Host
29846	Hazardroot Herbalist
29847	Hazel's Nocturne
29848	Head of the Homestead
29849	Heaped Harvest
29850	Heartfire Hero
29851	Hearthborn Battler
29852	Heirloom Epic
29853	Helga, Skittish Seer
29854	Hidden Grotto
29855	High Stride
29856	Hired Claw
29857	Hivespine Wolverine
29858	Hoarder's Overflow
29859	Honored Dreyleader
29860	Hop to It
29861	Hugs, Grisly Guardian
29862	Hunter's Talent
29863	Huskburster Swarm
29864	Innkeeper's Talent
29865	Into the Flood Maw
29866	Intrepid Rabbit
29867	Iridescent Vinelasher
29868	Jackdaw Savior
29869	Jolly Gerbils
29870	Junkblade Bruiser
29871	Kastral, the Windcrested
29872	Keen-Eyed Curator
29873	Kindlespark Duo
29874	Kitnap
29875	Kitsa, Otterball Elite
29876	Knightfisher
29877	Lifecreed Duo
29878	Lightshell Duo
29879	Lilypad Village
29880	Lilysplash Mentor
29881	Long River Lurker
29882	Long River's Pull
29883	Longstalk Brawl
29884	Lumra, Bellow of the Woods
29885	Lunar Convocation
29886	Lupinflower Village
29887	Mabel's Mettle
29888	Mabel, Heir to Cragflame
29889	Maha, Its Feathers Night
29890	Manifold Mouse
29891	Might of the Meek
29892	Mind Drill Assailant
29893	Mind Spiral
29894	Mindwhisker
29895	Mistbreath Elder
29896	Mockingbird
29897	Moonrise Cleric
29898	Moonstone Harbinger
29899	Mouse Trapper
29900	Mudflat Village
29901	Muerra, Trash Tactician
29902	Nettle Guard
29903	Nightwhorl Hermit
29904	Nocturnal Hunger
29905	Oakhollow Village
29906	Osteomancer Adept
29907	Otterball Antics
29908	Overprotect
29909	Parting Gust
29910	Patchwork Banner
29911	Pawpatch Formation
29912	Pawpatch Recruit
29913	Pearl of Wisdom
29914	Peerless Recycling
29915	Persistent Marshstalker
29916	Pileated Provisioner
29917	Playful Shove
29918	Plumecreed Escort
29919	Plumecreed Mentor
29920	Polliwallop
29921	Pond Prophet
29922	Portent of Calamity
29923	Psychic Whorl
29924	Quaketusk Boar
29925	Rabbit Response
29926	Rabid Gnaw
29927	Raccoon Rallier
29928	Ral, Crackling Wit
29929	Ravine Raider
29930	Repel Calamity
29931	Reptilian Recruiter
29932	Rockface Village
29933	Rottenmouth Viper
29934	Roughshod Duo
29935	Rust-Shield Rampager
29936	Ruthless Negotiation
29937	Salvation Swan
29938	Savor
29939	Sazacap's Brew
29940	Scales of Shale
29941	Scavenger's Talent
29942	Scrapshooter
29943	Season of Gathering
29944	Season of Loss
29945	Season of Weaving
29946	Season of the Bold
29947	Season of the Burrow
29948	Seasoned Warrenguard
29949	Seedglaive Mentor
29950	Seedpod Squire
29951	Shoreline Looter
29952	Short Bow
29953	Shrike Force
29954	Sinister Monolith
29955	Skyskipper Duo
29956	Sonar Strike
29957	Spellgyre
29958	Splash Lasher
29959	Splash Portal
29960	Star Charter
29961	Starfall Invocation
29962	Starforged Sword
29963	Stargaze
29964	Starlit Soothsayer
29965	Starscape Cleric
29966	Starseer Mentor
29967	Steampath Charger
29968	Stickytongue Sentinel
29969	Stocking the Pantry
29970	Stormcatch Mentor
29971	Stormchaser's Talent
29972	Stormsplitter
29973	Sugar Coat
29974	Sunshower Druid
29975	Sunspine Lynx
29976	Take Out the Trash
29977	Tangle Tumbler
29978	Teapot Slinger
29979	Tempest Angler
29980	Tender Wildguide
29981	The Infamous Cruelclaw
29982	Thistledown Players
29983	Thornplate Intimidator
29984	Thornvault Forager
29985	Thought Shucker
29986	Thought-Stalker Warlock
29987	Three Tree City
29988	Three Tree Mascot
29989	Three Tree Rootweaver
29990	Three Tree Scribe
29991	Thundertrap Trainer
29992	Tidecaller Mentor
29993	Treeguard Duo
29994	Treetop Sentries
29995	Valley Flamecaller
29996	Valley Floodcaller
29997	Valley Mightcaller
29998	Valley Questcaller
29999	Valley Rally
30000	Valley Rotcaller
30001	Veteran Guardmouse
30002	Vinereap Mentor
30003	Vren, the Relentless
30004	Wandertale Mentor
30005	War Squeak
30006	Warren Elder
30007	Warren Warleader
30008	Waterspout Warden
30009	Wax-Wane Witness
30010	Wear Down
30011	Whiskerquill Scribe
30012	Whiskervale Forerunner
30013	Wick's Patrol
30014	Wick, the Whorled Mind
30015	Wildfire Howl
30016	Wishing Well
30017	Ygra, Eater of All
30018	Zoraline, Cosmos Caller
30019	Agate Instigator
30020	Alchemist's Talent
30021	Arthur, Marigold Knight
30022	Bello, Bard of the Brambles
30023	Bloodroot Apothecary
30024	Brightcap Badger // Fungus Frolic
30025	Calamity of Cinders
30026	Communal Brewing
30027	Echoing Assault
30028	Evercoat Ursine
30029	Fisher's Talent
30030	Flubs, the Fool
30031	Fortune Teller's Talent
30032	Gourmand's Talent
30033	Hazel of the Rootbloom
30034	Hazel's Brewmaster
30035	Insatiable Frugivore
30036	Jacked Rabbit
30037	Moonstone Eulogist
30038	Mr. Foxglove
30039	Ms. Bumbleflower
30040	Murmuration
30041	Octomancer
30042	Perch Protection
30043	Pollywog Prodigy
30044	Prosperous Bandit
30045	Pyreswipe Hawk
30046	Rapid Augmenter
30047	Rolling Hamsphere
30048	Rootcast Apprenticeship
30049	Scurry of Squirrels
30050	Steelburr Champion
30051	Swarmyard Massacre
30052	Sword of the Squeak
30053	Tempt with Bunnies
30054	The Odd Acorn Gang
30055	Thickest in the Thicket
30056	Trailtracker Scout
30057	Twenty-Toed Toad
30058	Wildsear, Scouring Maw
30059	Zinnia, Valley's Voice
30060	A Girl and Her Dogs
30061	Abbot of the Sacred Meeple
30062	Alberix, the Trade Planet
30063	All-Star Kicker
30064	Arcanum Things
30065	Avacyn's Collar, the Symbol of Her Church
30066	Blurry Visionary
30067	Bolshack Dragon
30068	Boltfire
30069	Boulder Jockey
30070	Brigid, Who's Seen Some Stuff
30071	Built Bear
30072	Can't Quite Recall
30073	Catch of the Day
30074	Champion of the Hareish
30075	Chatzuk, Mighty Guitarist
30076	Chea, Friend to Maybe Too Many
30077	Cleaver Blow
30078	Common Black Removal
30079	Creepy Crawler
30080	Dairy Cow
30081	Defender of the Queue
30082	Don't Worry About It
30083	Duelists' Convocation International
30084	Dwarven Confluencer
30085	Fetching Garden
30086	Flanking Licid
30087	Flavor Disaster
30088	Fludge, Gunk Guardian
30089	Friarball
30090	Glade of the Pump Spells
30091	Glimpse, the Unthinkable
30092	Gobland
30093	Heart of a Duelist
30094	Hish of the Snake Cult
30095	Immersturm Battlefield
30096	Indicate
30097	Intangible Vibes
30098	Jeskai Baller
30099	Jund 'Em Out
30100	Keeper of the Crown // Coronation of the Wilds
30101	Knight of Lost Causes
30102	Kozilek, Compleated
30103	Lazotep Archway
30104	Lich's Duel Mastery
30105	Lifening Elemental
30106	Liliana's Other Contract // Liliana's Undead Minion
30107	Lutri, Pauper Otter
30108	Luxior, Ignited
30109	Madlands
30110	Maestros' Totally Safe Hideout
30111	Magus of the Chains
30112	Map to Lorthos's Temple
30113	Marchesa's Surprise Party
30114	Meandered Towershell
30115	Microscope
30116	Mothers Yamazaki
30117	Muraganda Eldrazi
30118	Narod, the Beige Flower
30119	Naturalize 2
30120	New Master of Arms
30121	Night of the Flying Merfolk
30122	No-Regrets Egret
30123	Noble Ox
30124	Oddric, Lunar Marquis
30125	Omenpath to Naya
30126	Omnipresent Impostor
30127	Orb of Origin
30128	Panglacial Shinobi
30129	Penumbra Umbra
30130	Phyrexian Seedling
30131	Pinchy McStingbutt
30132	Plain Walker
30133	Planeswalkerificate
30134	Plant a Sapling // Fully-Grown Treefolk
30135	Pokey, the Scallywagg
30136	Processing Plant
30137	Pyromancy 101
30138	Rin and Seri, Inseparabler
30139	Rule with an Even Hand
30140	Runed Terror
30141	Search Elemental
30142	Sliver of Hope
30143	Slumbering Waterways
30144	Snap Judgment
30145	Spuzzem Strategist
30146	Starting Town NPC
30147	Stone Drake
30148	Subgoyf
30149	TL;DR
30150	Tax Taker
30151	Teferi, Druid of Argoth
30152	Temur Elevator
30153	Terry Pin, Turboturtle
30154	The Heron Moon
30155	The Many Deeds of Belzenlok
30156	There // They're // Their
30157	Toddler's Rage
30158	Toofer, Keeper of the Full Grip
30159	Two by Four
30160	Under-Construction Skyscraper
30161	Value Town // Take a Trip to...
30162	Vuzzle Spaceship
30163	Werewhat
30164	Wisedrafter's Will
30165	Wormhole Warp
30166	Wowzer, the Aspirational
30167	Wrath of Leknif
30168	Wrenn and One
30169	Yawgmoth's Day Planner
30170	You Compleat Me
30171	Your Wish Is My Command
30172	Zone of Flame
30173	Genevieve, Conniving Dragon
30174	The Battle of Dragon Brothers // Fate Reforged
30175	The Convincing General
30176	A-Galvanic Discharge
30177	A-Guide of Souls
30178	A-Ocelot Pride
30179	Convention Maro
30180	Ace Flockbringer
30181	Archival Whorl
30182	Awestruck Cygnet
30183	Bramblearmor Brawler
30184	Brave Meadowguard
30185	Buxton, Decorated Host
30186	Charged Conjuration
30187	Chittering Skullspeaker
30188	Cindercone Smite
30189	Cottontail Caretaker
30190	Darkstar Banisher
30191	Dazzling Flameweaver
30192	Euru, Acorn Scrounger
30193	Fountainport Charmer
30194	Indris, the Hydrostatic Surge
30195	Leaf-Leap Guide
30196	Marshland Hordemaster
30197	Pool Resources
30198	Putrefying Rotboar
30199	Recruit Instructor
30200	Resourceful Collector
30201	Sandcloud Harbinger
30202	Sanguine Soothsayer
30203	Shellfish Scholar
30204	Tasteful Offering
30205	Tempest Trapper
30206	Thought Rattle
30207	Three Tree Battalion
30208	Traverse Valley
30209	Vigorous Farming
30210	A Premonition of Your Demise
30211	Aminatou, Veil Piercer
30212	Ancient Cellarspawn
30213	Barbflare Gremlin
30214	Chaos Is My Plaything
30215	Convert to Slime
30216	Cramped Vents // Access Maze
30217	Curator Beastie
30218	Dark Wings Bring Your Downfall
30219	Deluge of Doom
30220	Demolisher Spawn
30221	Demonic Covenant
30222	Disorienting Choice
30223	Experimental Lab // Staff Room
30224	Fear My Authority
30225	Fear of Sleep Paralysis
30226	Formless Genesis
30227	Giggling Skitterspike
30228	Gleeful Arsonist
30229	Glitch Interpreter
30230	I Am Duskmourn
30231	I Am Never Alone
30232	I Am Untouchable
30233	I Call for Slaughter
30234	I Will Savor Your Agony
30235	Into the Pit
30236	Kianne, Corrupted Memory
30237	Kneel Before My Legions
30238	Metamorphosis Fanatic
30239	Mine Is the Only Truth
30240	My Champion Stands Supreme
30241	My Followers Ascend
30242	My Tendrils Run Deep
30243	My Wealth Will Bury You
30244	My Will Is Irresistible
30245	My Wings Enfold All
30246	No Secret Is Hidden from Me
30247	Only I Know What Awaits
30248	Persistent Constrictor
30249	Phenomenon Investigators
30250	Polluted Cistern // Dim Oubliette
30251	Reality Is Mine to Control
30252	Redress Fate
30253	Rendmaw, Creaking Nest
30254	Rot Like the Scum You Are
30255	Running Is Useless
30256	Sadistic Shell Game
30257	Secret Arcade // Dusty Parlor
30258	Shriekwood Devourer
30259	Soaring Lightbringer
30260	Spiked Corridor // Torture Pit
30261	Star Athlete
30262	Suspended Sentence
30263	Séance Board
30264	The Lord of Pain
30265	The Master of Keys
30266	They Came from the Pipes
30267	Time Bends to My Will
30268	Ursine Monstrosity
30269	Valgavoth, Harrower of Souls
30270	Winter, Cynical Opportunist
30271	You Are Unworthy of Mercy
30272	You Cannot Hide from Me
30273	You Exist Only to Amuse
30274	You Live Only Because I Will It
30275	You Will Know True Suffering
30276	Your Mistake Is My Triumph
30277	Your Nightmares Are Delicious
30278	Your Own Face Mocks You
30279	Your Plans Mean Nothing
30280	Zimone's Hypothesis
30281	Zimone, Mystery Unraveler
30282	Abandoned Campground
30283	Abhorrent Oculus
30284	Acrobatic Cheerleader
30285	Altanak, the Thrice-Called
30286	Anthropede
30287	Appendage Amalgam
30288	Arabella, Abandoned Doll
30289	Attack-in-the-Box
30290	Balemurk Leech
30291	Balustrade Wurm
30292	Baseball Bat
30293	Bashful Beastie
30294	Bear Trap
30295	Beastie Beatdown
30296	Bedhead Beastie
30297	Betrayer's Bargain
30298	Blazemire Verge
30299	Bleeding Woods
30300	Boilerbilges Ripper
30301	Bottomless Pool // Locker Room
30302	Break Down the Door
30303	Broodspinner
30304	Cackling Slasher
30305	Cathartic Parting
30306	Cautious Survivor
30307	Central Elevator // Promising Stairs
30308	Chainsaw
30309	Charred Foyer // Warped Space
30310	Clammy Prowler
30311	Clockwork Percussionist
30312	Come Back Wrong
30313	Commune with Evil
30314	Conductive Machete
30315	Coordinated Clobbering
30316	Cracked Skull
30317	Creeping Peeper
30318	Cryptid Inspector
30319	Cult Healer
30320	Cursed Recording
30321	Cursed Windbreaker
30322	Cynical Loner
30323	Daggermaw Megalodon
30324	Dashing Bloodsucker
30325	Dazzling Theater // Prop Room
30326	Defiant Survivor
30327	Defiled Crypt // Cadaver Lab
30328	Demonic Counsel
30329	Derelict Attic // Widow's Walk
30330	Dissection Tools
30331	Disturbing Mirth
30332	Diversion Specialist
30333	Dollmaker's Shop // Porcelain Gallery
30334	Don't Make a Sound
30335	Doomsday Excruciator
30336	Drag to the Roots
30337	Duskmourn's Domination
30338	Emerge from the Cocoon
30339	Enduring Courage
30340	Enduring Curiosity
30341	Enduring Innocence
30342	Enduring Tenacity
30343	Enduring Vitality
30344	Enter the Enigma
30345	Entity Tracker
30346	Erratic Apparition
30347	Etched Cornfield
30348	Exorcise
30349	Fanatic of the Harrowing
30350	Fear of Abduction
30351	Fear of Being Hunted
30352	Fear of Burning Alive
30353	Fear of Exposure
30354	Fear of Failed Tests
30355	Fear of Falling
30356	Fear of Immobility
30357	Fear of Impostors
30358	Fear of Infinity
30359	Fear of Isolation
30360	Fear of Lost Teeth
30361	Fear of Missing Out
30362	Fear of Surveillance
30363	Fear of the Dark
30364	Final Vengeance
30365	Flesh Burrower
30366	Floodfarm Verge
30367	Floodpits Drowner
30368	Found Footage
30369	Frantic Strength
30370	Friendly Ghost
30371	Friendly Teddy
30372	Funeral Room // Awakening Hall
30373	Get Out
30374	Ghost Vacuum
30375	Ghostly Dancers
30376	Ghostly Keybearer
30377	Give In to Violence
30378	Glassworks // Shattered Yard
30379	Glimmer Seeker
30380	Glimmerburst
30381	Glimmerlight
30382	Gloomlake Verge
30383	Grab the Prize
30384	Grand Entryway // Elegant Rotunda
30385	Grasping Longneck
30386	Greenhouse // Rickety Gazebo
30387	Gremlin Tamer
30388	Grievous Wound
30389	Growing Dread
30390	Hand That Feeds
30391	Hardened Escort
30392	Haunted Screen
30393	Hauntwoods Shrieker
30394	Hedge Shredder
30395	Horrid Vigor
30396	House Cartographer
30397	Hushwood Verge
30398	Impossible Inferno
30399	Infernal Phantom
30400	Innocuous Rat
30401	Inquisitive Glimmer
30402	Insidious Fungus
30403	Intruding Soulrager
30404	Irreverent Gremlin
30405	Jump Scare
30406	Kaito, Bane of Nightmares
30407	Keys to the House
30408	Killer's Mask
30409	Kona, Rescue Beastie
30410	Lakeside Shack
30411	Let's Play a Game
30412	Leyline of Hope
30413	Leyline of Mutation
30414	Leyline of Resonance
30415	Leyline of Transformation
30416	Lionheart Glimmer
30417	Live or Die
30418	Living Phone
30419	Malevolent Chandelier
30420	Manifest Dread
30421	Marina Vendrell
30422	Marina Vendrell's Grimoire
30423	Marvin, Murderous Mimic
30424	Meat Locker // Drowned Diner
30425	Meathook Massacre II
30426	Miasma Demon
30427	Midnight Mayhem
30428	Mirror Room // Fractured Realm
30429	Moldering Gym // Weight Room
30430	Monstrous Emergence
30431	Most Valuable Slayer
30432	Murky Sewer
30433	Nashi, Searcher in the Dark
30434	Neglected Manor
30435	Niko, Light of Hope
30436	Norin, Swift Survivalist
30437	Nowhere to Run
30438	Oblivious Bookworm
30439	Omnivorous Flytrap
30440	Optimistic Scavenger
30441	Orphans of the Wheat
30442	Osseous Sticktwister
30443	Overgrown Zealot
30444	Overlord of the Balemurk
30445	Overlord of the Boilerbilges
30446	Overlord of the Floodpits
30447	Overlord of the Hauntwoods
30448	Overlord of the Mistmoors
30449	Painter's Studio // Defaced Gallery
30450	Paranormal Analyst
30451	Patched Plaything
30452	Patchwork Beastie
30453	Peculiar Lighthouse
30454	Peer Past the Veil
30455	Piggy Bank
30456	Piranha Fly
30457	Popular Egotist
30458	Possessed Goat
30459	Ragged Playmate
30460	Rampaging Soulrager
30461	Raucous Carnival
30462	Razorkin Hordecaller
30463	Razorkin Needlehead
30464	Razortrap Gorge
30465	Reluctant Role Model
30466	Restricted Office // Lecture Hall
30467	Resurrected Cultist
30468	Rip, Spawn Hunter
30469	Ripchain Razorkin
30470	Rite of the Moth
30471	Roaring Furnace // Steaming Sauna
30472	Rootwise Survivor
30473	Savior of the Small
30474	Saw
30475	Sawblade Skinripper
30476	Say Its Name
30477	Scrabbling Skullcrab
30478	Screaming Nemesis
30479	Seized from Slumber
30480	Shardmage's Rescue
30481	Sheltered by Ghosts
30482	Shepherding Spirits
30483	Shrewd Storyteller
30484	Shroudstomper
30485	Silent Hallcreeper
30486	Skullsnap Nuisance
30487	Slavering Branchsnapper
30488	Smoky Lounge // Misty Salon
30489	Spectral Snatcher
30490	Spineseeker Centipede
30491	Split Up
30492	Splitskin Doll
30493	Sporogenic Infection
30494	Stalked Researcher
30495	Stay Hidden, Stay Silent
30496	Strangled Cemetery
30497	Surgical Suite // Hospital Room
30498	The Jolly Balloon Man
30499	The Mindskinner
30500	The Rollercrusher Ride
30501	The Swarmweaver
30502	The Tale of Tamiyo
30503	The Wandering Rescuer
30504	Thornspire Verge
30505	Threats Around Every Corner
30506	Ticket Booth // Tunnel of Hate
30507	Toby, Beastie Befriender
30508	Trapped in the Screen
30509	Trial of Agony
30510	Tunnel Surveyor
30511	Turn Inside Out
30512	Twist Reality
30513	Twitching Doll
30514	Tyvar, the Pummeler
30515	Unable to Scream
30516	Undead Sprinter
30517	Under the Skin
30518	Underwater Tunnel // Slimy Aquarium
30519	Unholy Annex // Ritual Chamber
30520	Unidentified Hovership
30521	Unnerving Grasp
30522	Unsettling Twins
30523	Unstoppable Slasher
30524	Untimely Malfunction
30525	Unwanted Remake
30526	Unwilling Vessel
30527	Valgavoth's Faithful
30528	Valgavoth's Lair
30529	Valgavoth's Onslaught
30530	Valgavoth, Terror Eater
30531	Vanish from Sight
30532	Vengeful Possession
30533	Veteran Survivor
30534	Vicious Clown
30535	Victor, Valgavoth's Seneschal
30536	Vile Mutilator
30537	Violent Urge
30538	Walk-In Closet // Forgotten Cellar
30539	Waltz of Rage
30540	Wary Watchdog
30541	Wickerfolk Thresher
30542	Wildfire Wickerfolk
30543	Winter's Intervention
30544	Winter, Misanthropic Guide
30545	Withering Torment
30546	Zimone, All-Questioning
30547	Kardur, Doomscourge // Kardur, Doomscourge
30548	Anguished Recollection
30549	Chittering Illuminator
30550	Crude Abattoir // Unsavory Kitchen
30551	Eager Flameguide
30552	Effie, Fast Learner
30553	Enduring Friendship
30554	Ethrimik, Imagined Fiend
30555	Fear of Change
30556	Fear of Ridicule
30557	Gilded Ambusher
30558	Glimmer Hoarder
30559	Golden Sidekick
30560	Harrowing Swarm
30561	Housemeld
30562	Improvising Aerialist
30563	Lurker in the Deep
30564	Mangled Soulrager
30565	Mischievous Lookout
30566	Mothlight Processionist
30567	Polterheist
30568	Razor Demon
30569	Replicating Terror
30570	Solitary Study // Endless Corridor
30571	Soul Shredder
30572	Unnatural Summons
30573	Valiant Emberkin
30574	Verdant Dread
30575	Wary Zone Guard
30576	Welcome the Darkness
30577	Wingbright Thief
30578	Asmoranomardicadaistinaculdacar's Kitchen
30579	Circus of the Sun
30580	Elvish Impersonation Contest
30581	High and Dry Black Market
30582	Jalira's Show
30583	Mojave Desert
30584	No Way Out (Playtest)
30585	Omenpath Instability
30586	Preston's Stage
30587	Pursued by Something
30588	Raiders' Allegiance
30589	Team-Up!
30590	The Sphere
30591	Welcome to Valley
30592	Another Night in Vegas
30593	At Least It's a Dry Heat
30594	Clear, Fair Magic
30595	Drive to Work
30596	Fear of Going 0-2 Drop
30597	Fear of Unsleeved Decks
30598	Fear of the Unknown
30599	Fifth Stage of Magic Design
30600	First Stage of Magic Design
30601	Fourth Stage of Magic Design
30602	Hosting Season
30603	Mark Ritual
30604	Oozeavite
30605	Second Stage of Magic Design
30606	Seer of the Bright Side
30607	Seventh Stage of Magic Design
30608	Sharp Eraser
30609	Sixth Stage of Magic Design
30610	The Actualizer
30611	The Archenemy's Charm
30612	The Bear Force Pilot Runner
30613	The Bus Runner
30614	The Caffeinated Runner
30615	The Chaos Keeper
30616	The Cobra King
30617	The Cosplayzer
30618	The Countering Runner
30619	The Covert Blue Mage
30620	The Fearsome Flock
30621	The Fifth Alias
30622	The Gunky Runner
30623	The Highland Runner
30624	The Judge of Height
30625	The Keeper of Four Scythes
30626	The Majestic Duo
30627	The Milling Runner
30628	The Multiplayer Nitpickers
30629	The Paradise Bird
30630	The Powerful Dragon
30631	The Sixth Seraph
30632	The Tokenator
30633	The Unknown Wizard
30634	The Weekly Princess
30635	The Wheeling Runner
30636	The Wiley Speedster
30637	The Zonian Brawler
30638	Third Stage of Magic Design
30639	Zimone's Homework
30640	Black Panther, Wakandan King
30641	Captain America, First Avenger
30642	Iron Man, Titan of Innovation
30643	Storm, Force of Nature
30644	Wolverine, Best There Is
30645	A-Heartfire Hero
30646	A-Leyline of Resonance
30647	A-Nadu, Winged Wisdom
30648	Abyssal Harvester
30649	Alesha, Who Laughs at Fate
30650	Ambush Wolf
30651	Anthem of Champions
30652	Apothecary Stomper
30653	Arahbo, the First Fang
30654	Arbiter of Woe
30655	Arcane Epiphany
30656	Archmage of Runes
30657	Armasaur Guide
30658	Ashroot Animist
30659	Banner of Kinship
30660	Battlesong Berserker
30661	Beast-Kin Ranger
30662	Bigfin Bouncer
30663	Billowing Shriekmass
30664	Blasphemous Edict
30665	Bloodthirsty Conqueror
30666	Boltwave
30667	Bulk Up
30668	Cackling Prowler
30669	Cat Collector
30670	Celestial Armor
30671	Cephalid Inkmage
30672	Chandra, Flameshaper
30673	Claws Out
30674	Clinquant Skymage
30675	Courageous Goblin
30676	Crackling Cyclops
30677	Crypt Feaster
30678	Crystal Barricade
30679	Curator of Destinies
30680	Dauntless Veteran
30681	Dawnwing Marshal
30682	Dazzling Angel
30683	Divine Resilience
30684	Dragon Trainer
30685	Drake Hatcher
30686	Dreadwing Scavenger
30687	Dropkick Bomber
30688	Eager Trufflesnout
30689	Electroduplicate
30690	Elementalist Adept
30691	Elenda, Saint of Dusk
30692	Elfsworn Giant
30693	Elvish Regrower
30694	Erudite Wizard
30695	Exemplar of Light
30696	Faebloom Trick
30697	Felidar Savior
30698	Felling Blow
30699	Fiendish Panda
30700	Fiery Annihilation
30701	Firespitter Whelp
30702	Fishing Pole
30703	Fleeting Flight
30704	Goblin Boarders
30705	Goblin Negotiation
30706	Goblin Surprise
30707	Gorehorn Raider
30708	Grappling Kraken
30709	Guarded Heir
30710	Gutless Plunderer
30711	Hare Apparent
30712	Helpful Hunter
30713	Herald of Eternal Dawn
30714	High Fae Trickster
30715	High-Society Hunter
30716	Hinterland Sanctifier
30717	Homunculus Horde
30718	Hungry Ghoul
30719	Icewind Elemental
30720	Incinerating Blast
30721	Infernal Vessel
30722	Infestation Sage
30723	Inspiration from Beyond
30724	Inspiring Paladin
30725	Joust Through
30726	Kaito, Cunning Infiltrator
30727	Kellan, Planar Trailblazer
30728	Kiora, the Rising Tide
30729	Koma, World-Eater
30730	Kykar, Zephyr Awakener
30731	Leyline Axe
30732	Loot, Exuberant Explorer
30733	Luminous Rebuke
30734	Lunar Insight
30735	Midnight Snack
30736	Mischievous Mystic
30737	Mossborn Hydra
30738	Needletooth Pack
30739	Nine-Lives Familiar
30740	Niv-Mizzet, Visionary
30741	Perforating Artist
30742	Preposterous Proportions
30743	Prideful Parent
30744	Quakestrider Ceratops
30745	Quick-Draw Katana
30746	Quilled Greatwurm
30747	Raise the Past
30748	Ravenous Amulet
30749	Refute
30750	Revenge of the Rats
30751	Rite of the Dragoncaller
30752	Rune-Sealed Wall
30753	Sanguine Syphoner
30754	Scrawling Crawler
30755	Searslicer Goblin
30756	Seeker's Folly
30757	Sire of Seven Deaths
30758	Skyknight Squire
30759	Skyship Buccaneer
30760	Slumbering Cerberus
30761	Soul-Shackled Zombie
30762	Soulstone Sanctuary
30763	Sower of Chaos
30764	Sphinx of Forgotten Lore
30765	Spinner of Souls
30766	Squad Rallier
30767	Stab
30768	Starlight Snare
30769	Strix Lookout
30770	Strongbox Raider
30771	Sun-Blessed Healer
30772	Sylvan Scavenging
30773	Tinybones, Bauble Burglar
30774	Tragic Banshee
30775	Treetop Snarespinner
30776	Twinblade Blessing
30777	Twinflame Tyrant
30778	Uncharted Voyage
30779	Valkyrie's Call
30780	Vampire Gourmand
30781	Vampire Soulcaller
30782	Vanguard Seraph
30783	Vengeful Bloodwitch
30784	Wardens of the Cycle
30785	Zimone, Paradox Sculptor
30786	Zul Ashur, Lich Lord
30787	Anep, Vizier of Hazoret
30788	Aphelia, Viper Whisperer
30789	Braulios of Pheres Band
30790	Brigone, Soldier of Meletis
30791	Cleon, Merry Champion
30792	Cynette, Jelly Drover
30793	Delightful Discovery
30794	Dionus, Elvish Archdruid
30795	Eidolon of Astral Winds
30796	Evereth, Viceroy of Plunder
30797	Faithful Pikemaster
30798	Frontline Heroism
30799	Fumulus, the Infestation
30800	General Kreat, the Boltbringer
30801	Generous Pup
30802	Gilded Scuttler
30803	Go Forth
30804	Gornog, the Red Reaper
30805	Hearts on Fire
30806	Hungry Megasloth
30807	Hurska Sweet-Tooth
30808	Ivora, Insatiable Heir
30809	Nazar, the Velvet Fang
30810	Neerdiv, Devious Diver
30811	Ozox, the Clattering King
30812	Phantasmal Shieldback
30813	Plagon, Lord of the Beach
30814	Pol Jamaar, Illusionist
30815	Psemilla, Meletian Poet
30816	Qala, Ajani's Pridemate
30817	Razorgrass Invoker
30818	Rev, Tithe Extractor
30819	Revoke Demise
30820	Sandstorm Crasher
30821	Saurian Symbiote
30822	Scholar of Combustion
30823	Scourge of the Undercity
30824	Scythecat Cub
30825	Shardless Outlander
30826	Shroofus Sproutsire
30827	Slimy Piper
30828	Slinza, the Spiked Stampede
30829	Spined Tyrranax
30830	Starnheim Memento
30831	Sutina, Speaker of the Tajuru
30832	Taeko, the Patient Avalanche
30833	Thurid, Mare of Destiny
30834	Urdnan, Dromoka Warrior
30835	Woodland Liege
30836	Wriggling Grub
30837	Eggnogger's 'Stache
30838	Estrid's Invocation // Estrid's Invocation
30839	Estrid, the Masked // Estrid, the Masked
30840	Steely Resolve // Steely Resolve
30841	Tuvasa the Sunlit // Tuvasa the Sunlit
30842	J. Jonah Jameson
30843	Tifa Lockhart
30844	Cloud, Midgar Mercenary
30845	Second City
30846	Mechtitan // Mechtitan
30847	Mechtitan Core // Mechtitan Core
30848	Parhelion II // Parhelion II
30849	Peacewalker Colossus // Peacewalker Colossus
30850	Reckoner Bankbuster // Reckoner Bankbuster
30851	Smuggler's Copter // Smuggler's Copter
30852	Aatchik, Emerald Radian
30853	Adrenaline Jockey
30854	Aether Syphon
30855	Aetherjacket
30856	Afterburner Expert
30857	Agonasaur Rex
30858	Air Response Unit
30859	Alacrian Armory
30860	Alacrian Jaguar
30861	Amonkhet Raceway
30862	Ancient Vendetta
30863	Apocalypse Runner
30864	Autarch Mammoth
30865	Avishkar Raceway
30866	Back on Track
30867	Basri, Tomorrow's Champion
30868	Beastrider Vanguard
30869	Bestow Greatness
30870	Bleachbone Verge
30871	Boom Scholar
30872	Boommobile
30873	Boosted Sloop
30874	Bounce Off
30875	Brightfield Glider
30876	Brightfield Mustang
30877	Brightglass Gearhulk
30878	Broadcast Rambler
30879	Broadside Barrage
30880	Broodheart Engine
30881	Bulwark Ox
30882	Burner Rocket
30883	Burnout Bashtronaut
30884	Caelorna, Coral Tyrant
30885	Camera Launcher
30886	Canyon Vaulter
30887	Captain Howler, Sea Scourge
30888	Caradora, Heart of Alacria
30889	Carrion Cruiser
30890	Chandra, Spark Hunter
30891	Chitin Gravestalker
30892	Clamorous Ironclad
30893	Cloudspire Captain
30894	Cloudspire Coordinator
30895	Cloudspire Skycycle
30896	Coalstoke Gearhulk
30897	Collision Course
30898	Count on Luck
30899	Country Roads
30900	Crash and Burn
30901	Cryptcaller Chariot
30902	Cursecloth Wrappings
30903	Daretti, Rocketeer Engineer
30904	Daring Mechanic
30905	Deathless Pilot
30906	Debris Beetle
30907	Defend the Rider
30908	Demonic Junker
30909	Detention Chariot
30910	District Mascot
30911	Diversion Unit
30912	Draconautics Engineer
30913	Dracosaur Auxiliary
30914	Dredger's Insight
30915	Dune Drifter
30916	Dynamite Diver
30917	Earthrumbler
30918	Elvish Refueler
30919	Embalmed Ascendant
30920	Endrider Catalyzer
30921	Endrider Spikespitter
30922	Engine Rat
30923	Explosive Getaway
30924	Fang Guardian
30925	Fang-Druid Summoner
30926	Far Fortune, End Boss
30927	Fearless Swashbuckler
30928	Flood the Engine
30929	Foul Roads
30930	Fuel the Flames
30931	Full Throttle
30932	Gallant Strike
30933	Gas Guzzler
30934	Gastal Blockbuster
30935	Gastal Raider
30936	Gastal Thrillroller
30937	Gastal Thrillseeker
30938	Gilded Ghoda
30939	Glitch Ghost Surveyor
30940	Gloryheath Lynx
30941	Goblin Surveyor
30942	Gonti, Night Minister
30943	Greasewrench Goblin
30944	Greenbelt Guardian
30945	Grim Bauble
30946	Grim Javelineer
30947	Guardian Sunmare
30948	Guidelight Matrix
30949	Guidelight Optimizer
30950	Guidelight Pathmaker
30951	Guidelight Synergist
30952	Haunt the Network
30953	Haunted Hellride
30954	Hazard of the Dunes
30955	Hazoret, Godseeker
30956	Hellish Sideswipe
30957	Hour of Victory
30958	Howler's Heavy
30959	Howlsquad Heavy
30960	Hulldrifter
30961	Interface Ace
30962	Intimidation Tactics
30963	Jibbirik Omnivore
30964	Kalakscion, Hunger Tyrant
30965	Keen Buccaneer
30966	Ketramose, the New Dawn
30967	Kickoff Celebrations
30968	Kolodin, Triumph Caster
30969	Lagorin, Soul of Alacria
30970	Leonin Surveyor
30971	Lifecraft Engine
30972	Lightshield Parry
30973	Lightwheel Enhancements
30974	Locust Spray
30975	Loot, the Pathfinder
30976	Lotusguard Disciple
30977	Loxodon Surveyor
30978	Lumbering Worldwagon
30979	Magmakin Artillerist
30980	Marauding Mako
30981	March of the World Ooze
30982	Marketback Walker
30983	Marshals' Pathcruiser
30984	Maximum Overdrive
30985	Memory Guardian
30986	Mendicant Core, Guidelight
30987	Midnight Mangler
30988	Migrating Ketradon
30989	Mimeoplasm, Revered One
30990	Mindspring Merfolk
30991	Molt Tender
30992	Momentum Breaker
30993	Monument to Endurance
30994	Mu Yanling, Wind Rider
30995	Muraganda Raceway
30996	Mutant Surveyor
30997	Nesting Bot
30998	Night Market
30999	Nimble Thopterist
31000	Oildeep Gearhulk
31001	Ooze Patrol
31002	Outpace Oblivion
31003	Oviya, Automech Artisan
31004	Pacesetter Paragon
31005	Pactdoll Terror
31006	Pedal to the Metal
31007	Perilous Snare
31008	Pit Automaton
31009	Plow Through
31010	Point the Way
31011	Possession Engine
31012	Pothole Mole
31013	Pride of the Road
31014	Prowcatcher Specialist
31015	Push the Limit
31016	Pyrewood Gearhulk
31017	Quag Feast
31018	Racers' Scoreboard
31019	Radiant Lotus
31020	Rangers' Aetherhive
31021	Rangers' Refueler
31022	Reckless Velocitaur
31023	Redshift, Rocketeer Chief
31024	Reef Roads
31025	Regal Imperiosaur
31026	Repurposing Bay
31027	Ride's End
31028	Ripclaw Wrangler
31029	Riptide Gearhulk
31030	Rise from the Wreck
31031	Risen Necroregent
31032	Risky Shortcut
31033	Riverchurn Monument
31034	Riverpyre Verge
31035	Road Rage
31036	Roadside Assistance
31037	Roadside Blowout
31038	Rocketeer Boostbuggy
31039	Rocky Roads
31040	Rover Blades
31041	Run Over
31042	Sab-Sunen, Luxa Embodied
31043	Sabotage Strategist
31044	Salvation Engine
31045	Samut, the Driving Force
31046	Scrap Compactor
31047	Scrounging Skyray
31048	Shefet Archfiend
31049	Silken Strength
31050	Sita Varma, Masked Racer
31051	Skybox Ferry
31052	Skycrash
31053	Skyseer's Chariot
31054	Skyserpent Seeker
31055	Skystreak Engineer
31056	Slick Imitator
31057	Spectacular Pileup
31058	Spectral Interference
31059	Spikeshell Harrier
31060	Spin Out
31061	Spire Mechcycle
31062	Spotcycle Scouter
31063	Stall Out
31064	Stampeding Scurryfoot
31065	Starting Column
31066	Stock Up
31067	Streaking Oilgorger
31068	Sunbillow Verge
31069	Sundial, Dawn Tyrant
31070	Swiftwing Assailant
31071	Syphon Fuel
31072	Terrian, World Tyrant
31073	The Aetherspark
31074	The Last Ride
31075	The Speed Demon
31076	Thopter Fabricator
31077	Thunderhead Gunner
31078	Thundering Broodwagon
31079	Thunderous Velocipede
31080	Ticket Tortoise
31081	Trade the Helm
31082	Transit Mage
31083	Trip Up
31084	Tune Up
31085	Tyrox, Saurid Tyrant
31086	Unstoppable Plan
31087	Unswerving Sloth
31088	Valor's Flagship
31089	Veloheart Bike
31090	Venomsac Lagac
31091	Veteran Beastrider
31092	Vnwxt, Verbose Host
31093	Voyage Home
31094	Voyager Glidecar
31095	Voyager Quickwelder
31096	Walking Sarcophagus
31097	Wastewood Verge
31098	Waxen Shapethief
31099	Webstrike Elite
31100	Wickerfolk Indomitable
31101	Wild Roads
31102	Willowrush Verge
31103	Winter, Cursed Rider
31104	Wreck Remover
31105	Wreckage Wickerfolk
31106	Wretched Doll
31107	Zahur, Glory's Past
31108	Accursed Duneyard
31109	Adaptive Omnitool
31110	Aetherflux Conduit
31111	Aetheric Amplifier
31112	Hashaton, Scarab's Fist
31113	Lost Monarch of Ifnir
31114	Nissa, Worldsoul Speaker
31115	On Wings of Gold
31116	Peema Trailblazer
31117	Pia Nalaar, Chief Mechanic
31118	Priest of the Crossing
31119	Prophet of the Scarab
31120	Rampaging Aetherhood
31121	Renewed Solidarity
31122	Rhet-Tomb Mystic
31123	Saheeli, Radiant Creator
31124	Stridehangar Automaton
31125	Temmet, Naktamun's Will
31126	Territorial Aetherkite
31127	Wizened Mentor
31128	Deceptive Divination
31129	Fblthp: Completely, Utterly, Totally Lost
31130	Finally! Left-Handed Magic Cards
31131	Happy Yargle Day!
31132	Imaginary Friends (Plane)
31133	Li'l Giri Saves the Day
31134	Math is for Blockers (Plane)
31135	Mycosynthwave
31136	We Hope You Like Squirrels
31137	sAnS mERcY
31138	Game Knights Live
31139	Ghirapur Grand Prix
31140	New Player's Journey
31141	Sorin's Remastered Manor
31142	That's Enough Slices
31143	The Command Zone
31144	The Pro Tour
31145	Year-End Review
31146	Aetherflux Car
31147	Catch-Up Mechanic
31148	Chandra's Dragonmech
31149	Char-Dog
31150	Chic // Ago
31151	Davvol's Birthdaymobile
31152	Draw Team Lines
31153	Establishing Shot
31154	Gomif, Fast Racer
31155	Htbr, Racetrack Referee
31156	Item Crate
31157	Jiffy, Vehicle Repairer
31158	Just a Li'l Guy
31159	Kibo's Bananamobile
31160	MagicConsecrated Sphinx
31161	Mana Max, Afterburner
31162	Mijo, the Bull
31163	Moth Herb Elixir
31164	Need for Speed (Not the Odyssey One)
31165	Now THIS Is Aether Racing
31166	Peel Out
31167	Rafi, Retro Racer
31168	Reflective Gate
31169	Retto, Family Racer
31170	Rinta, Cousin of Sitka
31171	Sue, Everlasting Dinosaur
31172	Team Acceleration
31173	Team Mage
31174	Team Perseverance
31175	The Fact Checker
31176	The Good Time Sleuth
31177	The Mox Painter
31178	The Multifaceted Phyrexian
31179	The Mystery Raceway
31180	The Zabulous Cosplayer
31181	Underdog Racer
31182	Unstickerify
31183	Where We're Going...
31184	Windy City Aven
31185	Winter's Demonmech
31186	Would You Have Done the Same?
31187	X, Mystery Racer
31188	You, Iterative Playtester
31189	______
31190	Arius, Flyby Trawler
31191	Bail Out
31192	Chomping Mastasaur
31193	Deviant Skytech
31194	Fuel Tank Feaster
31195	Goblin Crash Pilot
31196	Great Fang Chroniclers
31197	Hangarback Assembler
31198	Highway Reaver
31199	Kari Zev, Crew of Two
31200	Masterpiece Vault
31201	Mitotic Ultimus
31202	Motivated Muralist
31203	Naktamun Shines Again
31204	Ornate Imitations
31205	Quickbeast Amulet
31206	Rising Chicane
31207	Routeway Moose
31208	Sala, Deck Boss
31209	Smog Smasher
31210	Spectacle of Destruction
31211	Speedbrood Stalker
31212	Support Skyforge
31213	Surge of Acclaim
31214	Terrors of the Track
31215	Trackhand Trainer
31216	Tsagan, Raider Warlord
31217	Turbocharged Escape
31218	Unforgiving Overtake
31219	Wish Good Luck
31220	Aesi, Tyrant of Gyre Strait // Aesi, Tyrant of Gyre Strait
31221	Anje Falkenrath // Anje Falkenrath
31222	Chulane, Teller of Tales // Chulane, Teller of Tales
31223	Dragonlord Atarka // Dragonlord Atarka
31224	Dragonlord Dromoka // Dragonlord Dromoka
31225	Dragonlord Kolaghan // Dragonlord Kolaghan
31226	Dragonlord Ojutai // Dragonlord Ojutai
31227	Dragonlord Silumgar // Dragonlord Silumgar
31228	Radha, Heart of Keld // Radha, Heart of Keld
31229	Sticker sheet
31230	Deadpool, Trading Card
31231	All-Out Assault
31232	Ambling Stormshell
31233	Anafenza, Unyielding Lineage
31234	Avenger of the Fallen
31235	Awaken the Honored Dead
31236	Barrensteppe Siege
31237	Betor, Kin to All
31238	Bloomvine Regent // Claim Territory
31239	Call the Spirit Dragons
31240	Clarion Conqueror
31241	Cori Mountain Monastery
31242	Cori-Steel Cutter
31243	Dalkovan Encampment
31244	Death Begets Life
31245	Dracogenesis
31246	Dragonback Assault
31247	Dragonfire Blade
31248	Dragonologist
31249	Elspeth, Storm Slayer
31250	Eshki Dragonclaw
31251	Fangkeeper's Familiar
31252	Felothar, Dawn of the Abzan
31253	Flamehold Grappler
31254	Frostcliff Siege
31255	Glacierwood Siege
31256	Great Arashin City
31257	Herd Heirloom
31258	Hollowmurk Siege
31259	Inevitable Defeat
31260	Jeskai Revelation
31261	Kishla Village
31262	Kotis, the Fangkeeper
31263	Lasyd Prowler
31264	Lotuslight Dancers
31265	Maelstrom of the Spirit Dragon
31266	Magmatic Hellkite
31267	Marang River Regent // Coil and Catch
31268	Mardu Siegebreaker
31269	Mistrise Village
31270	Mox Jasper
31271	Naga Fleshcrafter
31272	Narset, Jeskai Waymaster
31273	Nature's Rhythm
31274	Neriv, Heart of the Storm
31275	New Way Forward
31276	Perennation
31277	Qarsi Revenant
31278	Rediscover the Way
31279	Revival of the Ancestors
31280	Roar of Endless Song
31281	Rot-Curse Rakshasa
31282	Sage of the Skies
31283	Sarkhan, Dragon Ascendant
31284	Scavenger Regent // Exude Toxin
31285	Severance Priest
31286	Shiko, Paragon of the Way
31287	Sidisi, Regent of the Mire
31288	Sinkhole Surveyor
31289	Smile at Death
31290	Songcrafter Mage
31291	Stadium Headliner
31292	Stillness in Motion
31293	Stormscale Scion
31294	Surrak, Elusive Hunter
31295	Taigam, Master Opportunist
31296	Temur Battlecrier
31297	Tersa Lightshatter
31298	Teval, Arbiter of Virtue
31299	The Sibsig Ceremony
31300	Thunder of Unity
31301	Ugin, Eye of the Storms
31302	United Battlefront
31303	Ureni, the Song Unending
31304	Voice of Victory
31305	Warden of the Grove
31306	Windcrag Siege
31307	Winternight Stories
31308	Yathan Roadwatcher
31309	Zurgo, Thunder's Decree
31310	Adaptive Training Post
31311	Afterlife from the Loam
31312	Ainok Strike Leader
31313	Aligned Heart
31314	Arbor Adherent
31315	Become the Avalanche
31316	Betor, Ancestor's Voice
31317	Bone Devourer
31318	Broodcaller Scourge
31319	Caldera Pyremaw
31320	Canopy Gargantuan
31321	Colossal Grave-Reaver
31322	Deceptive Frostkite
31323	Diviner of Mist
31324	Elsha, Threefold Master
31325	Eshki, Temur's Roar
31326	Felothar the Steadfast
31327	Floral Evoker
31328	Goldlust Triad
31329	Hammerhead Tyrant
31330	Infantry Shield
31331	Ironwill Forger
31332	Jaws of Defeat
31333	Kotis, Sibsig Champion
31334	Neriv, Crackling Vanguard
31335	Parapet Thrasher
31336	Protector of the Wastes
31337	Rampart Architect
31338	Redoubled Stormsinger
31339	Reunion of the House
31340	Shiko and Narset, Unified
31341	Steward of the Harvest
31342	Tempest Technique
31343	Teval's Judgment
31344	Teval, the Balanced Scale
31345	Thundermane Dragon
31346	Tip the Scales
31347	Transcendent Dragon
31348	Transforming Flourish
31349	Ureni of the Unwritten
31350	Voracious Bibliophile
31351	Welcome the Dead
31352	Will of the Abzan
31353	Will of the Jeskai
31354	Will of the Mardu
31355	Will of the Sultai
31356	Will of the Temur
31357	Within Range
31358	Zenith Festival
31359	Zurgo Stormrender
31360	Abzan Devotee
31361	Abzan Monument
31362	Adorned Crocodile
31363	Aegis Sculptor
31364	Agent of Kotis
31365	Aggressive Negotiations
31366	Ainok Wayfarer
31367	Alchemist's Assistant
31368	Alesha's Legacy
31369	Arashin Sunshield
31370	Armament Dragon
31371	Attuned Hunter
31372	Auroral Procession
31373	Bearer of Glory
31374	Bewildering Blizzard
31375	Bloomvine Regent // Claim Territory // Bloomvine Regent
31376	Bone-Cairn Butcher
31377	Boulderborn Dragon
31378	Breaching Dragonstorm
31379	Caustic Exhale
31380	Champion of Dusan
31381	Channeled Dragonfire
31382	Clarion Conqueror // Clarion Conqueror
31383	Constrictor Sage
31384	Coordinated Maneuver
31385	Cori Mountain Stalwart
31386	Corroding Dragonstorm
31387	Cruel Truths
31388	Dalkovan Packbeasts
31389	Defibrillating Current
31390	Delta Bloodflies
31391	Descendant of Storms
31392	Desperate Measures
31393	Devoted Duelist
31394	Dirgur Island Dragon // Skimming Strike
31395	Dispelling Exhale
31396	Disruptive Stormbrood // Petty Revenge
31397	Dragon Sniper
31398	Dragon's Prey
31399	Dragonback Lancer
31400	Dragonbroods' Relic
31401	Dragonclaw Strike
31402	Dragonstorm Forecaster
31403	Dragonstorm Globe
31404	Dusyut Earthcarver
31405	Duty Beyond Death
31406	Effortless Master
31407	Embermouth Sentinel
31408	Encroaching Dragonstorm
31409	Equilibrium Adept
31410	Essence Anchor
31411	Feral Deathgorger // Dusk Sight
31412	Fire-Rim Form
31413	Fleeting Effigy
31414	Focus the Mind
31415	Formation Breaker
31416	Fortress Kin-Guard
31417	Fresh Start
31418	Frontline Rush
31419	Furious Forebear
31420	Glacial Dragonhunt
31421	Gurmag Nightwatch
31422	Gurmag Rakshasa
31423	Hardened Tactician
31424	Heritage Reclamation
31425	Highspire Bell-Ringer
31426	Host of the Hereafter
31427	Humbling Elder
31428	Hundred-Battle Veteran
31429	Iceridge Serpent
31430	Inspirited Vanguard
31431	Iridescent Tiger
31432	Jade-Cast Sentinel
31433	Jeskai Brushmaster
31434	Jeskai Devotee
31435	Jeskai Monument
31436	Jeskai Shrinekeeper
31437	Karakyk Guardian
31438	Kheru Goldkeeper
31439	Kin-Tree Nurturer
31440	Kin-Tree Severance
31441	Kishla Skimmer
31442	Kishla Trawlers
31443	Knockout Maneuver
31444	Krotiq Nestguard
31445	Krumar Initiate
31446	Lie in Wait
31447	Lightfoot Technique
31448	Loxodon Battle Priest
31449	Magmatic Hellkite // Magmatic Hellkite
31450	Mammoth Bellow
31451	Marang River Regent // Coil and Catch // Marang River Regent
31452	Mardu Devotee
31453	Mardu Monument
31454	Marshal of the Lost
31455	Meticulous Artisan
31456	Molten Exhale
31457	Monastery Messenger
31458	Narset's Rebuke
31459	Nightblade Brigade
31460	Osseous Exhale
31461	Overwhelming Surge
31462	Piercing Exhale
31463	Poised Practitioner
31464	Purging Stormbrood // Absorb Essence
31465	Rainveil Rejuvenator
31466	Rakshasa's Bargain
31467	Rally the Monastery
31468	Rebellious Strike
31469	Reigning Victor
31470	Reputable Merchant
31471	Rescue Leopard
31472	Reverberating Summons
31473	Riling Dawnbreaker // Signaling Roar
31474	Ringing Strike Mastery
31475	Rite of Renewal
31476	Riverwalk Technique
31477	Riverwheel Sweep
31478	Roamer's Routine
31479	Roiling Dragonstorm
31480	Runescale Stormbrood // Chilling Screech
31481	Sage of the Fang
31482	Sagu Pummeler
31483	Sagu Wildling // Roost Seek
31484	Salt Road Packbeast
31485	Salt Road Skirmish
31486	Sandskitter Outrider
31487	Sarkhan's Resolve
31488	Scavenger Regent // Exude Toxin // Scavenger Regent
31489	Seize Opportunity
31490	Shock Brigade
31491	Shocking Sharpshooter
31492	Sibsig Appraiser
31493	Skirmish Rhino
31494	Snowmelt Stag
31495	Sonic Shrieker
31496	Spectral Denial
31497	Stalwart Successor
31498	Starry-Eyed Skyrider
31499	Static Snare
31500	Stormbeacon Blade
31501	Stormplain Detainment
31502	Stormshriek Feral // Flush Out
31503	Strategic Betrayal
31504	Sultai Devotee
31505	Sultai Monument
31506	Summit Intimidator
31507	Sunpearl Kirin
31508	Sunset Strikemaster
31509	Synchronized Charge
31510	Teeming Dragonstorm
31511	Tempest Hawk
31512	Temur Devotee
31513	Temur Monument
31514	Temur Tawnyback
31515	Trade Route Envoy
31516	Traveling Botanist
31517	Twinmaw Stormbrood // Charring Bite
31518	Ugin, Eye of the Storms // Ugin, Eye of the Storms
31519	Unburied Earthcarver
31520	Underfoot Underdogs
31521	Undergrowth Leopard
31522	Unending Whisper
31523	Unrooted Ancestor
31524	Unsparing Boltcaster
31525	Ureni's Rebuff
31526	Venerated Stormsinger
31527	Veteran Ice Climber
31528	Wail of War
31529	War Effort
31530	Watcher of the Wayside
31531	Wayspeaker Bodyguard
31532	Whirlwing Stormbrood // Dynamic Soar
31533	Wild Ride
31534	Wingblade Disciple
31535	Wingspan Stride
31536	Worthy Cost
31537	Yathan Tombguard
31538	Zurgo's Vanguard
31539	Amber-Plate Ainok
31540	Audacious Knuckleblade
31541	Call the Crash
31542	Cunning Azurescale // Divining Dive
31543	Dalkovan Outrider
31544	Desert Cenote
31545	Draconic Fealty
31546	Dragon Typhoon
31547	Dragonblood Twins
31548	Dragonsoul Prodigy
31549	Dragonweave Tapestry
31550	Hamza, Might of the Yathan
31551	Hardened Bonds
31552	Illuminating Lash
31553	Lam, Storm Crane Elder
31554	Mardu Thunderkite
31555	Oasis of Renewal
31556	Pampered Loamfrill
31557	Pearl Lake Warden // Nesting Instinct
31558	Runeblade Raiser
31559	Sibsig's Artisan
31560	Song of Seasons
31561	Stonehide Ancient // Warning Tremor
31562	Stormforged Armor
31563	Swiftspear's Teachings
31564	Territorial Strike
31565	Thunderbond Vanguard
31566	Ureni's Counsel
31567	Waystone's Guidance
31568	Xho Cai, Flickering Talon
31569	All-You-Can-Eat Buffet
31570	Aerith Gainsborough
31571	Aerith, Last Ancient
31572	Alisaie Leveilleur
31573	Alphinaud Leveilleur
31574	Ardbert, Warrior of Darkness
31575	Auron, Venerated Guardian
31576	Avalanche of Sector 7
31577	Banon, the Returners' Leader
31578	Barret, Avalanche Leader
31579	Blitzball Stadium
31580	Blue Mage's Cane
31581	Bugenhagen, Wise Elder
31582	Cait Sith, Fortune Teller
31583	Celes, Rune Knight
31584	Champions from Beyond
31585	Chocobo Knights
31586	Cid, Freeflier Pilot
31587	Cloud's Limit Break
31588	Cloud, Ex-SOLDIER
31589	Coin of Fate
31590	Conformer Shuriken
31591	Cyan, Vengeful Samurai
31592	Dancer's Chakrams
31593	Edgar, Master Machinist
31594	Elena, Turk Recruit
31595	Emet-Selch of the Third Seat
31596	Espers to Magicite
31597	Estinien Varlineau
31598	Eye of Nidhogg
31599	Fandaniel, Telophoroi Ascian
31600	G'raha Tia, Scion Reborn
31601	Gatta and Luzzu
31602	Gau, Feral Youth
31603	General Leo Cristophe
31604	Gogo, Mysterious Mime
31605	Heidegger, Shinra Executive
31606	Helitrooper
31607	Hermes, Overseer of Elpis
31608	Hildibrand Manderville // Gentleman's Rise
31609	Hraesvelgr of the First Brood
31610	Interceptor, Shadow's Hound
31611	Kefka, Dancing Mad
31612	Kimahri, Valiant Guardian
31613	Krile Baldesion
31614	Lifestream's Blessing
31615	Locke, Treasure Hunter
31616	Lord Jyscal Guado
31617	Lulu, Stern Guardian
31618	Lyse Hext
31619	Maester Seymour
31620	Mog, Moogle Warrior
31621	O'aka, Traveling Merchant
31622	Observed Stasis
31623	Papalymo Totolymo
31624	Professor Hojo
31625	Protection Magic
31626	Reaper's Scythe
31627	Red XIII, Proud Warrior
31628	Rejoin the Fight
31629	Rikku, Resourceful Guardian
31630	SOLDIER Military Program
31631	Sabin, Master Monk
31632	Sephiroth, Fallen Hero
31633	Setzer, Wandering Gambler
31634	Shadow, Mysterious Assassin
31635	Shelinda, Yevon Acolyte
31636	Siegfried, Famed Swordsman
31637	Sin, Unending Cataclysm
31638	Snort
31639	Sphere Grid
31640	Strago and Relm
31641	Summon: Esper Valigarmanda
31642	Summon: Good King Mog XII
31643	Summon: Ixion
31644	Summon: Kujata
31645	Summon: Magus Sisters
31646	Summon: Valefor
31647	Summon: Yojimbo
31648	Summoner's Sending
31649	Summoning Materia
31650	Tataru Taru
31651	Terra, Herald of Hope
31652	Thancred Waters
31653	The Falcon, Airship Restored
31654	The Warring Triad
31655	Tidus, Yuna's Guardian
31656	Tifa, Martial Artist
31657	Transpose
31658	Tromell, Seymour's Butler
31659	Ultimate Magic: Holy
31660	Ultimate Magic: Meteor
31661	Umaro, Raging Yeti
31662	Urianger Augurelt
31663	Vincent, Vengeful Atoner
31664	Wakka, Devoted Guardian
31665	Wrecking Ball Arm
31666	Y'shtola, Night's Blessed
31667	Yuffie, Materia Hunter
31668	Yuna's Decision
31669	Yuna's Whistle
31670	Yuna, Grand Summoner
31671	A Realm Reborn
31672	Absolute Virtue
31673	Adelbert Steiner
31674	Adventurer's Airship
31675	Adventurer's Inn
31676	Aerith Rescue Mission
31677	Aettir and Priwen
31678	Ahriman
31679	Airship Crash
31680	Al Bhed Salvagers
31681	Ambrosia Whiteheart
31682	Ancient Adamantoise
31683	Ardyn, the Usurper
31684	Ashe, Princess of Dalmasca
31685	Astrologian's Planisphere
31686	Auron's Inspiration
31687	Balamb Garden, SeeD Academy // Balamb Garden, Airborne
31688	Balamb T-Rexaur
31689	Balthier and Fran
31690	Bard's Bow
31691	Baron, Airship Kingdom
31692	Barret Wallace
31693	Bartz and Boko
31694	Battle Menu
31695	Beatrix, Loyal General
31696	Black Mage's Rod
31697	Black Waltz No. 3
31698	Blazing Bomb
31699	Blitzball
31700	Blitzball Shot
31701	Buster Sword
31702	Cactuar
31703	Call the Mountain Chocobo
31704	Capital City
31705	Cargo Ship
31706	Cecil, Dark Knight // Cecil, Redeemed Paladin
31707	Choco, Seeker of Paradise
31708	Choco-Comet
31709	Chocobo Kick
31710	Chocobo Racetrack
31711	Cid, Timeless Artificer
31712	Circle of Power
31713	Clash of the Eikons
31714	Clive's Hideaway
31715	Clive, Ifrit's Dominant // Ifrit, Warden of Inferno
31716	Cloud of Darkness
31717	Cloud, Planet's Champion
31718	Cloudbound Moogle
31719	Coeurl
31720	Coliseum Behemoth
31721	Combat Tutorial
31722	Commune with Beavers
31723	Coral Sword
31724	Cornered by Black Mages
31725	Crossroads Village
31726	Crystal Fragments // Summon: Alexander
31727	Dark Knight's Greatsword
31728	Deadly Embrace
31729	Delivery Moogle
31730	Demon Wall
31731	Diamond Weapon
31732	Dion, Bahamut's Dominant // Bahamut, Warden of Light
31733	Dragoon's Lance
31734	Dragoon's Wyvern
31735	Dreams of Laguna
31736	Dwarven Castle Guard
31737	Eden, Seat of the Sanctum
31738	Edgar, King of Figaro
31739	Eject
31740	Elixir
31741	Emet-Selch, Unsundered // Hades, Sorcerer of Eld
31742	Esper Origins // Summon: Esper Maduin
31743	Ether
31744	Evil Reawakened
31745	Excalibur II
31746	Exdeath, Void Warlock // Neo Exdeath, Dimension's End
31747	Fang, Fearless l'Cie
31748	Fate of the Sun-Cryst
31749	Fight On!
31750	Fire Magic
31751	Firion, Wild Rose Warrior
31752	Freya Crescent
31753	From Father to Son
31754	G'raha Tia
31755	Gaelicat
31756	Gaius van Baelsar
31757	Galuf's Final Act
31758	Garland, Knight of Cornelia // Chaos, the Endless
31759	Garnet, Princess of Alexandria
31760	Genji Glove
31761	Gigantoad
31762	Gilgamesh, Master-at-Arms
31763	Giott, King of the Dwarves
31764	Gladiolus Amicitia
31765	Gogo, Master of Mimicry
31766	Gohn, Town of Ruin
31767	Golbez, Crystal Collector
31768	Gongaga, Reactor Town
31769	Goobbue Gardener
31770	Gran Pulse Ochu
31771	Guadosalam, Farplane Gateway
31772	Gysahl Greens
31773	Haste Magic
31774	Hecteyes
31775	Hill Gigas
31776	Hope Estheim
31777	Ice Flan
31778	Ice Magic
31779	Ignis Scientia
31780	Il Mheg Pixie
31781	Insomnia, Crown City
31782	Instant Ramen
31783	Iron Giant
31784	Ishgard, the Holy See // Faith & Grief
31785	Item Shopkeep
31786	Jecht, Reluctant Guardian // Braska's Final Aeon
31787	Jenova, Ancient Calamity
31788	Jidoor, Aristocratic Capital // Overture
31789	Jill, Shiva's Dominant // Shiva, Warden of Ice
31790	Joshua, Phoenix's Dominant // Phoenix, Warden of Fire
31791	Judge Magister Gabranth
31792	Judgment Bolt
31793	Jumbo Cactuar
31794	Kain, Traitorous Dragoon
31795	Kefka, Court Mage // Kefka, Ruler of Ruin
31796	Kuja, Genome Sorcerer // Trance Kuja, Fate Defied
31797	Laughing Mad
31798	Light of Judgment
31799	Lightning, Army of One
31800	Lightning, Security Sergeant
31801	Lindblum, Industrial Regency // Mage Siege
31802	Lion Heart
31803	Locke Cole
31804	Loporrit Scout
31805	Louisoix's Sacrifice
31806	Lunatic Pandora
31807	Machinist's Arsenal
31808	Magic Damper
31809	Magic Pot
31810	Magitek Armor
31811	Magitek Infantry
31812	Magitek Scythe
31813	Malboro
31814	Matoya, Archon Elder
31815	Memories Returning
31816	Midgar, City of Mako // Reactor Raid
31817	Minwu, White Mage
31818	Monk's Fist
31819	Moogles' Valor
31820	Mysidian Elder
31821	Namazu Trader
31822	Nibelheim Aflame
31823	Ninja's Blades
31824	Noctis, Prince of Lucis
31825	Omega, Heartless Evolution
31826	Opera Love Song
31827	Overkill
31828	Paladin's Arms
31829	Phantom Train
31830	Phoenix Down
31831	Poison the Waters
31832	Prishe's Wanderings
31833	Prompto Argentum
31834	PuPu UFO
31835	Qiqirn Merchant
31836	Queen Brahne
31837	Quina, Qu Gourmet
31838	Quistis Trepe
31839	Qutrub Forayer
31840	Rabanastre, Royal City
31841	Ragnarok, Divine Deliverance
31842	Random Encounter
31843	Raubahn, Bull of Ala Mhigo
31844	Reach the Horizon
31845	Red Mage's Rapier
31846	Relentless X-ATM092
31847	Relm's Sketching
31848	Reno and Rude
31849	Resentful Revelation
31850	Restoration Magic
31851	Retrieve the Esper
31852	Ride the Shoopuf
31853	Ring of the Lucii
31854	Rinoa Heartilly
31855	Rook Turret
31856	Rosa, Resolute White Mage
31857	Rufus Shinra
31858	Rydia's Return
31859	Rydia, Summoner of Mist
31860	Sabotender
31861	Sage's Nouliths
31862	Sahagin
31863	Samurai's Katana
31864	Sandworm
31865	Sazh Katzroy
31866	Sazh's Chocobo
31867	Scorpion Sentinel
31868	Seifer Almasy
31869	Self-Destruct
31870	Sephiroth's Intervention
31871	Sephiroth, Fabled SOLDIER // Sephiroth, One-Winged Angel
31872	Sephiroth, Planet's Heir
31873	Serah Farron // Crystallized Serah
31874	Seymour Flux
31875	Shambling Cie'th
31876	Shantotto, Tactician Magician
31877	Sharlayan, Nation of Scholars
31878	Shinra Reinforcements
31879	Sidequest: Card Collection // Magicked Card
31880	Sidequest: Catch a Fish // Cooking Campsite
31881	Sidequest: Hunt the Mark // Yiazmat, Ultimate Mark
31882	Sidequest: Play Blitzball // World Champion, Celestial Weapon
31883	Sidequest: Raise a Chocobo // Black Chocobo
31884	Sin, Spira's Punishment
31885	Slash of Light
31886	Sleep Magic
31887	Snow Villiers
31888	Sorceress's Schemes
31889	Squall, SeeD Mercenary
31890	Starting Town
31891	Stiltzkin, Moogle Merchant
31892	Stolen Uniform
31893	Stuck in Summoner's Sanctum
31894	Summon: Anima
31895	Summon: Bahamut
31896	Summon: Brynhildr
31897	Summon: Choco/Mog
31898	Summon: Esper Ramuh
31899	Summon: Fat Chocobo
31900	Summon: Fenrir
31901	Summon: G.F. Cerberus
31902	Summon: G.F. Ifrit
31903	Summon: Knights of Round
31904	Summon: Leviathan
31905	Summon: Primal Garuda
31906	Summon: Primal Odin
31907	Summon: Shiva
31908	Summon: Titan
31909	Summoner's Grimoire
31910	Suplex
31911	Swallowed by Leviathan
31912	Tellah, Great Sage
31913	Terra, Magical Adept // Esper Terra
31914	The Crystal's Chosen
31915	The Darkness Crystal
31916	The Earth Crystal
31917	The Emperor of Palamecia // The Lord Master of Hell
31918	The Final Days
31919	The Fire Crystal
31920	The Gold Saucer
31921	The Lunar Whale
31922	The Masamune
31923	The Prima Vista
31924	The Regalia
31925	The Wandering Minstrel
31926	The Water Crystal
31927	The Wind Crystal
31928	Thief's Knife
31929	Thunder Magic
31930	Tidus, Blitzball Star
31931	Tifa's Limit Break
31932	Tonberry
31933	Torgal, A Fine Hound
31934	Town Greeter
31935	Travel the Overworld
31936	Traveling Chocobo
31937	Treno, Dark City
31938	Triple Triad
31939	Ultima
31940	Ultima Weapon
31941	Ultima, Origin of Oblivion
31942	Ultimecia, Temporal Threat
31943	Ultimecia, Time Sorceress // Ultimecia, Omnipotent
31944	Ultros, Obnoxious Octopus
31945	Undercity Dire Rat
31946	Unexpected Request
31947	Vaan, Street Thief
31948	Valkyrie Aerial Unit
31949	Vanille, Cheerful l'Cie
31950	Vayne's Treachery
31951	Vector, Imperial Capital
31952	Venat, Heart of Hydaelyn // Hydaelyn, the Mothercrystal
31953	Vincent Valentine // Galian Beast
31954	Vincent's Limit Break
31955	Vivi Ornitier
31956	Warrior's Sword
31957	Weapons Vendor
31958	White Auracite
31959	White Mage's Staff
31960	Windurst, Federation Center
31961	World Map
31962	Xande, Dark Mage
31963	Y'shtola Rhul
31964	You're Not Alone
31965	Yuna, Hope of Spira
31966	Zack Fair
31967	Zanarkand, Ancient Metropolis // Lasting Fayth
31968	Zell Dincht
31969	Zenos yae Galvus // Shinryu, Transcendent Rival
31970	Zidane, Tantalus Thief
31971	Zodiark, Umbral God
31972	Advanced Tactics
31973	Blu, Mansion Prince
31974	Blue Screen of Death
31975	Brutal Command
31976	Chicago Loop
31977	Color Pie
31978	Devoted Abzan
31979	Devoted Jeskai
31980	Devoted Mardu
31981	Devoted Sultai
31982	Devoted Temur
31983	Dialogue Tree
31984	Fear of Forgetting Names
31985	Higher Level Zone Monster
31986	Mister Cheddar, Cheese Sliver
31987	Naming Screen
31988	New Magic Game Plus
31989	Out of Town
31990	Red and Black Legac
31991	Reverse Ninja
31992	Rideable Mantis
31993	Save Point
31994	Shen, Wish Granter
31995	Stormscale Wurm
31996	Surprise, Nerd!
31997	Tarkir Omenpath
31998	Tarkiran Towelsbane
31999	The Brewing Chef
32000	The Faction Dragon
32001	The Game-Changing Host
32002	The Herald of Numot
32003	The Misty Stepper
32004	The Mysterious Sphere
32005	The River Warlock
32006	The Vegetable Car
32007	Tragda, the Burner
32008	Twenty Lessons
32009	Vamping Vampire
32010	Yet Another Night in Vegas
32011	You and Ooze Army?
32012	You're Toast!
32013	Your Favorite Missing Character
32014	Amy Rose
32015	Dr. Eggman
32016	Knuckles the Echidna
32017	Miles "Tails" Prower
32018	Shadow the Hedgehog
32019	Sonic the Hedgehog
32020	Super State
32021	Katara, the Fearless
32022	Baloth Prime
32023	Depthshaker Titan
32024	Eumidian Hatchery
32025	Eumidian Wastewaker
32026	Evendo Brushrazer
32027	Exploration Broodship
32028	Festering Thicket
32029	Glittering Massif
32030	Hearthhull, the Worldseed
32031	Horizon Explorer
32032	Insight Engine
32033	Inspirit, Flagship Vessel
32034	Kilo, Apogee Mind
32035	Long-Range Sensor
32036	Moxite Refinery
32037	Patrolling Peacemaker
32038	Planetary Annihilation
32039	Radiant Summit
32040	Scouring Swarm
32041	Solar Array
32042	Surge Conductor
32043	Szarel, Genesis Shepherd
32044	Uthros Research Craft
32045	Vernal Fen
32046	Adagia, Windswept Bastion
32047	All-Fates Scroll
32048	All-Fates Stalker
32049	Alpharael, Dreaming Acolyte
32050	Alpharael, Stonechosen
32051	Anticausal Vestige
32052	Archenemy's Charm
32053	Astelli Reclaimer
32054	Atmospheric Greenhouse
32055	Atomic Microsizer
32056	Auxiliary Boosters
32057	Beamsaw Prospector
32058	Beyond the Quiet
32059	Bioengineered Future
32060	Biomechan Engineer
32061	Biosynthic Burst
32062	Biotech Specialist
32063	Blade of the Swarm
32064	Blooming Stinger
32065	Brightspear Zealot
32066	Broodguard Elite
32067	Bygone Colossus
32068	Cerebral Download
32069	Chorale of the Void
32070	Chrome Companion
32071	Close Encounter
32072	Cloudsculpt Technician
32073	Codecracker Hound
32074	Comet Crawler
32075	Command Bridge
32076	Consult the Star Charts
32077	Cosmogoyf
32078	Cosmogrand Zenith
32079	Cryogen Relic
32080	Cryoshatter
32081	Cut Propulsion
32082	Dark Endurance
32083	Dauntless Scrapbot
32084	Dawnsire, Sunstar Dreadnought
32085	Dawnstrike Vanguard
32086	Debris Field Crusher
32087	Decode Transmissions
32088	Depressurize
32089	Desculpting Blast
32090	Devastating Onslaught
32091	Diplomatic Relations
32092	Divert Disaster
32093	Dockworker Drone
32094	Drill Too Deep
32095	Drix Fatemaker
32096	Dual-Sun Adepts
32097	Dual-Sun Technique
32098	Dubious Delicacy
32099	Dyadrine, Synthesis Amalgam
32100	Edge Rover
32101	Elegy Acolyte
32102	Embrace Oblivion
32103	Emergency Eject
32104	Emissary Escort
32105	Entropic Battlecruiser
32106	Eumidian Terrabotanist
32107	Eusocial Engineering
32108	Evendo, Waking Haven
32109	Exalted Sunborn
32110	Exosuit Savior
32111	Extinguisher Battleship
32112	Faller's Faithful
32113	Famished Worldsire
32114	Fell Gravship
32115	Flight-Deck Coordinator
32116	Focus Fire
32117	Frenzied Baloth
32118	Frontline War-Rager
32119	Full Bore
32120	Fungal Colossus
32121	Galactic Wayfarer
32122	Galvanizing Sawship
32123	Gene Pollinator
32124	Genemorph Imago
32125	Germinating Wurm
32126	Gigastorm Titan
32127	Glacier Godmaw
32128	Gravblade Heavy
32129	Gravkill
32130	Gravpack Monoist
32131	Haliya, Ascendant Cadet
32132	Haliya, Guided by Light
32133	Hardlight Containment
32134	Harmonious Grovestrider
32135	Hemosymbic Mite
32136	Honor
32137	Honored Knight-Captain
32138	Hullcarver
32139	Hylderblade
32140	Hymn of the Faller
32141	Icecave Crasher
32142	Icetill Explorer
32143	Illvoi Galeblade
32144	Illvoi Infiltrator
32145	Illvoi Light Jammer
32146	Illvoi Operative
32147	Infinite Guideline Station
32148	Insatiable Skittermaw
32149	Interceptor Mechan
32150	Intrepid Tenderfoot
32151	Invasive Maneuvers
32152	Kav Landseeker
32153	Kavaron Harrier
32154	Kavaron Skywarden
32155	Kavaron Turbodrone
32156	Kavaron, Memorial World
32157	Knight Luminary
32158	Larval Scoutlander
32159	Lashwhip Predator
32160	Lightless Evangel
32161	Lightstall Inquisitor
32162	Lithobraking
32163	Loading Zone
32164	Lost in Space
32165	Lumen-Class Frigate
32166	Luxknight Breacher
32167	Mechan Assembler
32168	Mechan Navigator
32169	Mechan Shieldmate
32170	Mechanozoa
32171	Melded Moxite
32172	Meltstrider Eulogist
32173	Meltstrider's Gear
32174	Meltstrider's Resolve
32175	Memorial Team Leader
32176	Memorial Vault
32177	Mental Modulation
32178	Mightform Harmonizer
32179	Mm'menon, Uthros Exile
32180	Mm'menon, the Right Hand
32181	Molecular Modifier
32182	Monoist Circuit-Feeder
32183	Monoist Sentry
32184	Moonlit Meditation
32185	Mouth of the Storm
32186	Mutinous Massacre
32187	Nanoform Sentinel
32188	Nebula Dragon
32189	Nova Hellkite
32190	Nutrient Block
32191	Orbital Plunge
32192	Oreplate Pangolin
32193	Ouroboroid
32194	Pain for All
32195	Perigee Beckoner
32196	Pinnacle Emissary
32197	Pinnacle Kill-Ship
32198	Pinnacle Starcage
32199	Plasma Bolt
32200	Possibility Technician
32201	Pull Through the Weft
32202	Pulsar Squadron Ace
32203	Quantum Riddler
32204	Radiant Strike
32205	Ragost, Deft Gastronaut
32206	Rayblade Trooper
32207	Red Tiger Mechan
32208	Remnant Elemental
32209	Requiem Monolith
32210	Reroute Systems
32211	Rescue Skiff
32212	Rig for War
32213	Roving Actuator
32214	Ruinous Rampage
32215	Rust Harvester
32216	Sami's Curiosity
32217	Sami, Ship's Engineer
32218	Sami, Wildcat Captain
32219	Scour for Scrap
32220	Scout for Survivors
32221	Scrounge for Eternity
32222	Seam Rip
32223	Secluded Starforge
32224	Seedship Agrarian
32225	Seedship Broodtender
32226	Seedship Impact
32227	Selfcraft Mechan
32228	Shattered Wings
32229	Singularity Rupture
32230	Sinister Cryologist
32231	Skystinger
32232	Slagdrill Scrapper
32233	Sledge-Class Seedship
32234	Sothera, the Supervoid
32235	Space-Time Anomaly
32236	Specimen Freighter
32237	Squire's Lightblade
32238	Starbreach Whale
32239	Starfield Shepherd
32240	Starfield Vocalist
32241	Starfighter Pilot
32242	Starport Security
32243	Starwinder
32244	Station Monitor
32245	Steelswarm Operator
32246	Sunset Saboteur
32247	Sunstar Chaplain
32248	Sunstar Expansionist
32249	Sunstar Lightsmith
32250	Survey Mechan
32251	Susur Secundi, Void Altar
32252	Susurian Dirgecraft
32253	Susurian Voidborn
32254	Swarm Culler
32255	Synthesizer Labship
32256	Syr Vondam, Sunstar Exemplar
32257	Syr Vondam, the Lucent
32258	Systems Override
32259	Tannuk, Memorial Ensign
32260	Tannuk, Steadfast Second
32261	Tapestry Warden
32262	Temporal Intervention
32263	Terminal Velocity
32264	Terrapact Intimidator
32265	Terrasymbiosis
32266	Territorial Bruntar
32267	Tezzeret, Cruel Captain
32268	Thaumaton Torpedo
32269	Thawbringer
32270	The Dominion Bracelet
32271	The Endstone
32272	The Eternity Elevator
32273	The Seriema
32274	Thrumming Hivepool
32275	Timeline Culler
32276	Tractor Beam
32277	Tragic Trajectory
32278	Umbral Collar Zealot
32279	Unravel
32280	Uthros Psionicist
32281	Uthros Scanship
32282	Uthros, Titanic Godcore
32283	Vaultguard Trooper
32284	Virulent Silencer
32285	Voidforged Titan
32286	Vote Out
32287	Warmaker Gunship
32288	Weapons Manufacturing
32289	Wedgelight Rammer
32290	Weftblade Enhancer
32291	Weftstalker Ardent
32292	Weftwalking
32293	Wurmwall Sweeper
32294	Xu-Ifit, Osteoharmonist
32295	Zealous Display
32296	Zero Point Ballad
32297	Zookeeper Mechan
32298	Blustering Barnyard
32299	Efteekay, Flame of the Kav
32300	Frie, Displaced in Time
32301	Lander Rizzi
32302	Literal Delver of Secrets
32303	May the Mana Be with You
32304	Monet, Sensei of the Sewers
32305	Noyd, Keeper of the Void
32306	Pirk, Heroic Captain
32307	Saga of Krark Losing His Thumb
32308	Syx, Robot Overlord
32309	The Convention Enthusiast
32310	A-Sorin, Imperious Bloodlord
32311	Spaghetti Junction
32312	A-Cori-Steel Cutter
32313	Ambassador of Evendo
32314	Axavar, Fate Thief
32315	Brood Astronomer
32316	Candela, Aegis of Adagia
32317	Cantor of the Refrain
32318	Cloudsculpt Armorer
32319	Cosmic Sovereign
32320	Drix Interlacer
32321	Eumidian Lifeseed
32322	Gravitic Herald
32323	Hydroponics Architect
32324	Kavaron Consumed
32325	Machinist's Dismissal
32326	Mine Security
32327	Monoist Gravliner
32328	Mutable Pupa
32329	Network Marauder
32330	Prototype X-8
32331	Sliver Weftwinder
32332	Song of Point Prime
32333	Spirited Simulacrum
32334	Squadron Carrier
32335	Stoic Star-Captain
32336	Thendar, the Overminer
32337	Thought Partition
32338	Val, Marooned Surveyor
32339	Voidcalled Devotee
32340	Volatile Orbit
32341	Vv'viza, Orbital Overseer
32342	Worldweave
32343	Mr. Monopoly, On the Go
32344	Ormacar, Relic Wraith
32345	Peter Parker // Amazing Spider-Man
32346	Agent Venom
32347	Alien Symbiosis
32348	Amazing Acrobatics
32349	Angry Rabble
32350	Anti-Venom, Horrifying Healer
32351	Arachne, Psionic Weaver
32352	Araña, Heart of the Spider
32353	Aunt May
32354	Bagel and Schmear
32355	Beetle, Legacy Criminal
32356	Behold the Sinister Six!
32357	Biorganic Carapace
32358	Black Cat, Cunning Thief
32359	Carnage, Crimson Chaos
32360	Chameleon, Master of Disguise
32361	Cheering Crowd
32362	City Pigeon
32363	Common Crook
32364	Cosmic Spider-Man
32365	Costume Closet
32366	Daily Bugle Building
32367	Daily Bugle Reporters
32368	Damage Control Crew
32369	Doc Ock's Henchmen
32370	Doc Ock's Tentacles
32371	Doc Ock, Sinister Scientist
32372	Doctor Octopus, Master Planner
32373	Eddie Brock // Venom, Lethal Protector
32374	Eerie Gravestone
32375	Electro's Bolt
32376	Electro, Assaulting Battery
32377	Ezekiel Sims, Spider-Totem
32378	Flash Thompson, Spider-Fan
32379	Flying Octobot
32380	Friendly Neighborhood
32381	Gallant Citizen
32382	Green Goblin, Revenant
32383	Grow Extra Arms
32384	Guy in the Chair
32385	Gwen Stacy // Ghost-Spider
32386	Gwenom, Remorseless
32387	Heroes' Hangout
32388	Hide on the Ceiling
32389	Hobgoblin, Mantled Marauder
32390	Hot Dog Cart
32391	Hydro-Man, Fluid Felon
32392	Impostor Syndrome
32393	Inner Demons Gangsters
32394	Interdimensional Web Watch
32395	Iron Spider, Stark Upgrade
32396	Jackal, Genius Geneticist
32397	Kapow!
32398	Kraven the Hunter
32399	Kraven's Cats
32400	Kraven's Last Hunt
32401	Kraven, Proud Predator
32402	Lady Octopus, Inspired Inventor
32403	Living Brain, Mechanical Marvel
32404	Lizard, Connors's Curse
32405	Lurking Lizards
32406	Madame Web, Clairvoyant
32407	Mary Jane Watson
32408	Masked Meower
32409	Maximum Carnage
32410	Mechanical Mobster
32411	Merciless Enforcers
32412	Miles Morales // Ultimate Spider-Man
32413	Mister Negative
32414	Mob Lookout
32415	Molten Man, Inferno Incarnate
32416	Morbius the Living Vampire
32417	Morlun, Devourer of Spiders
32418	Multiversal Passage
32419	Mysterio's Phantasm
32420	Mysterio, Master of Illusion
32421	News Helicopter
32422	Norman Osborn // Green Goblin
32423	Ominous Asylum
32424	Origin of Spider-Man
32425	Oscorp Industries
32426	Oscorp Research Team
32427	Parker Luck
32428	Passenger Ferry
32429	Peter Parker's Camera
32430	Pictures of Spider-Man
32431	Prison Break
32432	Professional Wrestler
32433	Prowler, Clawed Thief
32434	Pumpkin Bombardment
32435	Radioactive Spider
32436	Raging Goblinoids
32437	Rent Is Due
32438	Rhino's Rampage
32439	Rhino, Barreling Brute
32440	Risky Research
32441	Robotics Mastery
32442	Rocket-Powered Goblin Glider
32443	Romantic Rendezvous
32444	SP//dr, Piloted by Peni
32445	Sandman's Quicksand
32446	Sandman, Shifting Scoundrel
32447	Savage Mansion
32448	Scarlet Spider, Ben Reilly
32449	Scarlet Spider, Kaine
32450	School Daze
32451	Scorpion's Sting
32452	Scorpion, Seething Striker
32453	Scout the City
32454	Secret Identity
32455	Selfless Police Captain
32456	Shadow of the Goblin
32457	Shocker, Unshakable
32458	Shriek, Treblemaker
32459	Silk, Web Weaver
32460	Silver Sable, Mercenary Leader
32461	Sinister Hideout
32462	Skyward Spider
32463	Spectacular Spider-Man
32464	Spectacular Tactics
32465	Spider Manifestation
32466	Spider-Bot
32467	Spider-Byte, Web Warden
32468	Spider-Girl, Legacy Hero
32469	Spider-Gwen, Free Spirit
32470	Spider-Ham, Peter Porker
32471	Spider-Islanders
32472	Spider-Man 2099
32473	Spider-Man India
32474	Spider-Man No More
32475	Spider-Man Noir
32476	Spider-Man, Brooklyn Visionary
32477	Spider-Man, Web-Slinger
32478	Spider-Mobile
32479	Spider-Punk
32480	Spider-Rex, Daring Dino
32481	Spider-Sense
32482	Spider-Slayer, Hatred Honed
32483	Spider-Suit
32484	Spider-UK
32485	Spider-Verse
32486	Spider-Woman, Stunning Savior
32487	Spiders-Man, Heroic Horde
32488	Spinneret and Spiderling
32489	Starling, Aerial Ally
32490	Steel Wrecking Ball
32491	Stegron the Dinosaur Man
32492	Strength of Will
32493	Suburban Sanctuary
32494	Subway Train
32495	Sudden Strike
32496	Sun-Spider, Nimble Webber
32497	Superior Foes of Spider-Man
32498	Superior Spider-Man
32499	Supportive Parents
32500	Swarm, Being of Bees
32501	Symbiote Spider-Man
32502	Taxi Driver
32503	Terrific Team-Up
32504	The Clone Saga
32505	The Death of Gwen Stacy
32506	The Soul Stone
32507	The Spot's Portal
32508	The Spot, Living Portal
32509	Thwip!
32510	Tombstone, Career Criminal
32511	Ultimate Green Goblin
32512	University Campus
32513	Unstable Experiment
32514	Urban Retreat
32515	Venom's Hunger
32516	Venom, Evil Unleashed
32517	Venomized Cat
32518	Vibrant Cityscape
32519	Villainous Wrath
32520	Vulture, Scheming Scavenger
32521	Wall Crawl
32522	Web Up
32523	Web of Life and Destiny
32524	Web-Shooters
32525	Web-Warriors
32526	Whoosh!
32527	Wild Pack Squad
32528	Wisecrack
32529	With Great Power . . .
32530	Wraith, Vicious Vigilante
32531	Sokka, Bold Boomeranger
32532	Alchemax Slayer-Bots
32533	Amateur Hero
32534	Amazing Alliance
32535	Doc Ock, Evil Inventor
32536	Double Trouble
32537	Future Flight
32538	Ghost-Spider, Gwen Stacy
32539	Grasping Tentacles
32540	Green Goblin, Nemesis
32541	Grendel, Spawn of Knull
32542	Lethal Protection
32543	Lyla, Holographic Assistant
32544	MJ, Rising Star
32545	Prowler, Misguided Mentor
32546	Pumpkin Bombs
32547	Rampaging Classmate
32548	Sensational Spider-Man
32549	Spider-Man 2099, Miguel O'Hara
32550	Spider-Man, Miles Morales
32551	Spider-Man, Peter Parker
32552	Symbiote Spawn
32553	The Mary Janes
32554	Twisted Spider-Clone
32555	Venom Blast
32556	Venom, Deadly Devourer
32557	Venom, Eddie Brock
32558	17-Year Cicadas
32559	A-Town
32560	Brave Falconhawk
32561	Falko, Showoff Pilot
32562	Fear of Fear Itself
32563	Joraga Peach
32564	Lord of Atlanta
32565	Monster Mash-Up
32566	The Charitable Drafter
32567	The Commander Recommender
32568	The Octopus Official
32569	The Policy Maker
32570	The Snapstone Wielder
32571	The Traveling Postman
32572	The Vast Scrier
32573	The Waffle Restaurant
32574	Jaws, Relentless Predator
32575	Abby, Merciless Soldier
32576	Aloy, Savior of Meridian
32577	Atreus, Impulsive Son
32578	Ellie, Brick Master
32579	Ellie, Vengeful Hunter
32580	Jin Sakai, Ghost of Tsushima
32581	Joel, Resolute Survivor
32582	Kratos, God of War
32583	Kratos, Stoic Father
32584	Nathan Drake, Treasure Hunter
32585	Teferi's Ageless Insight // Teferi's Ageless Insight
32586	A-Vivi Ornitier
32587	Gran-Gran
32588	Unlucky Cabbage Merchant
32589	Cheer
32590	Aang, Air Nomad
32591	Iroh, Grand Lotus
32592	Aang's Iceberg
32593	Aang, Swift Savior // Aang and La, Ocean's Fury
32594	Aang, at the Crossroads // Aang, Destined Savior
32595	Abandoned Air Temple
32596	Agna Qel'a
32597	Airbender Ascension
32598	Appa, Steadfast Guardian
32599	Avatar Aang // Aang, Master of Elements
32600	Avatar Destiny
32601	Avatar's Wrath
32602	Azula, Cunning Usurper
32603	Ba Sing Se
32604	Badgermole Cub
32605	Beifong's Bounty Hunters
32606	Boiling Rock Rioter
32607	Bumi, Unleashed
32608	Day of Black Sun
32609	Diligent Zookeeper
32610	Earth King's Lieutenant
32611	Earthbender Ascension
32612	Earthen Ally
32613	Elemental Teachings
32614	Fated Firepower
32615	Fire Lord Azula
32616	Fire Lord Zuko
32617	Fire Nation Palace
32618	Firebender Ascension
32619	Firebending Student
32620	Foggy Swamp Visions
32621	Great Divide Guide
32622	Hakoda, Selfless Commander
32623	Iroh, Tea Master
32624	Jasmine Dragon Tea Shop
32625	Katara, Water Tribe's Hope
32626	Koh, the Face Stealer
32627	Mai, Scornful Striker
32628	Momo, Friendly Flier
32629	Obsessive Pursuit
32630	Ozai, the Phoenix King
32631	Phoenix Fleet Airship
32632	Planetarium of Wan Shi Tong
32633	Ran and Shaw
32634	Raven Eagle
32635	Realm of Koh
32636	Redirect Lightning
32637	Sandbender Scavengers
32638	Secret Tunnel
32639	Secret of Bloodbending
32640	Sokka, Tenacious Tactician
32641	South Pole Voyager
32642	Sozin's Comet
32643	Spirit Water Revival
32644	Suki, Courageous Rescuer
32645	The Earth King
32646	The Fire Nation Drill
32647	The Last Agni Kai
32648	The Legend of Kuruk // Avatar Kuruk
32649	The Legend of Kyoshi // Avatar Kyoshi
32650	The Legend of Roku // Avatar Roku
32651	The Legend of Yangchen // Avatar Yangchen
32652	The Lion-Turtle
32653	The Mechanist, Aerial Artisan
32654	The Rise of Sozin // Fire Lord Sozin
32655	The Unagi of Kyoshi Island
32656	The Walls of Ba Sing Se
32657	Tiger-Seal
32658	Toph, Hardheaded Teacher
32659	Toph, the First Metalbender
32660	Ty Lee, Chi Blocker
32661	United Front
32662	Wan Shi Tong, Librarian
32663	Wartime Protestors
32664	Waterbender Ascension
32665	White Lotus Tile
32666	Yue, the Moon Spirit
32667	Zhao, the Moon Slayer
32668	Zuko, Conflicted
32669	Aang's Journey
32670	Aang, the Last Airbender
32671	Abandon Attachments
32672	Accumulate Wisdom
32673	Air Nomad Legacy
32674	Airbender's Reversal
32675	Airbending Lesson
32676	Airship Engine Room
32677	Allies at Last
32678	Appa, Loyal Sky Bison
32679	Avatar Enthusiasts
32680	Azula Always Lies
32681	Azula, On the Hunt
32682	Badgermole
32683	Barrels of Blasting Jelly
32684	Beetle-Headed Merchants
32685	Bender's Waterskin
32686	Benevolent River Spirit
32687	Bitter Work
32688	Boar-q-pine
32689	Boiling Rock Prison
32690	Boomerang Basics
32691	Bumi Bash
32692	Bumi, King of Three Trials
32693	Buzzard-Wasp Colony
32694	Callous Inspector
32695	Canyon Crawler
32696	Cat-Gator
32697	Cat-Owl
32698	Combustion Man
32699	Combustion Technique
32700	Compassionate Healer
32701	Crashing Wave
32702	Crescent Island Temple
32703	Cruel Administrator
32704	Cunning Maneuver
32705	Curious Farm Animals
32706	Cycle of Renewal
32707	Dai Li Agents
32708	Dai Li Indoctrination
32709	Deadly Precision
32710	Deserter's Disciple
32711	Destined Confrontation
32712	Dragonfly Swarm
32713	Earth Kingdom General
32714	Earth Kingdom Jailer
32715	Earth Kingdom Protectors
32716	Earth Kingdom Soldier
32717	Earth Rumble
32718	Earth Rumble Wrestlers
32719	Earth Village Ruffians
32720	Earthbending Lesson
32721	Ember Island Production
32722	Energybending
32723	Enter the Avatar State
32724	Fancy Footwork
32725	Fatal Fissure
32726	Fire Nation Attacks
32727	Fire Nation Cadets
32728	Fire Nation Engineer
32729	Fire Nation Raider
32730	Fire Nation Warship
32731	Fire Navy Trebuchet
32732	Fire Sages
32733	Firebending Lesson
32734	First-Time Flyer
32735	Flexible Waterbender
32736	Flopsie, Bumi's Buddy
32737	Foggy Bottom Swamp
32738	Foggy Swamp Hunters
32739	Foggy Swamp Spirit Keeper
32740	Foggy Swamp Vinebender
32741	Forecasting Fortune Teller
32742	Gather the White Lotus
32743	Geyser Leaper
32744	Giant Koi
32745	Glider Kids
32746	Glider Staff
32747	Guru Pathik
32748	Hama, the Bloodbender
32749	Haru, Hidden Talent
32750	Hei Bai, Spirit of Balance
32751	Hermitic Herbalist
32752	Hog-Monkey
32753	Honest Work
32754	How to Start a Riot
32755	Iguana Parrot
32756	Invasion Reinforcements
32757	Invasion Submersible
32758	Invasion Tactics
32759	Iroh's Demonstration
32760	It'll Quench Ya!
32761	Jeong Jeong's Deserters
32762	Jeong Jeong, the Deserter
32763	Jet's Brainwashing
32764	Jet, Freedom Fighter
32765	Joo Dee, One of Many
32766	June, Bounty Hunter
32767	Katara, Bending Prodigy
32768	Knowledge Seeker
32769	Kyoshi Battle Fan
32770	Kyoshi Island Plaza
32771	Kyoshi Village
32772	Kyoshi Warriors
32773	Leaves from the Vine
32774	Lo and Li, Twin Tutors
32775	Long Feng, Grand Secretariat
32776	Lost Days
32777	Mai, Jaded Edge
32778	Master Pakku
32779	Master Piandao
32780	Meditation Pools
32781	Merchant of Many Hats
32782	Messenger Hawk
32783	Meteor Sword
32784	Misty Palms Oasis
32785	Momo, Playful Pet
32786	Mongoose Lizard
32787	North Pole Gates
32788	North Pole Patrol
32789	Northern Air Temple
32790	Octopus Form
32791	Omashu City
32792	Origin of Metalbending
32793	Ostrich-Horse
32794	Otter-Penguin
32795	Ozai's Cruelty
32796	Path to Redemption
32797	Pillar Launch
32798	Pirate Peddlers
32799	Platypus-Bear
32800	Pretending Poxbearers
32801	Price of Freedom
32802	Professor Zei, Anthropologist
32803	Rabaroo Troop
32804	Raucous Audience
32805	Razor Rings
32806	Rebellious Captives
32807	Rockalanche
32808	Rocky Rebuke
32809	Rough Rhino Cavalry
32810	Rowdy Snowballers
32811	Ruinous Waterbending
32812	Rumble Arena
32813	Saber-Tooth Moose-Lion
32814	Sandbenders' Storm
32815	Seismic Sense
32816	Serpent of the Pass
32817	Serpent's Pass
32818	Shared Roots
32819	Sokka's Haiku
32820	Sokka, Lateral Strategist
32821	Sold Out
32822	Solstice Revelations
32823	Southern Air Temple
32824	Sparring Dummy
32825	Suki, Kyoshi Warrior
32826	Sun Warriors
32827	Sun-Blessed Peak
32828	Swampsnare Trap
32829	Team Avatar
32830	Teo, Spirited Glider
32831	The Boulder, Ready to Rumble
32832	The Cave of Two Lovers
32833	The Spirit Oasis
32834	Tiger-Dillo
32835	Tolls of War
32836	Toph, the Blind Bandit
32837	Treetop Freedom Fighters
32838	True Ancestry
32839	Trusty Boomerang
32840	Tundra Tank
32841	Turtle-Duck
32842	Twin Blades
32843	Ty Lee, Artful Acrobat
32844	Uncle Iroh
32845	Vengeful Villagers
32846	Vindictive Warden
32847	Walltop Sentries
32848	Wandering Musicians
32849	War Balloon
32850	Water Tribe Captain
32851	Water Tribe Rallier
32852	Waterbending Lesson
32853	Waterbending Scroll
32854	Watery Grasp
32855	White Lotus Hideout
32856	White Lotus Reinforcements
32857	Wolfbat
32858	Yip Yip!
32859	Yuyan Archers
32860	Zhao, Ruthless Admiral
32861	Zuko's Conviction
32862	Zuko's Exile
32863	Zuko, Exiled Prince
32864	Aang and Katara
32865	Aang's Defense
32866	Aang, A Lot to Learn
32867	Aang, Airbending Master
32868	Aardvark Sloth
32869	Air Nomad Student
32870	Allied Teamwork
32871	Animal Attendant
32872	Appa, Aang's Companion
32873	Appa, the Vigilant
32874	Avatar Kyoshi, Earthbender
32875	Avatar Roku, Firebender
32876	Azula, Ruthless Firebender
32877	Baboon Spirit
32878	Bison Whistle
32879	Bosco, Just a Bear
32880	Bumi's Feast Lecture
32881	Bumi, Eclectic Earthbender
32882	Capital Guard
32883	Chakra Meditation
32884	Chong and Lily, Nomads
32885	Cracked Earth Technique
32886	Creeping Crystal Coating
32887	Crystalline Armor
32888	Dai Li Censor
32889	Deer-Dog
32890	Deny Entry
32891	Desperate Plea
32892	Dragon Moose
32893	Dutiful Knowledge Seeker
32894	Earthbending Student
32895	Earthshape
32896	Eel-Hounds
32897	Elephant-Mandrill
32898	Elephant-Rat
32899	Explosive Shot
32900	Fang, Roku's Companion
32901	Fire Lord Ozai
32902	Fire Nation Ambushers
32903	Fire Nation Archers
32904	Fire Nation Occupation
32905	Fire Nation Salvagers
32906	Fire Nation Sentinels
32907	Fire Nation Soldier
32908	Fire Nation Turret
32909	Fire Nation's Conquest
32910	Flying Dolphin-Fish
32911	Founding of Omashu
32912	Frantic Confrontation
32913	Freedom Fighter Recruit
32914	Frog-Squirrels
32915	Giant Fly
32916	Gilacorn
32917	Hei Bai, Forest Guardian
32918	Hippo-Cows
32919	Hog-Monkey Rampage
32920	Hook Swords
32921	Inspired Insurgent
32922	Iroh, Dragon of the West
32923	Iroh, Firebending Instructor
32924	Jet, Rebel Leader
32925	Katara's Reversal
32926	Katara, Heroic Healer
32927	Katara, Seeking Revenge
32928	Katara, Waterbending Master
32929	Kindly Customer
32930	Koala-Sheep
32931	Komodo Rhino
32932	Kyoshi Warrior Exemplars
32933	Kyoshi Warrior Guard
32934	Lion Vulture
32935	Lo and Li, Royal Advisors
32936	Longshot, Rebel Bowman
32937	Lost in Memories
32938	Lost in the Spirit World
32939	Loyal Fire Sage
32940	Mai and Zuko
32941	Master's Guidance
32942	Match the Odds
32943	Mechanical Glider
32944	Moku, Meandering Drummer
32945	Momo's Heist
32946	Momo, Rambunctious Rascal
32947	Monk Gyatso
32948	Nightmares and Daydreams
32949	Nyla, Shirshu Sleuth
32950	Overwhelming Victory
32951	Pipsqueak, Rebel Strongarm
32952	Princess Yue
32953	Purple Pentapus
32954	Reckless Blaze
32955	Roku's Mastery
32956	Ruthless Waterbender
32957	Scarring Memories
32958	Seismic Tutelage
32959	Sledding Otter-Penguin
32960	Smellerbee, Rebel Fighter
32961	Sokka and Suki
32962	Sokka's Charge
32963	Sokka's Sword Training
32964	Sokka, Swordmaster
32965	Sokka, Wolf Cove's Protector
32966	Solid Ground
32967	Stand United
32968	Storm of Memories
32969	Suki, Kyoshi Captain
32970	Swampbenders
32971	Tale of Katara and Toph
32972	Tale of Momo
32973	Tectonic Split
32974	That's Rough Buddy
32975	The Art of Tea
32976	The Blue Spirit
32977	The Cabbage Merchant
32978	The Duke, Rebel Sentry
32979	The Terror of Serpent's Pass
32980	Toph, Earthbending Master
32981	Toph, Greatest Earthbender
32982	Toucan-Puffin
32983	Tui and La, Moon and Ocean
32984	Tundra Wall
32985	Turtle-Seals
32986	Unagi's Spray
32987	Uncle's Musings
32988	Wan Shi Tong, All-Knowing
32989	Warship Scout
32990	Water Whip
32991	Waterbender's Restoration
32992	Whirlwind Technique
32993	Wolf Cove Villager
32994	Zhao, the Seething Flame
32995	Zuko's Offense
32996	Zuko, Avatar Hunter
32997	Zuko, Firebending Master
32998	Zuko, Seeking Honor
32999	Amarant Coral
33000	Brilliant Wings
33001	Campsite Cuisine
33002	Chaos Shrine's Black Crystal
33003	Chocobo Camp
33004	Duelist's Flame
33005	Edea, Possessed Sorceress
33006	Fated Clash
33007	Fishing Gear
33008	Flash Photography
33009	Garland, Royal Kidnapper
33010	Judgment of Alexander
33011	Mega Flare
33012	Noctis, Heir Apparent
33013	Rinoa, Angel Wing
33014	Search for Dagger
33015	Seifer, Balamb Rival
33016	Squall, Gunblade Duelist
33017	The Destined Black Mage
33018	The Destined Thief
33019	The Destined Warrior
33020	The Destined White Mage
33021	Vivi's Persistence
33022	Warrior's Resolve
33023	Courier of Comestibles
33024	Spicy Oatmeal Pizza
33025	Aberrant Return
33026	Abundant Countryside
33027	Ashling, the Limitless
33028	Auntie Ool, Cursewretch
33029	Belonging
33030	Dread Tiller
33031	Elemental Spectacle
33032	Eventide's Shadow
33033	Ferrafor, Young Yew
33034	Grave Venerations
33035	Impulsivity
33036	Jubilation
33037	Lamentation
33038	Mass of Mysteries
33039	Oft-Nabbed Goat
33040	Puca's Covenant
33041	Rain-Slicked Copse
33042	Sinister Gnarlbark
33043	Sodden Verdure
33044	Springleaf Parade
33045	Subterfuge
33046	The Reaper, King No More
33047	Village Pillagers
33048	Wickersmith's Tools
33049	Abigale, Eloquent First-Year
33050	Adept Watershaper
33051	Ajani, Outland Chaperone
33052	Appeal to Eirdu
33053	Aquitect's Defenses
33054	Ashling's Command
33055	Ashling, Rekindled // Ashling, Rimebound
33056	Assert Perfection
33057	Auntie's Sentence
33058	Aurora Awakener
33059	Barbed Bloodletter
33060	Bark of Doran
33061	Bile-Vial Boggart
33062	Bitterbloom Bearer
33063	Blight Rot
33064	Blighted Blackthorn
33065	Blood Crypt // Blood Crypt
33066	Bloodline Bidding
33067	Blossombind
33068	Boggart Cursecrafter
33069	Boggart Mischief
33070	Boggart Prankster
33071	Bogslither's Embrace
33072	Boldwyr Aggressor
33073	Boneclub Berserker
33074	Boulder Dash
33075	Brambleback Brute
33076	Bre of Clan Stoutarm
33077	Brigid's Command
33078	Brigid, Clachan's Heart // Brigid, Doun's Mind
33079	Bristlebane Battler
33080	Bristlebane Outrider
33081	Burdened Stoneback
33082	Burning Curiosity
33083	Catharsis
33084	Celestial Reunion
33085	Champion of the Clachan
33086	Champion of the Path
33087	Champion of the Weird
33088	Champions of the Perfect
33089	Champions of the Shoal
33090	Changeling Wayfinder
33091	Chaos Spewer
33092	Chitinous Graspling
33093	Chomping Changeling
33094	Chronicle of Victory
33095	Cinder Strike
33096	Clachan Festival
33097	Collective Inferno
33098	Creakwood Safewright
33099	Crossroads Watcher
33100	Curious Colossus
33101	Darkness Descends
33102	Dawn's Light Archer
33103	Dawn-Blessed Pennant
33104	Dawnhand Dissident
33105	Dawnhand Eulogist
33106	Deceit
33107	Deepchannel Duelist
33108	Deepway Navigator
33109	Disruptor of Currents
33110	Doran, Besieged by Time
33111	Dose of Dawnglow
33112	Dream Harvest
33113	Dream Seizer
33114	Dundoolin Weaver
33115	Eclipsed Boggart
33116	Eclipsed Elf
33117	Eclipsed Flamekin
33118	Eclipsed Kithkin
33119	Eclipsed Merrow
33120	Eclipsed Realms
33121	Eirdu, Carrier of Dawn // Isilu, Carrier of Twilight
33122	Elder Auntie
33123	Emptiness
33124	Encumbered Reejerey
33125	End-Blaze Epiphany
33126	Enraged Flamecaster
33127	Evershrike's Gift
33128	Explosive Prodigy
33129	Feed the Flames
33130	Feisty Spikeling
33131	Figure of Fable
33132	Firdoch Core
33133	Flame-Chain Mauler
33134	Flamebraider
33135	Flamekin Gildweaver
33136	Flaring Cinder
33137	Flitterwing Nuisance
33138	Flock Impostor
33139	Foraging Wickermaw
33140	Formidable Speaker
33141	Gallant Fowlknight
33142	Gangly Stompling
33143	Gathering Stone
33144	Giantfall
33145	Gilt-Leaf's Embrace
33146	Glamer Gifter
33147	Glamermite
33148	Glen Elendra Guardian
33149	Glen Elendra's Answer
33150	Glister Bairn
33151	Gloom Ripper
33152	Gnarlbark Elm
33153	Goldmeadow Nomad
33154	Goliath Daydreamer
33155	Gravelgill Scoundrel
33156	Great Forest Druid
33157	Gristle Glutton
33158	Grub's Command
33159	Grub, Storied Matriarch // Grub, Notorious Auntie
33160	Gutsplitter Gang
33161	Hallowed Fountain // Hallowed Fountain
33162	Harmonized Crescendo
33163	Heirloom Auntie
33164	Hexing Squelcher
33165	High Perfect Morcant
33166	Hovel Hurler
33167	Illusion Spinners
33168	Impolite Entrance
33169	Iron-Shield Elf
33170	Keep Out
33171	Kinbinding
33172	Kindle the Inner Flame
33173	Kinsbaile Aspirant
33174	Kinscaer Sentry
33175	Kirol, Attentive First-Year
33176	Kithkeeper
33177	Kulrath Mystic
33178	Kulrath Zealot
33179	Lasting Tarfire
33180	Lavaleaper
33181	Liminal Hold
33182	Lluwen, Imperfect Naturalist
33183	Loch Mare
33184	Lofty Dreams
33185	Luminollusk
33186	Lys Alana Dignitary
33187	Lys Alana Informant
33188	Maralen, Fae Ascendant
33189	Meanders Guide
33190	Meek Attack
33191	Merrow Skyswimmer
33192	Midnight Tilling
33193	Mirrorform
33194	Mirrormind Crown
33195	Mischievous Sneakling
33196	Mistmeadow Council
33197	Moon-Vigil Adherents
33198	Moonglove Extractor
33199	Moonlit Lamenter
33200	Moonshadow
33201	Morcant's Eyes
33202	Morcant's Loyalist
33203	Morningtide's Light
33204	Mornsong Aria
33205	Mudbutton Cursetosser
33206	Mutable Explorer
33207	Nightmare Sower
33208	Noggle Robber
33209	Noggle the Mind
33210	Oko, Lorwyn Liege // Oko, Shadowmoor Scion
33211	Omni-Changeling
33212	Overgrown Tomb // Overgrown Tomb
33213	Perfect Intimidation
33214	Personify
33215	Pestered Wellguard
33216	Pitiless Fists
33217	Prideful Feastling
33218	Prismabasher
33219	Prismatic Undercurrents
33220	Protective Response
33221	Puca's Eye
33222	Pummeler for Hire
33223	Pyrrhic Strike
33224	Raiding Schemes
33225	Reaping Willow
33226	Reckless Ransacking
33227	Reluctant Dounguard
33228	Requiting Hex
33229	Retched Wretch
33230	Rhys, the Evermore
33231	Rime Chill
33232	Rimefire Torque
33233	Rimekin Recluse
33234	Riverguard's Reflexes
33235	Rooftop Percher
33236	Safewright Cavalry
33237	Sanar, Innovative First-Year
33238	Sapling Nursery
33239	Scarblade Scout
33240	Scarblade's Malice
33241	Scuzzback Scrounger
33242	Sear
33243	Selfless Safewright
33244	Shadow Urchin
33245	Shimmercreep
33246	Shimmerwilds Growth
33247	Shinestriker
33248	Shore Lurker
33249	Silvergill Mentor
33250	Silvergill Peddler
33251	Sizzling Changeling
33252	Slumbering Walker
33253	Soul Immolation
33254	Soulbright Seeker
33255	Sourbread Auntie
33256	Spinerock Tyrant
33257	Spiral into Solitude
33258	Spry and Mighty
33259	Squawkroaster
33260	Stalactite Dagger
33261	Steam Vents // Steam Vents
33262	Sting-Slinger
33263	Stoic Grove-Guide
33264	Stratosoarer
33265	Summit Sentinel
33266	Sun-Dappled Celebrant
33267	Sunderflock
33268	Surly Farrier
33269	Swat Away
33270	Sygg's Command
33271	Sygg, Wanderwine Wisdom // Sygg, Wanderbrine Shield
33272	Tam, Mindful First-Year
33273	Tanufel Rimespeaker
33274	Taster of Wares
33275	Temple Garden // Temple Garden
33276	Tend the Sprigs
33277	Thirst for Identity
33278	Thoughtweft Charge
33279	Thoughtweft Imbuer
33280	Thoughtweft Lieutenant
33281	Timid Shieldbearer
33282	Tributary Vaulter
33283	Trystan's Command
33284	Trystan, Callous Cultivator // Trystan, Penitent Culler
33285	Tweeze
33286	Twilight Diviner
33287	Twinflame Travelers
33288	Unbury
33289	Unexpected Assistance
33290	Unforgiving Aim
33291	Unwelcome Sprite
33292	Vibrance
33293	Vinebred Brawler
33294	Virulent Emissary
33295	Voracious Tome-Skimmer
33296	Wanderbrine Preacher
33297	Wanderbrine Trapper
33298	Wanderwine Distracter
33299	Wanderwine Farewell
33300	Warren Torchmaster
33301	Wary Farmer
33302	Wild Unraveling
33303	Wildvine Pummeler
33304	Winnowing
33305	Wistfulness
33306	Lucy MacLean, Positively Armed
33307	Maximus, Knight Apparent
33308	The Ghoul, Gunslinger
33309	Adaptive Armorer
33310	Adherent's Heirloom
33311	Aquatic Subtlety
33312	Blighted Nightmare
33313	Circadian Struggle
33314	Craterous Stomp
33315	Current Curriculum
33316	Echoing Cavern
33317	Elvish Elegy
33318	Gilt-Leaf Alchemist
33319	Infestation
33320	Kithkin Brinefarer
33321	Limitless Rekindling
33322	Opulent Clomper
33323	Oura, the Imitator
33324	Pep, Raucous Raider
33325	Perennial Gravewarden
33326	Preponderant Pearl
33327	Providence of Night
33328	Putrid Hexhag
33329	Reflective Rimekin
33330	Salacinder and Soot, Rascals
33331	Tend to the Kiln
33332	The Grand Goatnapper
33333	Thorna and Twigtooth
33334	Thoughtsteal Sprites
33335	Thoughtweft's Call
33336	Topsoil Turner
33337	Volatile Rift
33338	Wildgrove Summoner
33339	A-Kona, Rescue Beastie
33340	Super Shredder
33341	April O'Neil, Human Element
33342	April O'Neil, Live on the Scene
33343	Arcade Cabinet
33344	Baxter, Fly in the Ointment
33345	Bebop, Skull & Crossbones
33346	Big Apple, 3 a.m.
33347	Big Mother Mouser
33348	Casey & Raph, Hotheads
33349	Casey Jones, Asphalt Hooligan
33350	Casey Jones, Back Alley Brute
33351	Coin of Mastery
33352	Containment Protocol
33353	Continue?
33354	Definitely Not a Turtle
33355	Dimension X Pizzasaur
33356	Donatello's Science Lesson
33357	Donatello, Rad Scientist
33358	Donatello, the Brains
33359	Donnie & April, Adorkable Duo
33360	Double Jump // Flying Kick
33361	Electric Seaweed
33362	Endless Foot Assault
33363	Exploding Barrel
33364	Fast Forward
33365	Foe-liage
33366	Foot Chopper
33367	Game Over
33368	Hamato Ninpō
33369	Here Comes a New Hero!
33370	Heroes in a Half Shell
33371	Hidden Hideout
33372	High Score
33373	Irma, Part-Time Mutant
33374	Krang, the All-Powerful
33375	Leatherhead, Iron Gator
33376	Leo's Guidance
33377	Leonardo, Worldly Warrior
33378	Leonardo, the Balance
33379	Level Up
33380	Manhole Cover
33381	Michelangelo, On the Scene
33382	Michelangelo, the Heart
33383	Mikey & Mona, Mutant Sitters
33384	Mole Module
33385	Mona Lisa, Ever Adaptable
33386	Monster Mashup
33387	Ninja Pizza
33388	Prehistoric Turtlesaurus
33389	Raph's Bravado
33390	Raphael, Tag Team Tough
33391	Raphael, the Muscle
33392	Rat King, Pale Piper
33393	Ray Fillet, Wave Warrior
33394	Roadkill Rodney
33395	Rocksteady, Mutant Marauder
33396	Shellshock
33397	Shredder, Shadow Master
33398	Special Move
33399	Splinter & Leo, Father & Son
33400	Splinter, Aging Champion
33401	Splinter, the Mentor
33402	Storm of Steel
33403	Study the Classics
33404	Super Combo
33405	Swift Demise
33406	Tempestra, Dame of Games
33407	Ticked Off
33408	Tokka & Rahzar, Unsupervised
33409	Triceraton Regenta
33410	Turtle Tracks
33411	Utrom Monitor
33412	Wooden Cane
33413	Action News Crew
33414	Agent Bishop, Man in Black
33415	Anchovy & Banana Pizza
33416	April O'Neil, Hacktivist
33417	April O'Neil, Kunoichi Trainee
33418	April, Reporter of the Weird
33419	Armaggon, Future Shark
33420	Baxter Stockman
33421	Bebop & Rocksteady
33422	Bebop, Warthog Warrior
33423	Bespoke Bō
33424	Bot Bashing Time
33425	Brilliance Unleashed
33426	Broadcast Takeover
33427	Buzz Bots
33428	Casey Jones, Jury-Rig Justiciar
33429	Casey Jones, Vigilante
33430	Chrome Dome
33431	Cool but Rude
33432	Cowabunga!
33433	Crustacean Commando
33434	Dark Leo & Shredder
33435	Death in the Family
33436	Dimension X
33437	Dimensional Exile
33438	Does Machines
33439	Don & Leo, Problem Solvers
33440	Don & Raph, Hard Science
33441	Donatello's Technique
33442	Donatello, Gadget Master
33443	Donatello, Mutant Mechanic
33444	Donatello, Turtle Techie
33445	Donatello, Way with Machines
33446	Dream Beavers
33447	EPF Point Squad
33448	East Wind Avatar
33449	Everything Pizza
33450	Featherbrained Filcher
33451	Foot Elite
33452	Foot Headquarters
33453	Foot Mystic
33454	Foot Ninjas
33455	Frog Butler
33456	Fugitive Droid
33457	General Traag, Heart of Stone
33458	Genghis Frog
33459	Go Ninja Go
33460	Groundchuck & Dirtbag
33461	Grounded for Life
33462	Guac & Marshmallow Pizza
33463	Hamato Guardian Stance
33464	Hard-Won Jitte
33465	Henchbots
33466	High-Flying Ace
33467	Ice Cream Kitty
33468	Illegitimate Business
33469	Improvised Arsenal
33470	Insectoid Exterminator
33471	Jennika's Technique
33472	Jennika, Bad Apple Big Sister
33473	Karai's Technique
33474	Karai, Future of the Foot
33475	Kitsune's Technique
33476	Kitsune, Dragon's Daughter
33477	Koya, Death from Above
33478	Krang & Shredder
33479	Krang, Master Mind
33480	Krang, Utrom Warlord
33481	Leader's Talent
33482	Leatherhead, Swamp Stalker
33483	Leonardo's Technique
33484	Leonardo, Big Brother
33485	Leonardo, Cutting Edge
33486	Leonardo, Leader in Blue
33487	Leonardo, Sewer Samurai
33488	Lessons from Life
33489	Lita, Little Orphan Amphibian
33490	Lord Dregg, Insect Invader
33491	Madame Null, Power Broker
33492	Manhole Missile
33493	Mechanized Ninja Cavalry
33494	Metalhead
33495	Michelangelo's Technique
33496	Michelangelo, Game Master
33497	Michelangelo, Improviser
33498	Michelangelo, Mutant BFF
33499	Michelangelo, Weirdness to 11
33500	Mighty Mutanimals
33501	Mikey & Don, Party Planners
33502	Mikey & Leo, Chaos & Order
33503	Mind Transfer Protocol
33504	Mona Lisa, Science Geek
33505	Mondo Gecko
33506	Mouser Attack!
33507	Mouser Foundry
33508	Mouser Mark III
33509	Mutagen Man, Living Ooze
33510	Mutant Chain Reaction
33511	Mutant Town
33512	Mutant Town Musicians
33513	New Generation's Technique
33514	Ninja Teen
33515	Nobody
33516	North Wind Avatar
33517	Northampton Farm
33518	Novel Nunchaku
33519	Null Group Biological Assets
33520	Old Hob, Alleycat Blues
33521	Omni-Cheese Pizza
33522	Ooze Spill
33523	Oroku Saki, Shredder Rising
33524	Pain 101
33525	Paramecia Coloniex
33526	Party Dude
33527	Pizza Face, Gastromancer
33528	Prehistoric Pet
33529	Primordial Pachyderm
33530	Punk Frogs
33531	Purple Dragon Punks
33532	Putrid Pals
33533	Quintessential Katana
33534	Ragamuffin Raptor
33535	Raph & Leo, Sibling Rivals
33536	Raph & Mikey, Troublemakers
33537	Raphael's Technique
33538	Raphael, Most Attitude
33539	Raphael, Ninja Destroyer
33540	Raphael, Tough Turtle
33541	Raphael, the Nightwatcher
33542	Rat King, Verminister
33543	Ravenous Robots
33544	Ray Fillet, Man Ray
33545	Renet, Temporal Apprentice
33546	Retro-Mutation
33547	Return to the Sewers
33548	Rock Soldiers
33549	Rocksteady, Crash Courser
33550	Sally Pride, Lioness Leader
33551	Savanti Romero, Time's Exile
33552	Saved by the Shell
33553	Sewer-veillance Cam
33554	Shark Shredder, Killer Clone
33555	Shredder's Armor
33556	Shredder's Revenge
33557	Shredder's Technique
33558	Shredder, Unrelenting
33559	Skateboard
33560	Slash, Reptile Rampager
33561	Slithering Cryptid
33562	South Wind Avatar
33563	Splinter's Technique
33564	Splinter, Hamato Yoshi
33565	Splinter, Radical Rat
33566	Squirrelanoids
33567	Stockman, Mad Fly-entist
33568	Stomped by the Foot
33569	TCRI Building
33570	Tainted Treats
33571	Technodrome
33572	Tenderize
33573	The Cloning of Shredder
33574	The Last Ronin
33575	The Last Ronin's Technique
33576	The Neutrinos
33577	The Ooze
33578	Tokka & Rahzar, Terrible Twos
33579	Transdimensional Bovine
33580	Triceraton Commander
33581	Tunnel Rats
33582	Turncoat Kunoichi
33583	Turtle Blimp
33584	Turtle Lair
33585	Turtle Power!
33586	Turtle Van
33587	Turtles Forever
33588	Turtles in Time
33589	Uneasy Alliance
33590	Utrom Scientists
33591	Venus, Torn Between Worlds
33592	Weather Maker
33593	West Wind Avatar
33594	Wingnut, Bat on the Belfry
33595	Zog, Triceraton Castaway
33596	Zoo Escapees
33597	In Residence
33598	Ambitious Augmenter
33599	Antiquities on the Loose
33600	Applied Geometry
33601	Ark of Hunger
33602	Aziza, Mage Tower Captain
33603	Berta, Wise Extrapolator
33604	Blech, Loafing Pest
33605	Cauldron of Essence
33606	Choreographed Sparks
33607	Colorstorm Stallion
33608	Comforting Counsel
33609	Conciliator's Duelist
33610	Decorum Dissertation
33611	Dina's Guidance
33612	Echocasting Symposium
33613	Emeritus of Abundance // Regrowth
33614	Emeritus of Conflict // Lightning Bolt
33615	Emeritus of Ideation // Ancestral Recall
33616	Emeritus of Truce // Swords to Plowshares
33617	Emeritus of Woe // Demonic Tutor
33618	Erode
33619	Exhibition Tidecaller
33620	Fix What's Broken
33621	Flashback
33622	Geometer's Arthropod
33623	Germination Practicum
33624	Grave Researcher // Reanimate
33625	Great Hall of the Biblioplex
33626	Hardened Academic
33627	Harmonized Trio // Brainstorm
33628	Improvisation Capstone
33629	Informed Inkwright
33630	Jadzi, Steward of Fate // Oracle's Gift
33631	Joined Researchers // Secret Rendezvous
33632	Lorehold, the Historian
33633	Maelstrom Artisan // Rocket Volley
33634	Magmablood Archaic
33635	Mana Sculpt
33636	Mathemagics
33637	Mind into Matter
33638	Molten-Core Maestro
33639	Moment of Reckoning
33640	Moseo, Vein's New Dean
33641	Nita, Forum Conciliator
33642	Pensive Professor
33643	Petrified Hamlet
33644	Planar Engineering
33645	Postmortem Professor
33646	Pox Plague
33647	Practiced Offense
33648	Prismari, the Inspiration
33649	Professor Dellian Fel
33650	Quandrix, the Proof
33651	Ral Zarek, Guest Lecturer
33652	Resonating Lute
33653	Restoration Seminar
33654	Scheming Silvertongue // Sign in Blood
33655	Silverquill, the Disputant
33656	Skycoach Conductor // All Aboard
33657	Slumbering Trudge
33658	Splatter Technique
33659	Steal the Show
33660	Stirring Hopesinger
33661	Suspend Aggression
33662	The Dawning Archaic
33663	Together as One
33664	Tragedy Feaster
33665	Traumatic Critique
33666	Vastlands Scavenger // Bind to Life
33667	Vicious Rivalry
33668	Wildgrowth Archaic
33669	Wisdom of Ages
33670	Witherbloom, the Balancer
33671	Withering Curse
33672	Zaffai and the Tempests
33673	Abstract Performance
33674	Advanced Reconstruction
33675	Augusta, Order Returned
33676	Brass Infiniscope
33677	Ceaseless Conflict
33678	Changing Loyalty
33679	Coastal Peak
33680	Coercive Impetus
33681	Defacing Duskmage // Vandal's Edit
33682	Defiling Daemogoth
33683	Dina, Essence Brewer
33684	Dirgur Focusmage // Braingeyser
33685	Eccentric Pestfinder // Turn Stones
33686	Eclipsed Steppe
33687	Eiganjo Dynastorian // Replenish
33688	Excava, the Risen Past
33689	Expansion Algorithm
33690	Fateful Tempest
33691	Feral Appetite
33692	Forum Filibuster
33693	Furygale Flocking
33694	Gorma, the Gullet
33695	Herald of Amity
33696	Immoral Bargain
33697	Inspired Skypainter // Maestro's Gift
33698	Intermediate Chirography
33699	Killian, Decisive Mentor
33700	Kinetic Ooze
33701	Lattice Library
33702	Leitmotif Composer
33703	Lorehold Archivist // Restore Relic
33704	Merchant of Venom
33705	Muddle, the Ever-Changing
33706	Naktamun Lorespinner // Wheel of Fortune
33707	Nev, the Practical Dean
33708	Nexus Mentality
33709	Ominous Harvest
33710	Owlin Spiralmancer
33711	Pest Rescuer
33712	Primo, the Unbounded
33713	Prismari Pianist
33714	Quintorius, History Chaser
33715	Relic Retriever
33716	Renegade Bull
33717	Ribtruss Roaster
33718	Rootha, Mastering the Moment
33719	Scorched Geyser
33720	Scriv, the Obligator
33721	Spirit of Resilience
33722	Stensian Sanguinist // Exsanguinate
33723	Striding Shotcaller // Run the Play
33724	Turbulent Fen
33725	Turbulent Moor
33726	Turbulent Springs
33727	Turbulent Steppe
33728	Turbulent Wilderness
33729	Umbral Expanse
33730	Vanguard of the Restless
33731	Yavimaya Bloomsage // Channel
33732	Zimone, Infinite Analyst
33733	Aberrant Manawurm
33734	Abigale, Poet Laureate // Heroic Stanza
33735	Abstract Paintmage
33736	Additive Evolution
33737	Adventurous Eater // Have a Bite
33738	Ajani's Response
33739	Arcane Omens
33740	Archaic's Agony
33741	Arnyn, Deathbloom Botanist
33742	Artistic Process
33743	Ascendant Dustspeaker
33744	Banishing Betrayal
33745	Biblioplex Tomekeeper
33746	Blazing Firesinger // Seething Song
33747	Bogwater Lumaret
33748	Borrowed Knowledge
33749	Brush Off
33750	Burrog Banemaker
33751	Burrog Barrage
33752	Campus Composer // Aqueous Aria
33753	Charging Strifeknight
33754	Chase Inspiration
33755	Cheerful Osteomancer // Raise Dead
33756	Chelonian Tackle
33757	Colossus of the Blood Age
33758	Cost of Brilliance
33759	Cuboid Colony
33760	Daydream
33761	Deluge Virtuoso
33762	Diary of Dreams
33763	Dig Site Inventory
33764	Dissection Practice
33765	Divergent Equation
33766	Duel Tactics
33767	Eager Glyphmage
33768	Efflorescence
33769	Elemental Mascot
33770	Elite Interceptor // Rejoinder
33771	Embrace the Paradox
33772	Emil, Vastlands Roamer
33773	Encouraging Aviator // Jump
33774	End of the Hunt
33775	Ennis, Debate Moderator
33776	Environmental Scientist
33777	Essenceknit Scholar
33778	Eternal Student
33779	Expressive Firedancer
33780	Fields of Strife
33781	Flow State
33782	Follow the Lumarets
33783	Foolish Fate
33784	Forum Necroscribe
33785	Forum of Amity
33786	Fractal Anomaly
33787	Fractal Mascot
33788	Fractal Tender
33789	Fractalize
33790	Garrison Excavator
33791	Glorious Decay
33792	Goblin Glasswright // Craft with Pride
33793	Graduation Day
33794	Grapple with Death
33795	Group Project
33796	Growth Curve
33797	Harsh Annotation
33798	Heated Argument
33799	Homesickness
33800	Honorbound Page // Forum's Favor
33801	Hungry Graffalon
33802	Hydro-Channeler
33803	Imperious Inkmage
33804	Impractical Joke
33805	Infirmary Healer // Stream of Life
33806	Inkling Mascot
33807	Inkshape Demonstrator
33808	Interjection
33809	Killian's Confidence
33810	Kirol, History Buff // Pack a Punch
33811	Landscape Painter // Vibrant Idea
33812	Lecturing Scornmage
33813	Leech Collector // Bloodletting
33814	Living History
33815	Lluwen, Exchange Student // Pest Friend
33816	Lorehold Charm
33817	Lumaret's Favor
33818	Mage Tower Referee
33819	Masterful Flourish
33820	Matterbending Mage
33821	Melancholic Poet
33822	Mica, Reader of Ruins
33823	Mind Roots
33824	Mindful Biomancer
33825	Molten Note
33826	Muse Seeker
33827	Muse's Encouragement
33828	Noxious Newt
33829	Old-Growth Educator
33830	Oracle's Restoration
33831	Orysa, Tide Choreographer
33832	Owlin Historian
33833	Page, Loose Leaf
33834	Paradox Gardens
33835	Paradox Surveyor
33836	Pest Mascot
33837	Pestbrood Sloth
33838	Pigment Wrangler // Striking Palette
33839	Poisoner's Apprentice
33840	Potioner's Trove
33841	Practiced Scrollsmith
33842	Primary Research
33843	Prismari Charm
33844	Procrastinate
33845	Proctor's Gaze
33846	Pterafractyl
33847	Pull from the Grave
33848	Pursue the Past
33849	Quandrix Charm
33850	Quill-Blade Laureate // Twofold Intent
33851	Rabid Attack
33852	Rancorous Archaic
33853	Rapier Wit
33854	Rapturous Moment
33855	Rearing Embermare
33856	Rehearsed Debater
33857	Render Speechless
33858	Root Manipulation
33859	Rubble Rouser
33860	Run Behind
33861	Sanar, Unfinished Genius // Wild Idea
33862	Scathing Shadelock // Venomous Words
33863	Scolding Administrator
33864	Send in the Pest
33865	Shattered Acolyte
33866	Shopkeeper's Bane
33867	Silverquill Charm
33868	Skycoach Waypoint
33869	Snarl Song
33870	Sneering Shadewriter
33871	Snooping Page
33872	Soaring Stoneglider
33873	Social Snub
33874	Spectacle Summit
33875	Spectacular Skywhale
33876	Spellbook Seeker // Careful Study
33877	Spirit Mascot
33878	Spiritcall Enthusiast // Scrollboost
33879	Stadium Tidalmage
33880	Stand Up for Yourself
33881	Startled Relic Sloth
33882	Stirring Honormancer
33883	Stone Docent
33884	Stress Dream
33885	Strife Scholar // Awaken the Ages
33886	Strixhaven Skycoach
33887	Studious First-Year // Rampant Growth
33888	Summoned Dromedary
33889	Sundering Archaic
33890	Tablet of Discovery
33891	Tackle Artist
33892	Tam, Observant Sequencer // Deep Sight
33893	Teacher's Pest
33894	Tenured Concocter
33895	Tester of the Tangential
33896	Textbook Tabulator
33897	Thornfist Striker
33898	Thunderdrum Soloist
33899	Titan's Grave
33900	Tome Blast
33901	Topiary Lecturer
33902	Transcendent Archaic
33903	Ulna Alley Shopkeep
33904	Unsubtle Mockery
33905	Vibrant Outburst
33906	Visionary's Dance
33907	Wander Off
33908	Wild Hypothesis
33909	Wilt in the Heat
33910	Witherbloom Charm
33911	Zealous Lorecaster
33912	Zimone's Experiment
33913	A Chaotic Night in Vegas
33914	A Container of Booster Packs
33915	Artist Alley
33916	Auntie Ant, Ant Auntie
33917	Bin Chicken
33918	Blended Twistling
33919	Colorless Ultimatum
33920	Crow Scarer
33921	Drop Bear
33922	Everyone's an Imposter
33923	Evy, Fang Keeper
33924	Fear (Not the Alpha One) // Loathing
33925	Land Station
33926	Occupation of Kulrath
33927	Rat of God
33928	Spare Changeling
33929	The Ancient Dingus
33930	The Bearded Teakeeper
33931	The Bird Champion
33932	The Bringer of the Red Beard
33933	The Cookout Creator
33934	The Five Stages of Grief
33935	The Goblin Mastermind
33936	The Goblin Sparring Grounds
33937	The Good Gamers
33938	The Ice Dancer
33939	The Karfell Rocker
33940	The Playful Winners
33941	The Sad Creaturez
33942	The Salubrious Philosopher
33943	The Strixhaven-Lorwyn Rover
33944	The Underworld Fantasy Queen
33945	The Whiteboarder
33946	The Wizardly Barge
33947	Tinfoil Helm
33948	Uh, Squen & Cragg Made a Card
33949	Welcome to Australia
33950	Wurmcoil Broodmother
33951	Yeah Nah // Nah Yeah
33952	Red Mana
33953	Storm Counter
33954	Advanced Floral Invocations
33955	Algorithmic Ferocity
33956	Anina, Natural Parallelist
33957	Archaeomancer's Spade
33958	Blood Age Muster
33959	Consumed by History
33960	Corpseweaver Prodigy
33961	Crescendo Conductor // Boltwave
33962	Distracted Botanist
33963	Expansive Reapplication
33964	Feed the Bog
33965	Galathul Galecaller // Corvid Squall
33966	Glorifying Verse
33967	Grave Studies
33968	Head of the Class
33969	Honor the Past
33970	Impose Hierarchy
33971	Inspiring Easel
33972	Interdisciplinary Studies
33973	Paradigm Shifter
33974	Phoenix of Iteration
33975	Scalar Scholar
33976	Scintillating Encore
33977	Soovril, Patient Antiquarian
33978	Summitfest Closing Ceremony
33979	Sundering Sentinel
33980	The Mystical Archive
33981	Unbreakable Remnant
33982	Ursine Guide // Ranger's Merit
33983	Variable Solutions
33984	Loki, God of Mischief
33985	A.I.M. Bot
33986	Abomination, Irradiated Brute
33987	Abomination, World Ravager
33988	Absorbing Man and Titania
33989	Accelerated Evolution
33990	Advancing the Spirit
33991	Age of Ultron
33992	Alex Wilder, Runaway
33993	Alicia Masters, Skilled Sculptor
33994	Amazing Spider-Girl
33995	Ancestral Communion
33996	Ant-Man's Air Force
33997	Ant-Man, Elusive Avenger
33998	Ant-Man, Reformed Rogue
33999	Ant-Man, Scott Lang
34000	Archnemesis
34001	Armed Assailant
34002	Asgardian Inspiration
34003	Astonishing Spider-Man
34004	Atlantean Skirmisher
34005	Atlas, Sizable Stooge
34006	Avenge
34007	Avengers Quinjet
34008	Bast, Panther Goddess
34009	Batroc the Leaper
34010	Beast Mode
34011	Big Bertha
34012	Big Wheel
34013	Bionic Blow
34014	Black Bolt, Inhuman King
34015	Black Panther, Claws of Bast
34016	Black Panther, Most Dangerous
34017	Black Tom Cassidy
34018	Black Widow, Agile Avenger
34019	Black Widow, Daring Operative
34020	Black Widow, Deadly Hunter
34021	Black Widow, Intel Expert
34022	Black Widow, Natasha Romanoff
34023	Blue Marvel, Adam Brashear
34024	Blur of Heroism
34025	Bob, Reluctant HYDRA Agent
34026	Boomerang, Blade Flinger
34027	Brawn, Amadeus Cho
34028	Bucky Barnes, Eager Ally
34029	Bushmaster, Coiled Henchman
34030	Captain America's Motorcycle
34031	Captain America, Liberator
34032	Captain America, Skybound
34033	Captain America, Steve Rogers
34034	Captain America, Team Leader
34035	Captain America, Unbowed
34036	Captain Marvel, Apex Avenger
34037	Captain Marvel, Shooting Star
34038	Captain's Defense
34039	Chase Stein, Runaway
34040	Citizen V, Helmut Zemo
34041	Collector's Case
34042	Colossal Collision
34043	Colossus, Steel Stalwart
34044	Concentrated Fire
34045	Contract Hero
34046	Cosmic Crucible
34047	Council of Reeds
34048	Count Nefaria
34049	Criminal Enterprise
34050	Crimson Cowl, Master of Evil
34051	Crimson Operative
34052	Crossover Collaboration
34053	Crystal, Inhuman Princess
34054	Daily Bugle Newspaper
34055	Damocles Base, Sword of Kang
34056	Daredevil's Billy Club
34057	Daredevil, Fearless Fighter
34058	Darwin, Adaptive Mutant
34059	Daughter of the Deep
34060	Devil Dinosaur
34061	Director Nick Fury
34062	Dismissive Denial
34063	Doctor Doom, King of Latveria
34064	Doctor Doom, Unrivaled
34065	Doctor Jane Foster
34066	Doctor Spectrum
34067	Doctor Strange, Surgeon
34068	Donald Blake, Guise of Thor
34069	Doom's Servo-Guards
34070	Doom's Time Platform
34071	Doombot Harbinger
34072	Doorman
34073	Dora Milaje Elite
34074	Dragon Man, Reformed Robot
34075	Elektra, Femme Fatale
34076	Endless Ranks of HYDRA
34077	Everett K. Ross, Hapless Attaché
34078	Experimental Armor
34079	Extract Power
34080	Extremis Elite
34081	Falcon and Redwing
34082	Falcon, Joaquin Torres
34083	Fall to Earth
34084	Fantastic Bounce
34085	Fantastic Elasticity
34086	Feral Ferocity
34087	Fight for the Throne
34088	Firebird, Blazing Ranger
34089	First Family
34090	Fixer, Techno Terror
34091	Flame On!
34092	Flatman
34093	Flora Colossus
34094	Flying Drone
34095	Foggy Nelson, On Retainer
34096	Fogwell's Gym
34097	Franklin Richards, Ascendant
34098	Furious Strength
34099	Galactus, Devourer of Worlds
34100	Gamma Grotesque
34101	General Thunderbolt Ross
34102	Gert and Old Lace, Runaways
34103	Giant-Man, Gargantuan Genius
34104	Glamorous Grapplers
34105	Glorious Purpose
34106	Goliath, Mass Manipulator
34107	Graviton, Fundamental Force
34108	Green Goblin, Back for More
34109	Grim Reaper's Scythe
34110	H.E.R.B.I.E., Lovable Robot
34111	HYDRA Disintegrator
34112	Hammerhead, Maggia Boss
34113	Happy Hogan, Bodyguard
34114	Happy Hogan, Dauntless Driver
34115	Hatut Zeraze Strike Force
34116	Hawkeye's Shot
34117	Hawkeye, Avenging Archer
34118	Hawkeye, Bowslinger
34119	Hawkeye, Clint Barton
34120	Hawkeye, Trick Shot
34121	Heart-Shaped Herb
34122	Helmut Zemo, Mastermind
34123	Hercules, Olympian Hero
34124	Hero in Training
34125	Heroes for Hire
34126	Heroic Return
34127	Heroic Sacrifice
34128	Heroic Teamwork
34129	Hit-Monkey
34130	Hulk's Thunderclap
34131	Hulk, Always Angry
34132	Hulk, Bruce Banner
34133	Hulk, Brutal Brawler
34134	Hulk, Strongest There Is
34135	Hulkbuster Armor
34136	Hulkling, Young Avenger
34137	Human Torch
34138	Hyperion's Atomic Vision
34139	Hyperion, Supreme Hero
34140	Iceman and Firestar
34141	Iconic Shield
34142	Immortus, Master of Eternity
34143	Imperial Cosmographer
34144	Impossible Man
34145	Infernal Rebirth
34146	Infinity Formula
34147	Inspired Fire
34148	Intrepid Ace
34149	Invisible Force Field
34150	Invisible Woman
34151	Iron Fist, Hero for Hire
34152	Iron Lad, Young Avenger
34153	Iron Man, Armored Avenger
34154	Iron Man, Bleeding Edge
34155	Iron Man, Futurist Paragon
34156	Iron Man, Modern Marvel
34157	Iron Man, Tony Stark
34158	Iron Monger, Sadistic Tycoon
34159	Iron Suitcase
34160	It's Clobberin' Time!
34161	Jack of Hearts, Volatile Hero
34162	Jarvis, Earth's Mightiest Butler
34163	Jocasta, Automaton Avenger
34164	Kang Dynasty
34165	Kang Prime
34166	Karolina Dean, Runaway
34167	Killmonger, Ruthless Usurper
34168	Kimoyo Beads
34169	King Solomon's Frogs
34170	Kingpin, Wilson Fisk
34171	Klaw, Master of Sound
34172	Lady Loki, Agent of Chaos
34173	Lady Spider, Maybelle Reilly
34174	Living Laser
34175	Living Lies of Loki
34176	Living Lightning, Charged Up
34177	Lockjaw, Slobbering Teleporter
34178	Loki's Scepter
34179	Loki, God of Lies
34180	Loki, Lord of Misrule
34181	Loki, the Deceiver
34182	Love on the Battlefield
34183	Lucky the Pizza Dog
34184	Luke Cage, Hero for Hire
34185	M'Baku, Jabari Chieftain
34186	M.O.D.O.K., Evil Intellect
34187	MACH-1, Swooping Scoundrel
34188	Machine Man, Model X-51
34189	Madame Hydra, Reanimated
34190	Mandroid Squadron
34191	Marvel Boy, Noh-Varr
34192	Marvelous Melee
34193	Matt Murdock, Justice Seeker
34194	Medusa, Inhuman Queen
34195	Methods of the Mighty
34196	Midnight Angel Armor
34197	Minion Missile
34198	Minotaur, Roxxon CEO
34199	Mister Fantastic
34200	Mister Immortal
34201	Mjölnir's Might
34202	Mockingbird, Bobbi Morse
34203	Molecule Man
34204	Molly Hayes, Runaway
34205	Molten Lavamancer
34206	Moon-Boy, Dino Rider
34207	Ms. Marvel, Elastic Ally
34208	Multiversal Recruitment
34209	Mysterio's Mirage
34210	N'Yami-Class Mother Ship
34211	Nakia, Wakandan Operative
34212	Namor, Atlantean King
34213	Namor, Scourge of the Seas
34214	Namora, the Sea Queen
34215	Negative Zone Portal
34216	Nick Fury, Spymaster
34217	Nico Minoru, Runaway
34218	Nighthawk, Dark Defender
34219	Nova Flame
34220	Okoye, Mighty and Adored
34221	Origin of Black Widow
34222	Origin of Captain America
34223	Origin of Iron Man
34224	Origin of Thor
34225	Origin of the Hulk
34226	Panther Habit
34227	Panther Robot
34228	Patriot, Young Avenger
34229	Peggy Carter, Secret Agent
34230	Pharaoh Rama-Tut
34231	Photon, Lady of Light
34232	Photon, Mighty Marvel
34233	Pick Up the Pace
34234	Power Boost
34235	Power Pack
34236	Professor Hulk
34237	Puppet Master, String Puller
34238	Quantum Entanglement
34239	Quantum Reduction
34240	Queen Mother Ramonda
34241	Quicksilver, Pietro Maximoff
34242	Quicksilver, Speedster
34243	Quinjet Technician
34244	Radioactive Man
34245	Red Ghost, Intangible Genius
34246	Reed Richards, Smartest Man
34247	Repulsor Bots
34248	Repulsor Rays
34249	Rescue, Pepper Potts
34250	Return of the Mole Man
34251	Rhino, Terrible Trampler
34252	Royal Talon Fighter Jet
34253	Sadistic Slash
34254	Sauron, Dino Devotee
34255	Scarlet Witch, Chaotic Avenger
34256	Scarlet Witch, Wanda Maximoff
34257	Secure Detention
34258	Shang-Chi and the Ten Rings
34259	Shang-Chi, Martial Mentor
34260	She-Hulk, Attorney-at-Law
34261	She-Hulk, Jennifer Walters
34262	She-Hulk, Wallbreaker
34263	Shi'ar Soldier
34264	Shipwreck Patrol
34265	Shuri's Fabricator
34266	Shuri, Vibranium Technologist
34267	Shuri, the Black Panther
34268	Sif's Spearmaster
34269	Silver Surfer, Cosmic Voyager
34270	Silver Surfer, Galactus's Herald
34271	Sky Cycle
34272	Smashing Spree
34273	Soldier On
34274	Songbird, Sonic Screamer
34275	Spaceshift
34276	Spider-Man, Hometown Hero
34277	Spider-Man, New Champion
34278	Spider-Man, Web-Spinner
34279	Stark's Ingenuity
34280	Stature, Young Avenger
34281	Stick, Fearless Mentor
34282	Stilt-Man, Towering Terror
34283	Storm, Queen of Wakanda
34284	Storm, Shaker of Skies
34285	Strategic Intervention
34286	Stunning Shot
34287	Swordsman's Steel
34288	T'Chaka, Venerable King
34289	T'Challa, the Black Panther
34290	TVA Bureaucrat
34291	Team Transmitter
34292	Thanos, Death's Consort
34293	The Fabulous Frog-Man
34294	The Falcon, Sam Wilson
34295	The Fantastic Four
34296	The Fantasticar
34297	The Frightful Four
34298	The Great Mound
34299	The Howling Commandos
34300	The Immortal Weapons
34301	The Spear of Bashenga
34302	The Squadron Sinister
34303	The Thanos-Copter
34304	The Thing
34305	The Vision and Scarlet Witch
34306	The Wasp, Janet Van Dyne
34307	The Wasp, Winsome Avenger
34308	The Whizzer, Classic Speedster
34309	Thing Swing
34310	Thor, Asgard's Avenger
34311	Thor, Guardian of Midgard
34312	Tiger Shark, Abyssal Hunter
34313	Timeline Inquiry
34314	Tippy-Toe, Terrific Partner
34315	Titania, Proud Pummeler
34316	Titanium Man
34317	Tri-Sentinel, Act of Vengeance
34318	Typhoid Mary, Fractured
34319	Ultimate Alliance
34320	Ultimate Nullification
34321	Ultimo, Civilization's End
34322	Ultron the Annihilator
34323	Ultron's Auxiliary
34324	Ultron, Machine Overlord
34325	Ultron, Unlimited
34326	Undead Hand Ninja
34327	Unstable Molecule Suit
34328	Valentina Allegra de Fontaine
34329	Valeria Richards, Precocious
34330	Valkyrior Skyrider
34331	Vault Guardsman
34332	Vibranium Mining Mech
34333	Vibranium Strike Gauntlets
34334	Victor Mancha, Runaway
34335	Victor Timely, Wily Tycoon
34336	Villainous Syndication
34337	Viper, Cruel Conspirator
34338	Virtual Assistant
34339	Virtuous Variant
34340	Vision, Spectral Synthezoid
34341	Vision, Synthezoid Avenger
34342	Void Helix
34343	Voltaic Whip
34344	Voracious Brood
34345	Vulture, Feathered Fiend
34346	W'Kabi, Shield of the Nation
34347	Wakanda Forever!
34348	Wakandan Shield Guard
34349	Wakandan Tusker
34350	Wall Off
34351	Wanda's Vision
34352	War Machine, Avenging Arsenal
34353	War Machine, James Rhodes
34354	Warriors of Wakanda
34355	Wasp, Shrinking Savior
34356	West Coast Expansion
34357	Whirlwind, Killer Cyclone
34358	White Tiger, Amulet Keeper
34359	White Widow, Yelena Belova
34360	Wiccan, Young Avenger
34361	Willie Lumpkin, Postman
34362	Winter Soldier, Bucky Barnes
34363	Winter Soldier, Reborn Avenger
34364	Wolfsbane, Highland Hero
34365	Wolverine, Claws Out
34366	Wondrous Revival
34367	X-23, Deadly Weapon
34368	Zarda, the Power Princess
34369	Zuri, Warrior of Wakanda
34370	A.I.M. Labs
34371	A.I.M. Scientists
34372	A.I.M. Synthoids
34373	Abomination, Terrifying Titan
34374	Absorbing Man
34375	Aerial Doombot
34376	Agent 13, Sharon Carter
34377	Agent Maria Hill
34378	Agent Phil Coulson
34379	Agent of Atlas
34380	Agents of HYDRA
34381	Agents of S.H.I.E.L.D.
34382	Alien Invasion
34383	Ant-Man's Army
34384	Ant-Man, Colony Commander
34385	Arc Reactor
34386	Ares, God of War
34387	Armor Wars
34388	Arnim Zola, Bio-Fanatic
34389	Asgardian Citadel
34390	Atlantean Cavalry
34391	Atlantis Attacks
34392	Attuma, Atlantean Warlord
34393	Avengers Assemble!
34394	Avengers Disassembled
34395	Avengers Hangar
34396	Avengers Tower
34397	Avengers: Under Siege
34398	Baron Helmut Zemo
34399	Baron Strucker, HYDRA Overlord
34400	Baxter Building
34401	Beast, Erudite Aerialist
34402	Birnin Zana Plaza
34403	Black Panther, Vanguard
34404	Black Widow, Double Agent
34405	Black Widow, Super Spy
34406	Bold Biochemist
34407	Borough Backup
34408	Brave Brawler
34409	Bruce Banner // The Incredible Hulk
34410	Bullseye, Death Dealer
34411	Call Damage Control
34412	Captain America's Shield
34413	Captain America, Living Legend
34414	Captain America, Super-Soldier
34415	Captain America, Wings of Freedom
34416	Captain Mar-Vell, Space-Born
34417	Captain Marvel, Earth's Protector
34418	Castle Doom
34419	Claim the Kingdom
34420	Cloak and Dagger, Entwined
34421	Colleen Wing, Street Samurai
34422	Construct a Cosmic Cube
34423	Cosmic Cube
34424	Crossbones, Malicious Mercenary
34425	Crowd of True Believers
34426	Cruel Alliance
34427	Daredevil, Man Without Fear
34428	Dark Deed
34429	Dark Fortress
34430	Death to Our Enemies
34431	Decoy Ploy
34432	Dependable Quinjet
34433	Depower
34434	Doc Samson, Super Psychiatrist
34435	Doctor Doom
34436	Doom Reigns Supreme
34437	Earth's Mightiest Heroes
34438	Echo, Perceptive Prodigy
34439	Elektra, Daughter of the Hand
34440	Epic Fight
34441	Evil's Thrall
34442	Falcon's Wing Harness
34443	Falcon, Winged Wonder
34444	Fin Fang Foom
34445	Fisk Tower
34446	Frozen in Ice
34447	Futurist Forge
34448	Gathering Place
34449	Ghost, Spectral Saboteur
34450	Giant-Sized Flying Ant
34451	Gleaming Bastion
34452	Go Nuts!
34453	Grim Reaper, Lethal Legionnaire
34454	Guerrilla Gorilla
34455	H.E.R.B.I.E. Scout Unit
34456	HULK SMASH!
34457	HYDRA Assault Robot
34458	HYDRA Infiltration
34459	HYDRA Troopers
34460	Hawkeye's Bow
34461	Hawkeye, Master Marksman
34462	Hawkeye, Young Avenger
34463	Helicarrier Strike
34464	Hell's Kitchen
34465	Hellcat, Undying Vigilante
34466	Hercules, Prince of Power
34467	Heroic Feast
34468	Hex Magic
34469	Hidden Lair
34470	Hire a Crew
34471	Hour of Defeat
34472	Hulk, Gamma Goliath
34473	Hulkling, Burgeoning Bruiser
34474	Human Torch, Johnny Storm
34475	Hydraulic Helper
34476	I Am Iron Man
34477	Invisible Woman, Sue Storm
34478	Iron Fist, Living Weapon
34479	Iron Lad, Diverging Destiny
34480	Iron Man Armor
34481	Iron Man, Master of Machines
34482	Ironheart, Clever Champion
34483	Jennifer Walters // The Sensational She-Hulk
34484	Jessica Jones, Private Eye
34485	Justice, Vance Astrovik
34486	K'un-Lun Warrior
34487	Ka-Zar of the Savage Land
34488	Kang the Conqueror
34489	Kang, Temporal Tyrant
34490	Kid Loki
34491	Killmonger, Scourge of Wakanda
34492	King T'Challa // Black Panther, Hope Enduring
34493	Kingpin's Enforcers
34494	Klaw, Sonic Subjugator
34495	Knight of Wundagore
34496	Kree Commandos
34497	Kree Sentinel
34498	Leader, Super-Genius
34499	Loki Laufeyson
34500	Los Diablos Missile Base
34501	Luke Cage, Power Man
34502	M.O.D.O.K.
34503	Machinesmith Automaton
34504	Madame Hydra
34505	Madame Masque
34506	Mister Fantastic, Reed Richards
34507	Mister Hyde, Monster Within
34508	Misty Knight, Hero for Hire
34509	Mjölnir, Hammer of Thor
34510	Mockingbird, Ace Agent
34511	Mole Man, Moloid Master
34512	Monica Rambeau // Photon, Living Light
34513	Moon Girl and Devil Dinosaur
34514	Moonstone, Harsh Mistress
34515	Ms. Marvel, Kamala Khan
34516	Multiversal Incursion
34517	Murdock's Crusade
34518	Namor the Sub-Mariner
34519	Nick Fury, Agent of S.H.I.E.L.D.
34520	Night Nurse, Healer of Heroes
34521	Ninja of the Hand
34522	Okoye, Dora Milaje Leader
34523	Origin of the Avengers
34524	Panther Pounce
34525	Patriot, Shield Wielder
34526	Pet Avengers
34527	Photon Blast Barrage
34528	Political Triumph
34529	Powerful Broker
34530	Project Deathlok Soldier
34531	Punishing Punch
34532	Pym Particles
34533	Pym Technologies
34534	Quake, Agent of S.H.I.E.L.D.
34535	Quicksilver, Brash Blur
34536	Raft Security Officer
34537	Rapid Rescue
34538	Red Guardian, Super-Soldier
34539	Red Hulk
34540	Red Room Recruit
34541	Reptil, Dinomorpher
34542	Repulsor Blast
34543	Restorative Technique
34544	Rewrite History
34545	Rick Jones, Destined Sidekick
34546	Robot Domination
34547	Ronin, Shadow Stalker
34548	Roxxon Brutes
34549	S.H.I.E.L.D. Deployment Drone
34550	S.H.I.E.L.D. Flying Car
34551	S.H.I.E.L.D. Helicarrier
34552	S.H.I.E.L.D. Spy Kit
34553	Savage Land Dinosaur
34554	Scientist Supreme of A.I.M.
34555	Secret Invasion
34556	Serpent Specialist
34557	Shang-Chi, Master of Kung Fu
34558	She-Hulk, Jade Defender
34559	Shuri, Wakandan Inventor
34560	Speed, Young Avenger
34561	Speedball, New Warrior
34562	Spider-Man, To the Rescue
34563	Spider-Woman, Secret Agent
34564	Stark Industries
34565	Stark Industries Executive
34566	Stature, Size Shifter
34567	Stolen Stark Tech
34568	Storm, Windrider
34569	Subterranean Cavern
34570	Super Intelligence
34571	Super Speed
34572	Super Strength
34573	Super Suit
34574	Super Villain Lockup
34575	Super-Adaptoid
34576	Super-Skrull
34577	Super-Soldier Serum
34578	Surveillance Room
34579	Swordsman, Sharp Scoundrel
34580	Taskmaster, Mercenary Mimic
34581	Team Tactics
34582	Thanos, the Mad Titan
34583	The Astonishing Ant-Man
34584	The Coming of Galactus
34585	The Kingpin of Crime
34586	The Masters of Evil
34587	The Mighty Thor, Jane Foster
34588	The Mind Stone
34589	The Ruinous Wrecking Crew
34590	The Scarlet Witch
34591	The Sentry, Golden Guardian
34592	The Serpent Society
34593	The Super Hero Civil War
34594	The Ten Rings
34595	The Thing, Ben Grimm
34596	The Unbeatable Squirrel Girl
34597	The Vision
34598	The Wondrous Wasp
34599	Thor Odinson
34600	Thor, God of Thunder
34601	Thunderbolts Conspiracy
34602	Tigra, Feline Fury
34603	Titania, Rugged Rumbler
34604	Tony Stark // The Invincible Iron Man
34605	Too Evil to Stay Dead
34606	Training Compound
34607	Training Regimen
34608	Trickster's Stratagem
34609	Truck Toss
34610	U.S.Agent, John Walker
34611	Ultron Drone
34612	Ultron, Artificial Malevolence
34613	Undercover Skrull
34614	Unliving Legionnaire
34615	Vibranium Energy Daggers
34616	Villainous Hideout
34617	Vision Quest
34618	Vision of Love
34619	Visions of Villainy
34620	Viv Vision, Teen Synthezoid
34621	Volcanic Villain
34622	Wakandan Drone Flock
34623	Wakandan Royal Guard
34624	War Machine, Legacy of Iron
34625	We Say Thee Nay!
34626	Whiplash, Vengeful Engineer
34627	White Tiger, Ava Ayala
34628	White Widow, Free Agent
34629	Wiccan, Rising Magician
34630	Widow's Bite
34631	Winter Soldier, Icy Assassin
34632	Wolverine, Fierce Fighter
34633	Wonder Man, Hollywood Hero
34634	World War Hulk
34635	Worlds Within Worlds
34636	Yellowjacket, Heartless Marauder
34637	Bicycle Elemental
34638	Tom, Bert, and William
34639	An Unexpected Party // At the Door
34640	Bilbo, Luckwearer // Burglar's Plot
34641	Bilbo, Thief in the Night
34642	My Precious // Allure of Power
34643	Riddles in the Dark
34644	Smaug the Magnificent
34645	The Arkenstone // Seek the Heart
34646	Thorin, Mountain-king
34647	Bloodline Recollector // Ancestral Craving
34648	Chandra, Chill of Compliance
34649	Stingcaster Mage
34650	Captain Kirk, Boldly Going
